{
  "type": "FeatureCollection",
  "features": [
    {
      "type": "Feature",
      "properties": {
        "name": "ZEIP 1",
        "sector_num": 1,
        "subzone_code": "ZEIP_1"
      },
      "geometry": {
        "type": "Polygon",
        "coordinates": [
          [
            [
              -40.35050272949599,
              -3.692908745436772
            ],
            [
              -40.35049636808775,
              -3.69290268356812
            ],
            [
              -40.35048725205624,
              -3.692893996782845
            ],
            [
              -40.35042835521532,
              -3.692833591158216
            ],
            [
              -40.35039108119646,
              -3.692799286421489
            ],
            [
              -40.35017981406019,
              -3.692582626456153
            ],
            [
              -40.35010058349221,
              -3.692497071292296
            ],
            [
              -40.35004454378635,
              -3.692442476747479
            ],
            [
              -40.34987635817067,
              -3.692269431036275
            ],
            [
              -40.34984561608315,
              -3.692234160305622
            ],
            [
              -40.34981525135193,
              -3.692200767525955
            ],
            [
              -40.34973377630079,
              -3.692103315880496
            ],
            [
              -40.34963570714601,
              -3.69221204646848
            ],
            [
              -40.34958581935209,
              -3.692278118276225
            ],
            [
              -40.34948470863692,
              -3.692412030117961
            ],
            [
              -40.34944870096276,
              -3.692451388479965
            ],
            [
              -40.34941437227177,
              -3.692482969689042
            ],
            [
              -40.3494092213887,
              -3.692486758249571
            ],
            [
              -40.34936040086732,
              -3.692522666555982
            ],
            [
              -40.34931785167602,
              -3.692547679562703
            ],
            [
              -40.3492641695044,
              -3.692575618223677
            ],
            [
              -40.34918755069295,
              -3.692607044094993
            ],
            [
              -40.34909471044948,
              -3.692632419533688
            ],
            [
              -40.34903320976782,
              -3.692641581192777
            ],
            [
              -40.34896158670867,
              -3.692641468732998
            ],
            [
              -40.34892945353663,
              -3.692638896614093
            ],
            [
              -40.34888894593168,
              -3.692632147870909
            ],
            [
              -40.34886622689915,
              -3.692625920117624
            ],
            [
              -40.34885220179606,
              -3.692619967529913
            ],
            [
              -40.34883927497358,
              -3.692614481078327
            ],
            [
              -40.34880121038287,
              -3.692591394360429
            ],
            [
              -40.34877214302224,
              -3.692568177260884
            ],
            [
              -40.3486801649515,
              -3.692476456667513
            ],
            [
              -40.34862243802652,
              -3.6924228333158
            ],
            [
              -40.34856284623564,
              -3.69235821476487
            ],
            [
              -40.34846725310717,
              -3.692455314892208
            ],
            [
              -40.34844271983558,
              -3.692486559176043
            ],
            [
              -40.34841825281852,
              -3.692537846732749
            ],
            [
              -40.34837093820722,
              -3.692658797674309
            ],
            [
              -40.34825419963757,
              -3.692595919903663
            ],
            [
              -40.34812725243873,
              -3.692451411804015
            ],
            [
              -40.3481259861916,
              -3.692453095090267
            ],
            [
              -40.3481248699441,
              -3.692454514425812
            ],
            [
              -40.34812372585544,
              -3.692455911207856
            ],
            [
              -40.34812255437702,
              -3.692457284885266
            ],
            [
              -40.34812135597104,
              -3.692458634916008
            ],
            [
              -40.34812013111031,
              -3.692459960767581
            ],
            [
              -40.3481188802781,
              -3.692461261916741
            ],
            [
              -40.34811760396792,
              -3.692462537850258
            ],
            [
              -40.34811630268334,
              -3.692463788064614
            ],
            [
              -40.34811497693776,
              -3.692465012066537
            ],
            [
              -40.34811362725424,
              -3.692466209373262
            ],
            [
              -40.3481122541653,
              -3.692467379512212
            ],
            [
              -40.34811085821267,
              -3.692468522021755
            ],
            [
              -40.34810943994714,
              -3.692469636451198
            ],
            [
              -40.34810799992825,
              -3.692470722360818
            ],
            [
              -40.34810653872417,
              -3.692471779322152
            ],
            [
              -40.3481050569114,
              -3.692472806918178
            ],
            [
              -40.34810355507459,
              -3.692473804743466
            ],
            [
              -40.34810203380626,
              -3.692474772404371
            ],
            [
              -40.34810049370662,
              -3.692475709519063
            ],
            [
              -40.34809893538333,
              -3.692476615717859
            ],
            [
              -40.34809735945119,
              -3.692477490643185
            ],
            [
              -40.34809576653199,
              -3.692478333949897
            ],
            [
              -40.3480941572542,
              -3.692479145305178
            ],
            [
              -40.34809253225276,
              -3.692479924388956
            ],
            [
              -40.34809089216879,
              -3.692480670893864
            ],
            [
              -40.34808923764938,
              -3.692481384525399
            ],
            [
              -40.34808756934732,
              -3.692482065001936
            ],
            [
              -40.34808588792081,
              -3.692482712055019
            ],
            [
              -40.34808419403326,
              -3.692483325429403
            ],
            [
              -40.34808248835299,
              -3.692483904883015
            ],
            [
              -40.34808077155294,
              -3.6924844501873
            ],
            [
              -40.34807904431049,
              -3.692484961127053
            ],
            [
              -40.34807730730709,
              -3.6924854375008
            ],
            [
              -40.34807556122808,
              -3.69248587912045
            ],
            [
              -40.34807380676236,
              -3.692486285811784
            ],
            [
              -40.34807204460213,
              -3.692486657414433
            ],
            [
              -40.34807027544266,
              -3.692486993781663
            ],
            [
              -40.34806849998196,
              -3.69248729478091
            ],
            [
              -40.34806671892051,
              -3.692487560293332
            ],
            [
              -40.34806493296104,
              -3.692487790214117
            ],
            [
              -40.34806314280816,
              -3.692487984452653
            ],
            [
              -40.34806134916818,
              -3.692488142932258
            ],
            [
              -40.34805955274878,
              -3.692488265590363
            ],
            [
              -40.3480577542587,
              -3.692488352378669
            ],
            [
              -40.34805595440756,
              -3.69248840326289
            ],
            [
              -40.34805415390544,
              -3.692488418222891
            ],
            [
              -40.34805235346275,
              -3.69248839725284
            ],
            [
              -40.34805007743488,
              -3.692488319282215
            ],
            [
              -40.34804827975249,
              -3.692488216990065
            ],
            [
              -40.34804648444712,
              -3.692488078847205
            ],
            [
              -40.34804469222709,
              -3.692487904908198
            ],
            [
              -40.34804290379954,
              -3.692487695241577
            ],
            [
              -40.34804111987008,
              -3.692487449930232
            ],
            [
              -40.34803934114252,
              -3.692487169070835
            ],
            [
              -40.34803756831865,
              -3.69248685277423
            ],
            [
              -40.34803580209795,
              -3.692486501165126
            ],
            [
              -40.34803404317725,
              -3.692486114382394
            ],
            [
              -40.34803229225052,
              -3.692485692578448
            ],
            [
              -40.34803055000861,
              -3.692485235919856
            ],
            [
              -40.34802881713886,
              -3.69248474458681
            ],
            [
              -40.34802709432501,
              -3.692484218773083
            ],
            [
              -40.34802538224677,
              -3.692483658686116
            ],
            [
              -40.34802368157962,
              -3.692483064547004
            ],
            [
              -40.34802199299455,
              -3.692482436589986
            ],
            [
              -40.34802031715779,
              -3.692481775063043
            ],
            [
              -40.34801865473052,
              -3.692481080226993
            ],
            [
              -40.34801700636865,
              -3.692480352355962
            ],
            [
              -40.34801537272253,
              -3.692479591737221
            ],
            [
              -40.3480137544367,
              -3.692478798670871
            ],
            [
              -40.34801215214965,
              -3.692477973469793
            ],
            [
              -40.34801056649354,
              -3.69247711645961
            ],
            [
              -40.348008998094,
              -3.692476227978339
            ],
            [
              -40.34800744756983,
              -3.692475308376546
            ],
            [
              -40.34800591553275,
              -3.692474358017114
            ],
            [
              -40.34800440258726,
              -3.692473377275022
            ],
            [
              -40.34800290933024,
              -3.692472366537138
            ],
            [
              -40.34800143635088,
              -3.692471326202262
            ],
            [
              -40.34799998423032,
              -3.692470256680891
            ],
            [
              -40.34799855354149,
              -3.692469158394963
            ],
            [
              -40.34799714484885,
              -3.692468031777863
            ],
            [
              -40.34799575870819,
              -3.692466877273993
            ],
            [
              -40.34799439566643,
              -3.692465695338898
            ],
            [
              -40.34799305626132,
              -3.692464486438881
            ],
            [
              -40.34799174102132,
              -3.692463251051024
            ],
            [
              -40.34799045046537,
              -3.692461989662599
            ],
            [
              -40.34798918510262,
              -3.692460702771287
            ],
            [
              -40.34798794543233,
              -3.692459390884911
            ],
            [
              -40.34798673194359,
              -3.692458054520959
            ],
            [
              -40.3479855451152,
              -3.692456694206826
            ],
            [
              -40.34798438541539,
              -3.692455310479106
            ],
            [
              -40.34798325330173,
              -3.692453903883754
            ],
            [
              -40.34798214922088,
              -3.692452474975792
            ],
            [
              -40.34798107360843,
              -3.692451024318919
            ],
            [
              -40.34798002688879,
              -3.692449552485458
            ],
            [
              -40.34797900947492,
              -3.692448060056238
            ],
            [
              -40.34797802176824,
              -3.692446547620011
            ],
            [
              -40.34797706415844,
              -3.692445015773427
            ],
            [
              -40.34797613702332,
              -3.692443465121038
            ],
            [
              -40.34797524072872,
              -3.692441896274479
            ],
            [
              -40.34797437562823,
              -3.69244030985286
            ],
            [
              -40.34797354206317,
              -3.692438706481969
            ],
            [
              -40.34797274036244,
              -3.692437086794431
            ],
            [
              -40.34797197084234,
              -3.692435451429382
            ],
            [
              -40.34797123380645,
              -3.692433801032051
            ],
            [
              -40.34797063090602,
              -3.692432096564456
            ],
            [
              -40.3479699964971,
              -3.692430403678464
            ],
            [
              -40.34796933079996,
              -3.692428722962012
            ],
            [
              -40.34796863404576,
              -3.692427054998476
            ],
            [
              -40.34796790647641,
              -3.692425400367215
            ],
            [
              -40.34796714834455,
              -3.692423759642529
            ],
            [
              -40.34796554145672,
              -3.692420522187074
            ],
            [
              -40.34796381561386,
              -3.692417347128043
            ],
            [
              -40.34796290882691,
              -3.692415784378637
            ],
            [
              -40.3479619732127,
              -3.692414238874719
            ],
            [
              -40.34796100909611,
              -3.69241271115306
            ],
            [
              -40.3479600168119,
              -3.692411201743856
            ],
            [
              -40.34795899670458,
              -3.692409711171439
            ],
            [
              -40.34795687444702,
              -3.692406788600122
            ],
            [
              -40.34795577303365,
              -3.692405357615932
            ],
            [
              -40.34795464527071,
              -3.692403947497678
            ],
            [
              -40.34795349154976,
              -3.692402558734881
            ],
            [
              -40.34795231227141,
              -3.69240119180977
            ],
            [
              -40.34795110784511,
              -3.692399847196978
            ],
            [
              -40.34794987868906,
              -3.692398525363327
            ],
            [
              -40.34794862523005,
              -3.692397226767833
            ],
            [
              -40.3479473479033,
              -3.692395951861315
            ],
            [
              -40.34794604715233,
              -3.692394701086569
            ],
            [
              -40.34794472342877,
              -3.692393474877816
            ],
            [
              -40.34794337719224,
              -3.692392273660849
            ],
            [
              -40.34794200891018,
              -3.692391097852681
            ],
            [
              -40.34794061905767,
              -3.692389947861589
            ],
            [
              -40.34793920811732,
              -3.69238882408688
            ],
            [
              -40.34793777657899,
              -3.692387726918796
            ],
            [
              -40.34793632493978,
              -3.692386656738245
            ],
            [
              -40.34793485370369,
              -3.69238561391685
            ],
            [
              -40.34793336338157,
              -3.692384598816657
            ],
            [
              -40.34793200354027,
              -3.692383707507759
            ],
            [
              -40.34793047835436,
              -3.69238274609089
            ],
            [
              -40.34792893560161,
              -3.692381813391087
            ],
            [
              -40.34792737581768,
              -3.692380909732033
            ],
            [
              -40.34792579954419,
              -3.692380035427634
            ],
            [
              -40.34792420732843,
              -3.692379190781337
            ],
            [
              -40.34792259972323,
              -3.692378376086529
            ],
            [
              -40.3479209772868,
              -3.692377591625951
            ],
            [
              -40.34791769017852,
              -3.692376114486821
            ],
            [
              -40.34791602664802,
              -3.692375422320989
            ],
            [
              -40.34791435056855,
              -3.692374761415176
            ],
            [
              -40.3479126625221,
              -3.692374131998701
            ],
            [
              -40.34791096309478,
              -3.692373534290082
            ],
            [
              -40.34790925287665,
              -3.692372968497067
            ],
            [
              -40.34790753246153,
              -3.692372434815856
            ],
            [
              -40.34790580244678,
              -3.692371933431914
            ],
            [
              -40.3479040634331,
              -3.692371464519344
            ],
            [
              -40.34790231602429,
              -3.69237102824086
            ],
            [
              -40.34790056082709,
              -3.692370624747915
            ],
            [
              -40.34789879845092,
              -3.692370254180769
            ],
            [
              -40.34789702950773,
              -3.692369916668012
            ],
            [
              -40.34789525461171,
              -3.692369612326752
            ],
            [
              -40.34789347437914,
              -3.692369341262754
            ],
            [
              -40.34789168942815,
              -3.692369103570145
            ],
            [
              -40.3478899003785,
              -3.69236889933144
            ],
            [
              -40.34788878574907,
              -3.692368789197933
            ],
            [
              -40.34786308512096,
              -3.692418411390351
            ],
            [
              -40.34756265041387,
              -3.692253054679384
            ],
            [
              -40.34756887837634,
              -3.692241072843038
            ],
            [
              -40.34745294355999,
              -3.692172186384848
            ],
            [
              -40.34743625588744,
              -3.69216654567559
            ],
            [
              -40.34729904020393,
              -3.692120164489387
            ],
            [
              -40.34729810621118,
              -3.692122496675035
            ],
            [
              -40.34724884571218,
              -3.692103463189428
            ],
            [
              -40.34723025805906,
              -3.692096281210231
            ],
            [
              -40.34719067402532,
              -3.69208098655521
            ],
            [
              -40.34720366030997,
              -3.692043766476392
            ],
            [
              -40.34718475844232,
              -3.692037110406221
            ],
            [
              -40.34719193213984,
              -3.692016549823708
            ],
            [
              -40.34714952385934,
              -3.692001789003115
            ],
            [
              -40.34713373858404,
              -3.69198339159515
            ],
            [
              -40.3468936621547,
              -3.691887681388903
            ],
            [
              -40.34688906317903,
              -3.691839934931816
            ],
            [
              -40.34667217616673,
              -3.691736514709608
            ],
            [
              -40.34664081285068,
              -3.69176498707864
            ],
            [
              -40.34661842518498,
              -3.691741428639873
            ],
            [
              -40.34661767320475,
              -3.691742197903614
            ],
            [
              -40.34661690797532,
              -3.691742953865642
            ],
            [
              -40.34661612972979,
              -3.691743696295714
            ],
            [
              -40.34661533870521,
              -3.691744424967674
            ],
            [
              -40.34661453514254,
              -3.691745139659556
            ],
            [
              -40.34661371928656,
              -3.69174584015365
            ],
            [
              -40.34661289138577,
              -3.691746526236587
            ],
            [
              -40.34661205169238,
              -3.69174719769939
            ],
            [
              -40.34661120046216,
              -3.691747854337503
            ],
            [
              -40.3466103379544,
              -3.691748495950918
            ],
            [
              -40.34660946443181,
              -3.691749122344203
            ],
            [
              -40.34660858016051,
              -3.691749733326538
            ],
            [
              -40.34660768540983,
              -3.691750328711811
            ],
            [
              -40.34660678045233,
              -3.691750908318658
            ],
            [
              -40.34660586556367,
              -3.691751471970548
            ],
            [
              -40.34660494102253,
              -3.691752019495776
            ],
            [
              -40.34660400711054,
              -3.691752550727554
            ],
            [
              -40.34660306411217,
              -3.691753065504076
            ],
            [
              -40.34660211231468,
              -3.691753563668518
            ],
            [
              -40.34660115200798,
              -3.691754045069159
            ],
            [
              -40.34660018348459,
              -3.691754509559323
            ],
            [
              -40.34659920703955,
              -3.691754956997557
            ],
            [
              -40.34659822297027,
              -3.691755387247556
            ],
            [
              -40.34659723157653,
              -3.691755800178257
            ],
            [
              -40.34659623316031,
              -3.691756195663873
            ],
            [
              -40.34659522802573,
              -3.691756573583945
            ],
            [
              -40.34659421647897,
              -3.691756933823354
            ],
            [
              -40.34659319882815,
              -3.69175727627236
            ],
            [
              -40.34659217538327,
              -3.691757600826666
            ],
            [
              -40.34659114645607,
              -3.691757907387382
            ],
            [
              -40.34659011235998,
              -3.691758195861155
            ],
            [
              -40.34658907340999,
              -3.69175846616009
            ],
            [
              -40.34658802992256,
              -3.691758718201882
            ],
            [
              -40.34658698221558,
              -3.691758951909712
            ],
            [
              -40.34658593060817,
              -3.69175916721243
            ],
            [
              -40.34658487542066,
              -3.691759364044434
            ],
            [
              -40.34658381697447,
              -3.691759542345779
            ],
            [
              -40.34658275559202,
              -3.691759702062139
            ],
            [
              -40.34658169159661,
              -3.691759843144872
            ],
            [
              -40.34658062531236,
              -3.691759965550983
            ],
            [
              -40.34657955706405,
              -3.691760069243216
            ],
            [
              -40.34657848717708,
              -3.691760154189963
            ],
            [
              -40.34657741597735,
              -3.691760220365374
            ],
            [
              -40.34657634379118,
              -3.691760267749258
            ],
            [
              -40.34657527094514,
              -3.691760296327204
            ],
            [
              -40.34657419776604,
              -3.691760306090495
            ],
            [
              -40.34657312458079,
              -3.691760297036171
            ],
            [
              -40.34657205171627,
              -3.691760269166973
            ],
            [
              -40.3465709794993,
              -3.691760222491398
            ],
            [
              -40.3465699082565,
              -3.691760157023674
            ],
            [
              -40.34656883831416,
              -3.691760072783722
            ],
            [
              -40.3465677699982,
              -3.691759969797211
            ],
            [
              -40.34656670363404,
              -3.691759848095534
            ],
            [
              -40.34656563954651,
              -3.691759707715716
            ],
            [
              -40.34656457805973,
              -3.691759548700563
            ],
            [
              -40.34656351949706,
              -3.691759371098499
            ],
            [
              -40.34656246418093,
              -3.691759174963606
            ],
            [
              -40.34656141243281,
              -3.691758960355636
            ],
            [
              -40.34656036457307,
              -3.691758727339989
            ],
            [
              -40.34655932092088,
              -3.691758475987607
            ],
            [
              -40.34655828179418,
              -3.691758206375067
            ],
            [
              -40.34655724750947,
              -3.691757918584484
            ],
            [
              -40.34655621838183,
              -3.691757612703556
            ],
            [
              -40.34655519472471,
              -3.691757288825419
            ],
            [
              -40.34655417684995,
              -3.691756947048761
            ],
            [
              -40.3465531650676,
              -3.691756587477677
            ],
            [
              -40.34655215968585,
              -3.691756210221673
            ],
            [
              -40.34655116101096,
              -3.691755815395716
            ],
            [
              -40.34655016934713,
              -3.691755403120013
            ],
            [
              -40.34654918499643,
              -3.691754973520205
            ],
            [
              -40.3465482082587,
              -3.691754526727104
            ],
            [
              -40.34654723943147,
              -3.691754062876846
            ],
            [
              -40.34654627880986,
              -3.691753582110702
            ],
            [
              -40.34654532668647,
              -3.691753084575125
            ],
            [
              -40.34654438335135,
              -3.691752570421666
            ],
            [
              -40.34654344909181,
              -3.691752039806929
            ],
            [
              -40.34654252419247,
              -3.691751492892583
            ],
            [
              -40.34654160893505,
              -3.69175092984518
            ],
            [
              -40.34654070359834,
              -3.691750350836251
            ],
            [
              -40.34653980845813,
              -3.691749756042165
            ],
            [
              -40.34653892378707,
              -3.691749145644112
            ],
            [
              -40.34653804985466,
              -3.691748519828006
            ],
            [
              -40.34653718692708,
              -3.691747878784485
            ],
            [
              -40.34653633526722,
              -3.69174722270882
            ],
            [
              -40.34653549513448,
              -3.69174655180087
            ],
            [
              -40.34653466678478,
              -3.69174586626497
            ],
            [
              -40.34653385047044,
              -3.691745166309952
            ],
            [
              -40.34653304644014,
              -3.691744452149052
            ],
            [
              -40.34653225493875,
              -3.691743723999775
            ],
            [
              -40.3465314762074,
              -3.691742982083946
            ],
            [
              -40.34653071048331,
              -3.691742226627569
            ],
            [
              -40.3465299579997,
              -3.69174145786072
            ],
            [
              -40.34652921898579,
              -3.69174067601762
            ],
            [
              -40.34652849366671,
              -3.691739881336408
            ],
            [
              -40.34652778226337,
              -3.691739074059135
            ],
            [
              -40.34652708499249,
              -3.69173825443174
            ],
            [
              -40.34652640206647,
              -3.691737422703863
            ],
            [
              -40.34652573369333,
              -3.691736579128854
            ],
            [
              -40.34652508007665,
              -3.691735723963694
            ],
            [
              -40.34652444141553,
              -3.691734857468871
            ],
            [
              -40.34652381790453,
              -3.691733979908309
            ],
            [
              -40.34652320973357,
              -3.691733091549344
            ],
            [
              -40.3465226170879,
              -3.691732192662554
            ],
            [
              -40.34652204014805,
              -3.691731283521776
            ],
            [
              -40.34652147908974,
              -3.691730364403936
            ],
            [
              -40.34652093408391,
              -3.691729435588983
            ],
            [
              -40.34652040529657,
              -3.691728497359875
            ],
            [
              -40.34651989288876,
              -3.691727550002384
            ],
            [
              -40.34651939701659,
              -3.691726593805093
            ],
            [
              -40.34651891783111,
              -3.691725629059273
            ],
            [
              -40.34651845547827,
              -3.691724656058785
            ],
            [
              -40.34651801009892,
              -3.691723675100022
            ],
            [
              -40.34651758182871,
              -3.691722686481787
            ],
            [
              -40.34651717079812,
              -3.691721690505233
            ],
            [
              -40.34651677713234,
              -3.691720687473726
            ],
            [
              -40.34651640095127,
              -3.691719677692816
            ],
            [
              -40.34651604236953,
              -3.691718661470103
            ],
            [
              -40.34651570149632,
              -3.691717639115107
            ],
            [
              -40.34651537843549,
              -3.691716610939252
            ],
            [
              -40.34651507328544,
              -3.691715577255766
            ],
            [
              -40.34651478613912,
              -3.691714538379471
            ],
            [
              -40.346514517084,
              -3.691713494626851
            ],
            [
              -40.34651426620204,
              -3.691712446315844
            ],
            [
              -40.34651403356965,
              -3.691711393765745
            ],
            [
              -40.34651381925772,
              -3.691710337297204
            ],
            [
              -40.34651362333149,
              -3.691709277232013
            ],
            [
              -40.34651344585068,
              -3.691708213893096
            ],
            [
              -40.34651328686932,
              -3.691707147604346
            ],
            [
              -40.34651314643586,
              -3.691706078690544
            ],
            [
              -40.34651302459307,
              -3.691705007477336
            ],
            [
              -40.34651292137806,
              -3.691703934290984
            ],
            [
              -40.34651283682228,
              -3.6917028594584
            ],
            [
              -40.34651277095147,
              -3.691701783307008
            ],
            [
              -40.34651272378571,
              -3.691700706164595
            ],
            [
              -40.34651269533937,
              -3.691699628359277
            ],
            [
              -40.3465126856211,
              -3.691698550219365
            ],
            [
              -40.34651269463387,
              -3.69169747207326
            ],
            [
              -40.34651272237492,
              -3.691696394249392
            ],
            [
              -40.34651276883584,
              -3.691695317076065
            ],
            [
              -40.34651283400243,
              -3.6916942408814
            ],
            [
              -40.34651291785485,
              -3.691693165993216
            ],
            [
              -40.34651302036759,
              -3.691692092738927
            ],
            [
              -40.34651314150938,
              -3.691691021445459
            ],
            [
              -40.34651328124335,
              -3.691689952439168
            ],
            [
              -40.34651343952692,
              -3.691688886045644
            ],
            [
              -40.34651361631188,
              -3.691687822589731
            ],
            [
              -40.34651381154438,
              -3.691686762395369
            ],
            [
              -40.34651402516496,
              -3.69168570578553
            ],
            [
              -40.34651425710852,
              -3.691684653082032
            ],
            [
              -40.34651450730444,
              -3.691683604605541
            ],
            [
              -40.34651477567649,
              -3.691682560675463
            ],
            [
              -40.34651506214293,
              -3.691681521609752
            ],
            [
              -40.34651536661649,
              -3.691680487724952
            ],
            [
              -40.34651568900443,
              -3.691679459335971
            ],
            [
              -40.34651602920854,
              -3.691678436756061
            ],
            [
              -40.34651638712521,
              -3.691677420296743
            ],
            [
              -40.3465167626454,
              -3.691676410267603
            ],
            [
              -40.34651715565472,
              -3.691675406976332
            ],
            [
              -40.34651756603346,
              -3.691674410728524
            ],
            [
              -40.34651799365662,
              -3.691673421827661
            ],
            [
              -40.34651843839393,
              -3.691672440574951
            ],
            [
              -40.34651890010993,
              -3.69167146726931
            ],
            [
              -40.34651937866397,
              -3.691670502207231
            ],
            [
              -40.34651987391028,
              -3.691669545682641
            ],
            [
              -40.34652038569801,
              -3.691668597986944
            ],
            [
              -40.34652091387125,
              -3.691667659408793
            ],
            [
              -40.34652145826912,
              -3.691666730234096
            ],
            [
              -40.3465220187258,
              -3.691665810745897
            ],
            [
              -40.34652259507056,
              -3.691664901224274
            ],
            [
              -40.34652318712784,
              -3.691664001946267
            ],
            [
              -40.34652379471729,
              -3.691663113185824
            ],
            [
              -40.34652441765384,
              -3.691662235213646
            ],
            [
              -40.34652505574773,
              -3.691661368297193
            ],
            [
              -40.3465257088046,
              -3.691660512700528
            ],
            [
              -40.34652637662551,
              -3.691659668684284
            ],
            [
              -40.34652705900705,
              -3.691658836505542
            ],
            [
              -40.34652775574136,
              -3.691658016417794
            ],
            [
              -40.34652846661618,
              -3.691657208670841
            ],
            [
              -40.346529191415,
              -3.691656413510752
            ],
            [
              -40.34652992991704,
              -3.691655631179716
            ],
            [
              -40.34653068189733,
              -3.691654861916047
            ],
            [
              -40.34653144712681,
              -3.691654105954092
            ],
            [
              -40.34653222537239,
              -3.691653363524097
            ],
            [
              -40.34653301639701,
              -3.691652634852213
            ],
            [
              -40.34653381995972,
              -3.69165192016041
            ],
            [
              -40.34653463581573,
              -3.691651219666396
            ],
            [
              -40.34654009464507,
              -3.691647613327649
            ],
            [
              -40.34649120460968,
              -3.691576517422906
            ],
            [
              -40.34640616847834,
              -3.691548184980588
            ],
            [
              -40.34630933709462,
              -3.691487600938316
            ],
            [
              -40.34632898991607,
              -3.691457359611706
            ],
            [
              -40.34632540393067,
              -3.691444656064401
            ],
            [
              -40.34632558880638,
              -3.691444373521443
            ],
            [
              -40.34630391487335,
              -3.691428327650708
            ],
            [
              -40.34632542775532,
              -3.691395837510806
            ],
            [
              -40.34629245567902,
              -3.691371671553334
            ],
            [
              -40.34624872421714,
              -3.691339619801562
            ],
            [
              -40.34621016635238,
              -3.691311359888638
            ],
            [
              -40.34617663563851,
              -3.691286784482539
            ],
            [
              -40.34617308013848,
              -3.69128417857729
            ],
            [
              -40.34612268088513,
              -3.691362286977665
            ],
            [
              -40.34608425925978,
              -3.691337816450196
            ],
            [
              -40.34611571522058,
              -3.691291158573262
            ],
            [
              -40.34608594131315,
              -3.691272533828895
            ],
            [
              -40.34610789123411,
              -3.691236400169414
            ],
            [
              -40.34608890580161,
              -3.691222485318577
            ],
            [
              -40.34606800701651,
              -3.691207168127336
            ],
            [
              -40.34603284723149,
              -3.691181398724655
            ],
            [
              -40.34600950835906,
              -3.691164293134593
            ],
            [
              -40.34597907193157,
              -3.691141985582814
            ],
            [
              -40.34594955067094,
              -3.691120348775216
            ],
            [
              -40.3459413191753,
              -3.691133079194179
            ],
            [
              -40.34591596360791,
              -3.691114048113497
            ],
            [
              -40.34588655982484,
              -3.691091978568851
            ],
            [
              -40.34586058097989,
              -3.691072479671714
            ],
            [
              -40.34587247470639,
              -3.691054761093615
            ],
            [
              -40.34583993106796,
              -3.691030983382743
            ],
            [
              -40.34581105365868,
              -3.691009884366077
            ],
            [
              -40.34578949488413,
              -3.691041965858711
            ],
            [
              -40.34576722720202,
              -3.691023815336199
            ],
            [
              -40.34575333197873,
              -3.691045331933571
            ],
            [
              -40.3457329264626,
              -3.69103262521387
            ],
            [
              -40.34572325967641,
              -3.691049072301489
            ],
            [
              -40.34571969252539,
              -3.691046770061166
            ],
            [
              -40.34568053279929,
              -3.691021496360521
            ],
            [
              -40.34568613449405,
              -3.691011845144205
            ],
            [
              -40.34566334296587,
              -3.690997399648383
            ],
            [
              -40.34570187850196,
              -3.690927468379314
            ],
            [
              -40.34567336704212,
              -3.690911252957112
            ],
            [
              -40.3456678758981,
              -3.690920769783426
            ],
            [
              -40.34564901725945,
              -3.690908577070995
            ],
            [
              -40.34565018700182,
              -3.690906521988229
            ],
            [
              -40.34562329135323,
              -3.690889267969707
            ],
            [
              -40.34563104105844,
              -3.690876835075597
            ],
            [
              -40.34560752868259,
              -3.690861663337364
            ],
            [
              -40.34561514730349,
              -3.690849380939698
            ],
            [
              -40.34557585405256,
              -3.690822063221752
            ],
            [
              -40.34554705431172,
              -3.69080190680996
            ],
            [
              -40.34553624615449,
              -3.690818979745554
            ],
            [
              -40.3455010911565,
              -3.690793926703845
            ],
            [
              -40.34546741300704,
              -3.690769926128015
            ],
            [
              -40.34545974444402,
              -3.690781345623614
            ],
            [
              -40.3454232495668,
              -3.690756610972044
            ],
            [
              -40.34543149641586,
              -3.690744330333759
            ],
            [
              -40.34539589488423,
              -3.690718959061732
            ],
            [
              -40.34537909033845,
              -3.690744408770651
            ],
            [
              -40.345336329673,
              -3.690715912023887
            ],
            [
              -40.34530032101245,
              -3.690685305465684
            ],
            [
              -40.34527518986364,
              -3.690663944547222
            ],
            [
              -40.3452928054086,
              -3.690637110883733
            ],
            [
              -40.34526689637557,
              -3.690615992232873
            ],
            [
              -40.3452419929271,
              -3.690595693239656
            ],
            [
              -40.34521399045411,
              -3.69057286820526
            ],
            [
              -40.34523807990758,
              -3.690542618363462
            ],
            [
              -40.34519748120329,
              -3.690511844940605
            ],
            [
              -40.3451852489625,
              -3.690502613648628
            ],
            [
              -40.34518469092845,
              -3.690503212971
            ],
            [
              -40.34513950621118,
              -3.690469991832232
            ],
            [
              -40.34512642658135,
              -3.690489703265166
            ],
            [
              -40.34508865881025,
              -3.690468244840048
            ],
            [
              -40.3450568353744,
              -3.690450163791419
            ],
            [
              -40.34505329794462,
              -3.690455946661237
            ],
            [
              -40.34505052141666,
              -3.690460551309102
            ],
            [
              -40.34501715446833,
              -3.690439527087745
            ],
            [
              -40.34497711431787,
              -3.690414298136899
            ],
            [
              -40.3449525731013,
              -3.690398834927657
            ],
            [
              -40.34496417742626,
              -3.690380723428873
            ],
            [
              -40.34494447197876,
              -3.690367980801436
            ],
            [
              -40.34492319744644,
              -3.690354223516298
            ],
            [
              -40.34490281474605,
              -3.690341042937793
            ],
            [
              -40.34488038965068,
              -3.690326541632853
            ],
            [
              -40.34486357962057,
              -3.690355113207773
            ],
            [
              -40.34484051932055,
              -3.69033644092063
            ],
            [
              -40.34481045846707,
              -3.690312100172865
            ],
            [
              -40.34484222918124,
              -3.690265534084407
            ],
            [
              -40.34474386090054,
              -3.690203500677617
            ],
            [
              -40.34470029529619,
              -3.690187005353214
            ],
            [
              -40.34442198654123,
              -3.690091189047857
            ],
            [
              -40.34458129087238,
              -3.689916834964194
            ],
            [
              -40.34456206397336,
              -3.689850975656158
            ],
            [
              -40.34465896150301,
              -3.689740954896622
            ],
            [
              -40.34473345483531,
              -3.689660429450182
            ],
            [
              -40.34479130447534,
              -3.689596152113352
            ],
            [
              -40.34486665754841,
              -3.689512426515439
            ],
            [
              -40.34510442184067,
              -3.689258073091964
            ],
            [
              -40.3452720573344,
              -3.689068083293185
            ],
            [
              -40.34553360229369,
              -3.68878260435867
            ],
            [
              -40.34627384050648,
              -3.687975070349919
            ],
            [
              -40.34635050930609,
              -3.687900379756492
            ],
            [
              -40.34648544101923,
              -3.687751829665324
            ],
            [
              -40.34658272556295,
              -3.687641276730379
            ],
            [
              -40.34675020845575,
              -3.687450951206224
            ],
            [
              -40.34693373680589,
              -3.687244220355208
            ],
            [
              -40.34713165415087,
              -3.687032291373779
            ],
            [
              -40.34719128372163,
              -3.68708993330506
            ],
            [
              -40.34721132945136,
              -3.687109807836431
            ],
            [
              -40.34721457898875,
              -3.687113029605835
            ],
            [
              -40.34723138578661,
              -3.687129692881058
            ],
            [
              -40.34725144212274,
              -3.687149577924911
            ],
            [
              -40.34725910853373,
              -3.68715717886005
            ],
            [
              -40.34727227742248,
              -3.687142967445237
            ],
            [
              -40.34728629847119,
              -3.687156229894383
            ],
            [
              -40.34733745311217,
              -3.687204616840897
            ],
            [
              -40.34734247758838,
              -3.687199261637157
            ],
            [
              -40.34738614229955,
              -3.687152722769202
            ],
            [
              -40.34739799160192,
              -3.687163943416308
            ],
            [
              -40.34740496340189,
              -3.687156438651929
            ],
            [
              -40.34747162148438,
              -3.687220560983251
            ],
            [
              -40.34754967056497,
              -3.687295640963358
            ],
            [
              -40.34757009202084,
              -3.687315285553368
            ],
            [
              -40.34759263441914,
              -3.687290309342889
            ],
            [
              -40.34763808850258,
              -3.687332112003582
            ],
            [
              -40.34766733114001,
              -3.687300076732953
            ],
            [
              -40.34770905578783,
              -3.687340912954061
            ],
            [
              -40.34769900232838,
              -3.687352082655984
            ],
            [
              -40.34771013030971,
              -3.687360549178373
            ],
            [
              -40.34769247994717,
              -3.68738078407117
            ],
            [
              -40.34771208130028,
              -3.687398927423526
            ],
            [
              -40.34772296909026,
              -3.68738702893307
            ],
            [
              -40.34776862200782,
              -3.687435262484537
            ],
            [
              -40.34774442853125,
              -3.687461784561624
            ],
            [
              -40.34774660982637,
              -3.687463807720952
            ],
            [
              -40.3477900625972,
              -3.687504110324157
            ],
            [
              -40.34779169043939,
              -3.687505620153624
            ],
            [
              -40.347837566789,
              -3.687548170626938
            ],
            [
              -40.34788129822812,
              -3.687588669065315
            ],
            [
              -40.34800933649291,
              -3.687447400666422
            ],
            [
              -40.34810418890809,
              -3.687338072898168
            ],
            [
              -40.34817835915045,
              -3.687422306736881
            ],
            [
              -40.34853568199873,
              -3.687769337387587
            ],
            [
              -40.34874796236215,
              -3.687974341225821
            ],
            [
              -40.34905038016814,
              -3.688261532955269
            ],
            [
              -40.34915258801881,
              -3.688355366248402
            ],
            [
              -40.34924018618426,
              -3.688259980558464
            ],
            [
              -40.34930962363191,
              -3.688191860725395
            ],
            [
              -40.34935539974025,
              -3.688155826761225
            ],
            [
              -40.34941788323395,
              -3.688102503349655
            ],
            [
              -40.34953776180245,
              -3.687982112208303
            ],
            [
              -40.3496230961612,
              -3.687885246667593
            ],
            [
              -40.34973379993313,
              -3.688019674642685
            ],
            [
              -40.34989522501022,
              -3.688202774836108
            ],
            [
              -40.34996750106207,
              -3.688277912622549
            ],
            [
              -40.35027427902928,
              -3.688626409119824
            ],
            [
              -40.35036017289364,
              -3.688532861007701
            ],
            [
              -40.35042503938804,
              -3.688462214060735
            ],
            [
              -40.35113884548989,
              -3.687689113912833
            ],
            [
              -40.35118970151158,
              -3.687636239566294
            ],
            [
              -40.35124029986802,
              -3.687592188449382
            ],
            [
              -40.35131848126761,
              -3.687646148623899
            ],
            [
              -40.35157122034763,
              -3.687848116987542
            ],
            [
              -40.35164566161634,
              -3.687901204605939
            ],
            [
              -40.35166771425173,
              -3.687916931796141
            ],
            [
              -40.35169054424892,
              -3.687934130232475
            ],
            [
              -40.35175784903364,
              -3.687984833754181
            ],
            [
              -40.35185821537345,
              -3.688045518020244
            ],
            [
              -40.35196814142416,
              -3.688100018488776
            ],
            [
              -40.35195384542835,
              -3.68812709487573
            ],
            [
              -40.35194006169993,
              -3.688232222951018
            ],
            [
              -40.3518880864649,
              -3.688482154421376
            ],
            [
              -40.35184361560145,
              -3.688707481774006
            ],
            [
              -40.35171954324906,
              -3.689336138174251
            ],
            [
              -40.35262579402004,
              -3.689663026205027
            ],
            [
              -40.3527251189644,
              -3.689690958406174
            ],
            [
              -40.35271251561851,
              -3.689738341466916
            ],
            [
              -40.35288351883524,
              -3.689763232917847
            ],
            [
              -40.35322643597131,
              -3.689828833006747
            ],
            [
              -40.35319611991937,
              -3.690056041632878
            ],
            [
              -40.35315358042165,
              -3.690325840105838
            ],
            [
              -40.35312666459091,
              -3.690546643048464
            ],
            [
              -40.35303769396086,
              -3.691276510452064
            ],
            [
              -40.35301464216464,
              -3.691407617773282
            ],
            [
              -40.35247954713382,
              -3.691337608725297
            ],
            [
              -40.35249793614451,
              -3.691173904666428
            ],
            [
              -40.35257284518277,
              -3.690619178538765
            ],
            [
              -40.35249493564748,
              -3.690609296926638
            ],
            [
              -40.35208225465703,
              -3.690551528382811
            ],
            [
              -40.35207632065505,
              -3.690580464246886
            ],
            [
              -40.35206941476166,
              -3.690614139326905
            ],
            [
              -40.35206123560139,
              -3.690654023214154
            ],
            [
              -40.35205220467479,
              -3.690698060553455
            ],
            [
              -40.35205161742795,
              -3.690700924134301
            ],
            [
              -40.35203628547011,
              -3.6907756870739
            ],
            [
              -40.35192151536347,
              -3.690757196978928
            ],
            [
              -40.35192049458896,
              -3.690757033956648
            ],
            [
              -40.35182777599964,
              -3.69074209761529
            ],
            [
              -40.35181477097666,
              -3.690740002592659
            ],
            [
              -40.35165871513718,
              -3.690714863019176
            ],
            [
              -40.35164869928091,
              -3.690772439930898
            ],
            [
              -40.35163965201473,
              -3.6908244488291
            ],
            [
              -40.35163595643924,
              -3.690845693126235
            ],
            [
              -40.35163416255579,
              -3.690856005401866
            ],
            [
              -40.35162984013312,
              -3.690880853177813
            ],
            [
              -40.35161944308958,
              -3.69094062137479
            ],
            [
              -40.35161911194579,
              -3.690943405062186
            ],
            [
              -40.35163273170629,
              -3.690945040267255
            ],
            [
              -40.35160559712804,
              -3.691144646328081
            ],
            [
              -40.35159670161974,
              -3.691224578128392
            ],
            [
              -40.35135836901473,
              -3.691195507426111
            ],
            [
              -40.35076909129424,
              -3.691121121842002
            ],
            [
              -40.35076217840825,
              -3.69123444957122
            ],
            [
              -40.35072407035595,
              -3.691542420693434
            ],
            [
              -40.35069500031064,
              -3.691723945730573
            ],
            [
              -40.35069178484535,
              -3.691744027710737
            ],
            [
              -40.35063065315437,
              -3.692184340368679
            ],
            [
              -40.35062494888837,
              -3.692240281618115
            ],
            [
              -40.35061640050903,
              -3.6923312861204
            ],
            [
              -40.35055920428581,
              -3.692942590163098
            ],
            [
              -40.35054464719017,
              -3.692941865496936
            ],
            [
              -40.350528220797,
              -3.692933036965365
            ],
            [
              -40.35050272949599,
              -3.692908745436772
            ]
          ]
        ]
      }
    },
    {
      "type": "Feature",
      "properties": {
        "name": "ZEIP 7",
        "sector_num": 7,
        "subzone_code": "ZEIP_7"
      },
      "geometry": {
        "type": "Polygon",
        "coordinates": [
          [
            [
              -40.35124376543378,
              -3.691805541543323
            ],
            [
              -40.35181611042796,
              -3.691883192632343
            ],
            [
              -40.35237347440773,
              -3.691955879099627
            ],
            [
              -40.35233240722737,
              -3.692291093785049
            ],
            [
              -40.35226360096043,
              -3.692852731628948
            ],
            [
              -40.35223073828037,
              -3.693153930305338
            ],
            [
              -40.35221593177905,
              -3.693252961299207
            ],
            [
              -40.35219122253625,
              -3.693301671597552
            ],
            [
              -40.35216345243755,
              -3.693367106993856
            ],
            [
              -40.35207140962708,
              -3.69354572749579
            ],
            [
              -40.3520532675826,
              -3.693578145091467
            ],
            [
              -40.35198756070385,
              -3.693680025956398
            ],
            [
              -40.35202311301421,
              -3.693716378274877
            ],
            [
              -40.35208437207534,
              -3.693779015791804
            ],
            [
              -40.35226317804567,
              -3.693947866971479
            ],
            [
              -40.3523151658162,
              -3.694006171084517
            ],
            [
              -40.3524598586956,
              -3.694148492764885
            ],
            [
              -40.35249882725725,
              -3.69418462100819
            ],
            [
              -40.35265183627776,
              -3.694326477538749
            ],
            [
              -40.35261364101357,
              -3.694626771761178
            ],
            [
              -40.35257823089471,
              -3.694765754505772
            ],
            [
              -40.35249800036279,
              -3.69470514205087
            ],
            [
              -40.35235606838513,
              -3.6946102912628
            ],
            [
              -40.35226566863332,
              -3.694540400269838
            ],
            [
              -40.35222341062491,
              -3.694501259570867
            ],
            [
              -40.35215664537905,
              -3.694439419482574
            ],
            [
              -40.35189811314797,
              -3.694215411500238
            ],
            [
              -40.35167232854533,
              -3.694012034359262
            ],
            [
              -40.35157895518824,
              -3.693922458084363
            ],
            [
              -40.35140576786395,
              -3.693774832829522
            ],
            [
              -40.35104841220764,
              -3.694212449410098
            ],
            [
              -40.35102272236681,
              -3.694181653365443
            ],
            [
              -40.3509225677482,
              -3.694092498297282
            ],
            [
              -40.35081488018459,
              -3.694007198203467
            ],
            [
              -40.35071557016435,
              -3.693904651860396
            ],
            [
              -40.35059945366717,
              -3.693800469045054
            ],
            [
              -40.35048500493955,
              -3.693685081943125
            ],
            [
              -40.35041283809325,
              -3.693622413674646
            ],
            [
              -40.35036086210955,
              -3.693594329472853
            ],
            [
              -40.350348435232,
              -3.693587617055313
            ],
            [
              -40.3504044036704,
              -3.693479573515835
            ],
            [
              -40.35043851907191,
              -3.693372420066313
            ],
            [
              -40.35046033214248,
              -3.693255761603692
            ],
            [
              -40.35047015568433,
              -3.693124501115
            ],
            [
              -40.35048765226374,
              -3.692972344433413
            ],
            [
              -40.35050272949599,
              -3.692908745436772
            ],
            [
              -40.350528220797,
              -3.692933036965365
            ],
            [
              -40.35054464719017,
              -3.692941865496936
            ],
            [
              -40.35055920428581,
              -3.692942590163098
            ],
            [
              -40.35061640050903,
              -3.6923312861204
            ],
            [
              -40.35062494888837,
              -3.692240281618115
            ],
            [
              -40.35063065315437,
              -3.692184340368679
            ],
            [
              -40.35069178484535,
              -3.691744027710737
            ],
            [
              -40.35069500031064,
              -3.691723945730573
            ],
            [
              -40.35086945967773,
              -3.691749886111091
            ],
            [
              -40.35124376543378,
              -3.691805541543323
            ]
          ]
        ]
      }
    },
    {
      "type": "Feature",
      "properties": {
        "name": "ZEIP 2",
        "sector_num": 2,
        "subzone_code": "ZEIP_2"
      },
      "geometry": {
        "type": "Polygon",
        "coordinates": [
          [
            [
              -40.35124029986802,
              -3.687592188449382
            ],
            [
              -40.35118970151158,
              -3.687636239566294
            ],
            [
              -40.35113884548989,
              -3.687689113912833
            ],
            [
              -40.35042503938804,
              -3.688462214060735
            ],
            [
              -40.35036017289364,
              -3.688532861007701
            ],
            [
              -40.35027427902928,
              -3.688626409119824
            ],
            [
              -40.34996750106207,
              -3.688277912622549
            ],
            [
              -40.34989522501022,
              -3.688202774836108
            ],
            [
              -40.34973379993313,
              -3.688019674642685
            ],
            [
              -40.3496230961612,
              -3.687885246667593
            ],
            [
              -40.34953776180245,
              -3.687982112208303
            ],
            [
              -40.34941788323395,
              -3.688102503349655
            ],
            [
              -40.34935539974025,
              -3.688155826761225
            ],
            [
              -40.34930962363191,
              -3.688191860725395
            ],
            [
              -40.34924018618426,
              -3.688259980558464
            ],
            [
              -40.34915258801881,
              -3.688355366248402
            ],
            [
              -40.34905038016814,
              -3.688261532955269
            ],
            [
              -40.34874796236215,
              -3.687974341225821
            ],
            [
              -40.34853568199873,
              -3.687769337387587
            ],
            [
              -40.34817835915045,
              -3.687422306736881
            ],
            [
              -40.34810418890809,
              -3.687338072898168
            ],
            [
              -40.34817477897317,
              -3.687256931926877
            ],
            [
              -40.3486417646598,
              -3.686744388072813
            ],
            [
              -40.34877291768784,
              -3.686602567252866
            ],
            [
              -40.34881329410741,
              -3.686639902664808
            ],
            [
              -40.34887469306243,
              -3.686697805679902
            ],
            [
              -40.34889886000692,
              -3.686671106804579
            ],
            [
              -40.34889503015054,
              -3.68666760798047
            ],
            [
              -40.34890524182305,
              -3.686656329529542
            ],
            [
              -40.348931379651,
              -3.686627461170962
            ],
            [
              -40.34893869809947,
              -3.686634152697987
            ],
            [
              -40.34896996393516,
              -3.686606359750046
            ],
            [
              -40.34899449428698,
              -3.68657925938717
            ],
            [
              -40.3490362196777,
              -3.686617083912267
            ],
            [
              -40.34897589960844,
              -3.686672462865173
            ],
            [
              -40.34896391402872,
              -3.686683001830544
            ],
            [
              -40.34900816304705,
              -3.686732898200984
            ],
            [
              -40.34902373788913,
              -3.686718957995236
            ],
            [
              -40.34908822476603,
              -3.686661239244789
            ],
            [
              -40.34915884112574,
              -3.686727834082947
            ],
            [
              -40.34918320022463,
              -3.686750805954305
            ],
            [
              -40.34932391321023,
              -3.686883505424309
            ],
            [
              -40.34939319301367,
              -3.686973112854585
            ],
            [
              -40.34946706282885,
              -3.687048793094844
            ],
            [
              -40.34948131731113,
              -3.687034276076623
            ],
            [
              -40.34955180286735,
              -3.687107595692566
            ],
            [
              -40.34956239374748,
              -3.687118612405349
            ],
            [
              -40.34960561010129,
              -3.687163566374911
            ],
            [
              -40.34963406331202,
              -3.687138875812817
            ],
            [
              -40.34963444728142,
              -3.687139271235129
            ],
            [
              -40.34966051689461,
              -3.687166118443115
            ],
            [
              -40.34968865772202,
              -3.687195098641276
            ],
            [
              -40.34962505969591,
              -3.68725775961364
            ],
            [
              -40.34968602521986,
              -3.687317617799161
            ],
            [
              -40.34969943399776,
              -3.687304309335372
            ],
            [
              -40.34970941641539,
              -3.687314472443167
            ],
            [
              -40.34971261780527,
              -3.687317731780799
            ],
            [
              -40.34975726684515,
              -3.687363188999985
            ],
            [
              -40.34968385340497,
              -3.68743795047724
            ],
            [
              -40.34972044814507,
              -3.687470511239462
            ],
            [
              -40.34974211921823,
              -3.687489793425248
            ],
            [
              -40.34978421270971,
              -3.687446703087914
            ],
            [
              -40.34980689883207,
              -3.68747112939727
            ],
            [
              -40.34982260880848,
              -3.687488044439229
            ],
            [
              -40.34983195578682,
              -3.687498108395919
            ],
            [
              -40.34988390840191,
              -3.687554046130962
            ],
            [
              -40.34990892162441,
              -3.687581313279808
            ],
            [
              -40.34993122751111,
              -3.687556209615142
            ],
            [
              -40.35001940148073,
              -3.687467245479271
            ],
            [
              -40.35011670241854,
              -3.687364542519735
            ],
            [
              -40.35012785846902,
              -3.687350101474308
            ],
            [
              -40.35015734284327,
              -3.687301374930677
            ],
            [
              -40.35021887511626,
              -3.687219133384707
            ],
            [
              -40.35035738363275,
              -3.687072388223186
            ],
            [
              -40.35045606740076,
              -3.686974445491525
            ],
            [
              -40.35049372437911,
              -3.6869370712805
            ],
            [
              -40.35057690936404,
              -3.686996361960055
            ],
            [
              -40.35081923805301,
              -3.687217523860452
            ],
            [
              -40.35112197289511,
              -3.687493815286722
            ],
            [
              -40.35118475568279,
              -3.687549388955869
            ],
            [
              -40.35124029986802,
              -3.687592188449382
            ]
          ]
        ]
      }
    },
    {
      "type": "Feature",
      "properties": {
        "name": "ZEIP 2",
        "sector_num": 2,
        "subzone_code": "ZEIP_2"
      },
      "geometry": {
        "type": "Polygon",
        "coordinates": [
          [
            [
              -40.35312666459091,
              -3.690546643048464
            ],
            [
              -40.35315358042165,
              -3.690325840105838
            ],
            [
              -40.35319611991937,
              -3.690056041632878
            ],
            [
              -40.35322643597131,
              -3.689828833006747
            ],
            [
              -40.35323608279761,
              -3.689740415415794
            ],
            [
              -40.3532608806803,
              -3.689568794866924
            ],
            [
              -40.35326720495951,
              -3.689525025960863
            ],
            [
              -40.35327128377299,
              -3.689496797415952
            ],
            [
              -40.35327967246168,
              -3.689438741201593
            ],
            [
              -40.35328998018718,
              -3.689367403771039
            ],
            [
              -40.35329721243583,
              -3.689317351020083
            ],
            [
              -40.35330764598004,
              -3.689245142832107
            ],
            [
              -40.35332000136646,
              -3.689159634015108
            ],
            [
              -40.35334727486302,
              -3.688970880369523
            ],
            [
              -40.35339527096647,
              -3.688642336504218
            ],
            [
              -40.35344857428043,
              -3.688277463691354
            ],
            [
              -40.35345110255756,
              -3.688260157084792
            ],
            [
              -40.35388019490143,
              -3.688332446064746
            ],
            [
              -40.35457290895911,
              -3.688449146776265
            ],
            [
              -40.35458735987082,
              -3.688346072644365
            ],
            [
              -40.35460056435006,
              -3.688247807872985
            ],
            [
              -40.35461505953764,
              -3.688133191749665
            ],
            [
              -40.35463814245742,
              -3.688036168708453
            ],
            [
              -40.35464586998793,
              -3.687977408717965
            ],
            [
              -40.35474607305719,
              -3.687989871836889
            ],
            [
              -40.35480515656989,
              -3.687996549475594
            ],
            [
              -40.35528284293257,
              -3.688058980037035
            ],
            [
              -40.35562956850525,
              -3.688109880002851
            ],
            [
              -40.35555460804938,
              -3.688629820285742
            ],
            [
              -40.3555396421612,
              -3.68877319797593
            ],
            [
              -40.35546101451759,
              -3.689324364292059
            ],
            [
              -40.35534547768543,
              -3.690109203306331
            ],
            [
              -40.3552754241469,
              -3.690588966313743
            ],
            [
              -40.35523547057137,
              -3.690888114777364
            ],
            [
              -40.3551589068682,
              -3.690877137396246
            ],
            [
              -40.35513965865712,
              -3.690874683446023
            ],
            [
              -40.35513160874533,
              -3.690873657164389
            ],
            [
              -40.3550858509522,
              -3.690867823511076
            ],
            [
              -40.35501837710743,
              -3.690859221277342
            ],
            [
              -40.35495479103081,
              -3.690851114689701
            ],
            [
              -40.35494535151598,
              -3.690849911245726
            ],
            [
              -40.35487620705414,
              -3.690841096013278
            ],
            [
              -40.35486499740837,
              -3.690839666894175
            ],
            [
              -40.35485943909086,
              -3.690838958263543
            ],
            [
              -40.3548235160806,
              -3.69083437843331
            ],
            [
              -40.3548234575774,
              -3.690834810825264
            ],
            [
              -40.35480970927308,
              -3.690832841979709
            ],
            [
              -40.35476033133109,
              -3.690825770739101
            ],
            [
              -40.35464007770283,
              -3.690808549629249
            ],
            [
              -40.35464034812657,
              -3.690804195041972
            ],
            [
              -40.35461934521116,
              -3.690801158651916
            ],
            [
              -40.35458936261502,
              -3.690796824069083
            ],
            [
              -40.35458351537073,
              -3.690795978733026
            ],
            [
              -40.35453745245768,
              -3.690789319416901
            ],
            [
              -40.35442916144232,
              -3.690773663772537
            ],
            [
              -40.35438700401404,
              -3.690767569064439
            ],
            [
              -40.35433350257952,
              -3.690759834347845
            ],
            [
              -40.35432622717214,
              -3.690758782539987
            ],
            [
              -40.35416383710822,
              -3.690769872606368
            ],
            [
              -40.35376419699595,
              -3.690721415103308
            ],
            [
              -40.35376403800192,
              -3.69072270184856
            ],
            [
              -40.35372163318941,
              -3.690718026874987
            ],
            [
              -40.35367307777459,
              -3.690712673817627
            ],
            [
              -40.35367573583768,
              -3.690679016324722
            ],
            [
              -40.35367610185478,
              -3.690676171637291
            ],
            [
              -40.35368379582901,
              -3.690616374017304
            ],
            [
              -40.35363425941157,
              -3.690610053470672
            ],
            [
              -40.35362906701845,
              -3.690609390952599
            ],
            [
              -40.35360634185795,
              -3.690606491358707
            ],
            [
              -40.35357414020301,
              -3.690602382620011
            ],
            [
              -40.35354465070035,
              -3.690598619934615
            ],
            [
              -40.35350838700517,
              -3.690593992901033
            ],
            [
              -40.35343356911532,
              -3.690584446574573
            ],
            [
              -40.35342215282876,
              -3.690582989922383
            ],
            [
              -40.35335455006572,
              -3.690574364197219
            ],
            [
              -40.35331745312833,
              -3.690569630838242
            ],
            [
              -40.35321696009893,
              -3.690556808488673
            ],
            [
              -40.35319231352157,
              -3.690553663721165
            ],
            [
              -40.35312666459091,
              -3.690546643048464
            ]
          ]
        ]
      }
    },
    {
      "type": "Feature",
      "properties": {
        "name": "ZEIP 3",
        "sector_num": 3,
        "subzone_code": "ZEIP_3"
      },
      "geometry": {
        "type": "Polygon",
        "coordinates": [
          [
            [
              -40.35159670161974,
              -3.691224578128392
            ],
            [
              -40.35160559712804,
              -3.691144646328081
            ],
            [
              -40.35163273170629,
              -3.690945040267255
            ],
            [
              -40.35161911194579,
              -3.690943405062186
            ],
            [
              -40.35161944308958,
              -3.69094062137479
            ],
            [
              -40.35162984013312,
              -3.690880853177813
            ],
            [
              -40.35163416255579,
              -3.690856005401866
            ],
            [
              -40.35163595643924,
              -3.690845693126235
            ],
            [
              -40.35163965201473,
              -3.6908244488291
            ],
            [
              -40.35164869928091,
              -3.690772439930898
            ],
            [
              -40.35165871513718,
              -3.690714863019176
            ],
            [
              -40.35181477097666,
              -3.690740002592659
            ],
            [
              -40.35182777599964,
              -3.69074209761529
            ],
            [
              -40.35192049458896,
              -3.690757033956648
            ],
            [
              -40.35192151536347,
              -3.690757196978928
            ],
            [
              -40.35203628547011,
              -3.6907756870739
            ],
            [
              -40.35205161742795,
              -3.690700924134301
            ],
            [
              -40.35205220467479,
              -3.690698060553455
            ],
            [
              -40.35206123560139,
              -3.690654023214154
            ],
            [
              -40.35206941476166,
              -3.690614139326905
            ],
            [
              -40.35207632065505,
              -3.690580464246886
            ],
            [
              -40.35208225465703,
              -3.690551528382811
            ],
            [
              -40.35249493564748,
              -3.690609296926638
            ],
            [
              -40.35257284518277,
              -3.690619178538765
            ],
            [
              -40.35249793614451,
              -3.691173904666428
            ],
            [
              -40.35247954713382,
              -3.691337608725297
            ],
            [
              -40.35246339918736,
              -3.691335478098421
            ],
            [
              -40.35244518553239,
              -3.691333039497531
            ],
            [
              -40.35232996719996,
              -3.691317616362888
            ],
            [
              -40.35202722506619,
              -3.691277091200508
            ],
            [
              -40.35159670161974,
              -3.691224578128392
            ]
          ]
        ]
      }
    },
    {
      "type": "Feature",
      "properties": {
        "name": "ZEIP 3",
        "sector_num": 3,
        "subzone_code": "ZEIP_3"
      },
      "geometry": {
        "type": "Polygon",
        "coordinates": [
          [
            [
              -40.35301464216464,
              -3.691407617773282
            ],
            [
              -40.35303769396086,
              -3.691276510452064
            ],
            [
              -40.35312666459091,
              -3.690546643048464
            ],
            [
              -40.35319231352157,
              -3.690553663721165
            ],
            [
              -40.35321696009893,
              -3.690556808488673
            ],
            [
              -40.35331745312833,
              -3.690569630838242
            ],
            [
              -40.35335455006572,
              -3.690574364197219
            ],
            [
              -40.35342215282876,
              -3.690582989922383
            ],
            [
              -40.35343356911532,
              -3.690584446574573
            ],
            [
              -40.35350838700517,
              -3.690593992901033
            ],
            [
              -40.35354465070035,
              -3.690598619934615
            ],
            [
              -40.35357414020301,
              -3.690602382620011
            ],
            [
              -40.35360634185795,
              -3.690606491358707
            ],
            [
              -40.35362906701845,
              -3.690609390952599
            ],
            [
              -40.35363425941157,
              -3.690610053470672
            ],
            [
              -40.35368379582901,
              -3.690616374017304
            ],
            [
              -40.35367610185478,
              -3.690676171637291
            ],
            [
              -40.35367573583768,
              -3.690679016324722
            ],
            [
              -40.35367307777459,
              -3.690712673817627
            ],
            [
              -40.35372163318941,
              -3.690718026874987
            ],
            [
              -40.35376403800192,
              -3.69072270184856
            ],
            [
              -40.35376419699595,
              -3.690721415103308
            ],
            [
              -40.35416383710822,
              -3.690769872606368
            ],
            [
              -40.35432622717214,
              -3.690758782539987
            ],
            [
              -40.35433350257952,
              -3.690759834347845
            ],
            [
              -40.35438700401404,
              -3.690767569064439
            ],
            [
              -40.35442916144232,
              -3.690773663772537
            ],
            [
              -40.35453745245768,
              -3.690789319416901
            ],
            [
              -40.35458351537073,
              -3.690795978733026
            ],
            [
              -40.35458936261502,
              -3.690796824069083
            ],
            [
              -40.35461934521116,
              -3.690801158651916
            ],
            [
              -40.35464034812657,
              -3.690804195041972
            ],
            [
              -40.35464007770283,
              -3.690808549629249
            ],
            [
              -40.35476033133109,
              -3.690825770739101
            ],
            [
              -40.35480970927308,
              -3.690832841979709
            ],
            [
              -40.3548234575774,
              -3.690834810825264
            ],
            [
              -40.3548235160806,
              -3.69083437843331
            ],
            [
              -40.35485943909086,
              -3.690838958263543
            ],
            [
              -40.35486499740837,
              -3.690839666894175
            ],
            [
              -40.35487620705414,
              -3.690841096013278
            ],
            [
              -40.35494535151598,
              -3.690849911245726
            ],
            [
              -40.35495479103081,
              -3.690851114689701
            ],
            [
              -40.35501837710743,
              -3.690859221277342
            ],
            [
              -40.3550858509522,
              -3.690867823511076
            ],
            [
              -40.35513160874533,
              -3.690873657164389
            ],
            [
              -40.35513965865712,
              -3.690874683446023
            ],
            [
              -40.3551589068682,
              -3.690877137396246
            ],
            [
              -40.35523547057137,
              -3.690888114777364
            ],
            [
              -40.35515589950207,
              -3.691483895550821
            ],
            [
              -40.35512566046687,
              -3.69166470884286
            ],
            [
              -40.35452221484002,
              -3.691599392542889
            ],
            [
              -40.3541344675793,
              -3.691548609612521
            ],
            [
              -40.35316887782231,
              -3.691427297556042
            ],
            [
              -40.35301464216464,
              -3.691407617773282
            ]
          ]
        ]
      }
    },
    {
      "type": "Feature",
      "properties": {
        "name": "ZEIP 3",
        "sector_num": 3,
        "subzone_code": "ZEIP_3"
      },
      "geometry": {
        "type": "Polygon",
        "coordinates": [
          [
            [
              -40.35408819709064,
              -3.686383903203788
            ],
            [
              -40.35452348356814,
              -3.68680758883117
            ],
            [
              -40.35477820722811,
              -3.687039483748716
            ],
            [
              -40.35477053565255,
              -3.687093381178618
            ],
            [
              -40.3548505797875,
              -3.687112271136314
            ],
            [
              -40.35517875194111,
              -3.687157685395928
            ],
            [
              -40.35534233741765,
              -3.687175608295116
            ],
            [
              -40.35537760100845,
              -3.687178199907051
            ],
            [
              -40.35547238729924,
              -3.687187947761324
            ],
            [
              -40.35563877515101,
              -3.687210511526358
            ],
            [
              -40.35574571811914,
              -3.687238000390033
            ],
            [
              -40.35584664777238,
              -3.687265237050381
            ],
            [
              -40.35629659273965,
              -3.68733433915564
            ],
            [
              -40.3568279486852,
              -3.687421296701602
            ],
            [
              -40.35682048460158,
              -3.687486375584263
            ],
            [
              -40.35678767252863,
              -3.687750437220906
            ],
            [
              -40.3567797869351,
              -3.687839435385592
            ],
            [
              -40.35677568181068,
              -3.687864455780488
            ],
            [
              -40.35677072212879,
              -3.687894689774191
            ],
            [
              -40.35674713865752,
              -3.688038449611797
            ],
            [
              -40.35670485916843,
              -3.688346651793897
            ],
            [
              -40.35663731035319,
              -3.688802997519627
            ],
            [
              -40.3565298679496,
              -3.689508865329498
            ],
            [
              -40.35641849698703,
              -3.690246333113302
            ],
            [
              -40.35637205630503,
              -3.690554426852924
            ],
            [
              -40.35634128036158,
              -3.690722998401241
            ],
            [
              -40.35622069303068,
              -3.690703686003594
            ],
            [
              -40.35578365246137,
              -3.690650488323679
            ],
            [
              -40.3552754241469,
              -3.690588966313743
            ],
            [
              -40.35534547768543,
              -3.690109203306331
            ],
            [
              -40.35546101451759,
              -3.689324364292059
            ],
            [
              -40.3555396421612,
              -3.68877319797593
            ],
            [
              -40.35555460804938,
              -3.688629820285742
            ],
            [
              -40.35562956850525,
              -3.688109880002851
            ],
            [
              -40.35528284293257,
              -3.688058980037035
            ],
            [
              -40.35480515656989,
              -3.687996549475594
            ],
            [
              -40.35474607305719,
              -3.687989871836889
            ],
            [
              -40.35464586998793,
              -3.687977408717965
            ],
            [
              -40.35463814245742,
              -3.688036168708453
            ],
            [
              -40.35461505953764,
              -3.688133191749665
            ],
            [
              -40.35460056435006,
              -3.688247807872985
            ],
            [
              -40.35458735987082,
              -3.688346072644365
            ],
            [
              -40.35457290895911,
              -3.688449146776265
            ],
            [
              -40.35345110255756,
              -3.688260157084792
            ],
            [
              -40.35354450931845,
              -3.687613526732604
            ],
            [
              -40.35355062891885,
              -3.687575122932826
            ],
            [
              -40.35356003438973,
              -3.687523535495849
            ],
            [
              -40.35359253416841,
              -3.687303803310113
            ],
            [
              -40.35356449227378,
              -3.687277542240314
            ],
            [
              -40.35360667059424,
              -3.687131992064778
            ],
            [
              -40.35363497056674,
              -3.687067588788194
            ],
            [
              -40.35370890309736,
              -3.68686411581998
            ],
            [
              -40.35374288163285,
              -3.686748881488852
            ],
            [
              -40.3538433754243,
              -3.686475494435227
            ],
            [
              -40.35390246635196,
              -3.686394284854536
            ],
            [
              -40.35393711516324,
              -3.686358537264693
            ],
            [
              -40.35395079746412,
              -3.686348372159224
            ],
            [
              -40.35396559426579,
              -3.6863429428174
            ],
            [
              -40.35400683822431,
              -3.686342138208212
            ],
            [
              -40.35408819709064,
              -3.686383903203788
            ]
          ]
        ]
      }
    },
    {
      "type": "Feature",
      "properties": {
        "name": "ZEIP 3",
        "sector_num": 3,
        "subzone_code": "ZEIP_3"
      },
      "geometry": {
        "type": "Polygon",
        "coordinates": [
          [
            [
              -40.35049372437911,
              -3.6869370712805
            ],
            [
              -40.35045606740076,
              -3.686974445491525
            ],
            [
              -40.35035738363275,
              -3.687072388223186
            ],
            [
              -40.35021887511626,
              -3.687219133384707
            ],
            [
              -40.35015734284327,
              -3.687301374930677
            ],
            [
              -40.35012785846902,
              -3.687350101474308
            ],
            [
              -40.35011670241854,
              -3.687364542519735
            ],
            [
              -40.35001940148073,
              -3.687467245479271
            ],
            [
              -40.34993122751111,
              -3.687556209615142
            ],
            [
              -40.34990892162441,
              -3.687581313279808
            ],
            [
              -40.34988390840191,
              -3.687554046130962
            ],
            [
              -40.34983195578682,
              -3.687498108395919
            ],
            [
              -40.34982260880848,
              -3.687488044439229
            ],
            [
              -40.34980689883207,
              -3.68747112939727
            ],
            [
              -40.34978421270971,
              -3.687446703087914
            ],
            [
              -40.34974211921823,
              -3.687489793425248
            ],
            [
              -40.34972044814507,
              -3.687470511239462
            ],
            [
              -40.34968385340497,
              -3.68743795047724
            ],
            [
              -40.34975726684515,
              -3.687363188999985
            ],
            [
              -40.34971261780527,
              -3.687317731780799
            ],
            [
              -40.34970941641539,
              -3.687314472443167
            ],
            [
              -40.34969943399776,
              -3.687304309335372
            ],
            [
              -40.34968602521986,
              -3.687317617799161
            ],
            [
              -40.34962505969591,
              -3.68725775961364
            ],
            [
              -40.34968865772202,
              -3.687195098641276
            ],
            [
              -40.34966051689461,
              -3.687166118443115
            ],
            [
              -40.34963444728142,
              -3.687139271235129
            ],
            [
              -40.34963406331202,
              -3.687138875812817
            ],
            [
              -40.34960561010129,
              -3.687163566374911
            ],
            [
              -40.34956239374748,
              -3.687118612405349
            ],
            [
              -40.34955180286735,
              -3.687107595692566
            ],
            [
              -40.34948131731113,
              -3.687034276076623
            ],
            [
              -40.34946706282885,
              -3.687048793094844
            ],
            [
              -40.34939319301367,
              -3.686973112854585
            ],
            [
              -40.34932391321023,
              -3.686883505424309
            ],
            [
              -40.34918320022463,
              -3.686750805954305
            ],
            [
              -40.34915884112574,
              -3.686727834082947
            ],
            [
              -40.34908822476603,
              -3.686661239244789
            ],
            [
              -40.34902373788913,
              -3.686718957995236
            ],
            [
              -40.34900816304705,
              -3.686732898200984
            ],
            [
              -40.34896391402872,
              -3.686683001830544
            ],
            [
              -40.34897589960844,
              -3.686672462865173
            ],
            [
              -40.3490362196777,
              -3.686617083912267
            ],
            [
              -40.34899449428698,
              -3.68657925938717
            ],
            [
              -40.34896996393516,
              -3.686606359750046
            ],
            [
              -40.34893869809947,
              -3.686634152697987
            ],
            [
              -40.348931379651,
              -3.686627461170962
            ],
            [
              -40.34890524182305,
              -3.686656329529542
            ],
            [
              -40.34889503015054,
              -3.68666760798047
            ],
            [
              -40.34889886000692,
              -3.686671106804579
            ],
            [
              -40.34887469306243,
              -3.686697805679902
            ],
            [
              -40.34881329410741,
              -3.686639902664808
            ],
            [
              -40.34877291768784,
              -3.686602567252866
            ],
            [
              -40.3486417646598,
              -3.686744388072813
            ],
            [
              -40.34817477897317,
              -3.687256931926877
            ],
            [
              -40.34810418890809,
              -3.687338072898168
            ],
            [
              -40.34800933649291,
              -3.687447400666422
            ],
            [
              -40.34788129822812,
              -3.687588669065315
            ],
            [
              -40.347837566789,
              -3.687548170626938
            ],
            [
              -40.34779169043939,
              -3.687505620153624
            ],
            [
              -40.3477900625972,
              -3.687504110324157
            ],
            [
              -40.34774660982637,
              -3.687463807720952
            ],
            [
              -40.34774442853125,
              -3.687461784561624
            ],
            [
              -40.34776862200782,
              -3.687435262484537
            ],
            [
              -40.34772296909026,
              -3.68738702893307
            ],
            [
              -40.34771208130028,
              -3.687398927423526
            ],
            [
              -40.34769247994717,
              -3.68738078407117
            ],
            [
              -40.34771013030971,
              -3.687360549178373
            ],
            [
              -40.34769900232838,
              -3.687352082655984
            ],
            [
              -40.34770905578783,
              -3.687340912954061
            ],
            [
              -40.34766733114001,
              -3.687300076732953
            ],
            [
              -40.34763808850258,
              -3.687332112003582
            ],
            [
              -40.34759263441914,
              -3.687290309342889
            ],
            [
              -40.34757009202084,
              -3.687315285553368
            ],
            [
              -40.34754967056497,
              -3.687295640963358
            ],
            [
              -40.34747162148438,
              -3.687220560983251
            ],
            [
              -40.34740496340189,
              -3.687156438651929
            ],
            [
              -40.34739799160192,
              -3.687163943416308
            ],
            [
              -40.34738614229955,
              -3.687152722769202
            ],
            [
              -40.34734247758838,
              -3.687199261637157
            ],
            [
              -40.34733745311217,
              -3.687204616840897
            ],
            [
              -40.34728629847119,
              -3.687156229894383
            ],
            [
              -40.34727227742248,
              -3.687142967445237
            ],
            [
              -40.34725910853373,
              -3.68715717886005
            ],
            [
              -40.34725144212274,
              -3.687149577924911
            ],
            [
              -40.34723138578661,
              -3.687129692881058
            ],
            [
              -40.34721457898875,
              -3.687113029605835
            ],
            [
              -40.34721132945136,
              -3.687109807836431
            ],
            [
              -40.34719128372163,
              -3.68708993330506
            ],
            [
              -40.34713165415087,
              -3.687032291373779
            ],
            [
              -40.34693373680589,
              -3.687244220355208
            ],
            [
              -40.34675020845575,
              -3.687450951206224
            ],
            [
              -40.34658272556295,
              -3.687641276730379
            ],
            [
              -40.34648544101923,
              -3.687751829665324
            ],
            [
              -40.34635050930609,
              -3.687900379756492
            ],
            [
              -40.34627384050648,
              -3.687975070349919
            ],
            [
              -40.34553360229369,
              -3.68878260435867
            ],
            [
              -40.3452720573344,
              -3.689068083293185
            ],
            [
              -40.34510442184067,
              -3.689258073091964
            ],
            [
              -40.34486665754841,
              -3.689512426515439
            ],
            [
              -40.34479130447534,
              -3.689596152113352
            ],
            [
              -40.34473345483531,
              -3.689660429450182
            ],
            [
              -40.34465896150301,
              -3.689740954896622
            ],
            [
              -40.34456206397336,
              -3.689850975656158
            ],
            [
              -40.34453617630948,
              -3.689762300714932
            ],
            [
              -40.34451343475581,
              -3.689711705293203
            ],
            [
              -40.34445627983222,
              -3.689552867118579
            ],
            [
              -40.34438753306718,
              -3.689577115334159
            ],
            [
              -40.3441921983024,
              -3.68964735980313
            ],
            [
              -40.34419047480549,
              -3.689647979406536
            ],
            [
              -40.34419474269075,
              -3.68966103373132
            ],
            [
              -40.34417838053561,
              -3.689666432649198
            ],
            [
              -40.34417425652288,
              -3.689653809937867
            ],
            [
              -40.34417399279285,
              -3.689653904749766
            ],
            [
              -40.34414435671956,
              -3.689595824843496
            ],
            [
              -40.34413218563956,
              -3.689571972314837
            ],
            [
              -40.34412602309006,
              -3.68955989512876
            ],
            [
              -40.3441183969679,
              -3.689548510045043
            ],
            [
              -40.34410585382573,
              -3.689529784311521
            ],
            [
              -40.34409207551308,
              -3.689509214582966
            ],
            [
              -40.34405100018546,
              -3.68944789296207
            ],
            [
              -40.34404131501238,
              -3.689433433902939
            ],
            [
              -40.34402829246955,
              -3.689413992461029
            ],
            [
              -40.34400899252925,
              -3.689385179447635
            ],
            [
              -40.34398318781859,
              -3.689346655413313
            ],
            [
              -40.343949851626,
              -3.68929688756848
            ],
            [
              -40.34393719545938,
              -3.689277993082737
            ],
            [
              -40.34392682292447,
              -3.689262507846861
            ],
            [
              -40.34390513323454,
              -3.689227445840588
            ],
            [
              -40.34390379752038,
              -3.689227947477371
            ],
            [
              -40.34388422313861,
              -3.689198126552463
            ],
            [
              -40.34388645938768,
              -3.689197259027706
            ],
            [
              -40.34387783330285,
              -3.689183314711278
            ],
            [
              -40.34386252479612,
              -3.6891585680642
            ],
            [
              -40.34384031465443,
              -3.689122664719307
            ],
            [
              -40.34382867332177,
              -3.689103846162056
            ],
            [
              -40.34381288799103,
              -3.689078328707771
            ],
            [
              -40.34379155692347,
              -3.689011364560804
            ],
            [
              -40.34378952100311,
              -3.68900497324033
            ],
            [
              -40.34377533690181,
              -3.688960445395458
            ],
            [
              -40.3437821791275,
              -3.688906731095107
            ],
            [
              -40.34377142813662,
              -3.688816092524426
            ],
            [
              -40.34377089763968,
              -3.688813353811788
            ],
            [
              -40.3437649916569,
              -3.688782863926543
            ],
            [
              -40.34375977695431,
              -3.688755942800951
            ],
            [
              -40.34375521775596,
              -3.688732405741435
            ],
            [
              -40.34374808753607,
              -3.688695595666623
            ],
            [
              -40.34373975036142,
              -3.688652554626748
            ],
            [
              -40.34373178404349,
              -3.688611428143798
            ],
            [
              -40.3437241235489,
              -3.688571880480734
            ],
            [
              -40.34372006469717,
              -3.688550926465195
            ],
            [
              -40.34370833668965,
              -3.688490380056359
            ],
            [
              -40.34369548351837,
              -3.688424024916004
            ],
            [
              -40.34369359165461,
              -3.688414258072882
            ],
            [
              -40.34368530414271,
              -3.688371473365402
            ],
            [
              -40.34367327613069,
              -3.688301926188758
            ],
            [
              -40.34339772769425,
              -3.688346371607198
            ],
            [
              -40.34303880804383,
              -3.688407921266089
            ],
            [
              -40.34296736327187,
              -3.688416116164508
            ],
            [
              -40.34295830294723,
              -3.688347185756268
            ],
            [
              -40.34296588772207,
              -3.688303375630332
            ],
            [
              -40.3431862364565,
              -3.688056706959832
            ],
            [
              -40.34331970580349,
              -3.687930859140448
            ],
            [
              -40.34332977198901,
              -3.687921368011057
            ],
            [
              -40.34335633528038,
              -3.687892939022451
            ],
            [
              -40.34343828661503,
              -3.687805231950096
            ],
            [
              -40.34347457410502,
              -3.687770112763979
            ],
            [
              -40.3435555064563,
              -3.687691786080764
            ],
            [
              -40.34366648241352,
              -3.687586457118302
            ],
            [
              -40.34378406161616,
              -3.687469552999949
            ],
            [
              -40.34389830373969,
              -3.687366627615555
            ],
            [
              -40.34427240864641,
              -3.687010757333654
            ],
            [
              -40.34380058264988,
              -3.68635553433891
            ],
            [
              -40.34344152809437,
              -3.685847342170292
            ],
            [
              -40.3432015005792,
              -3.685549176219788
            ],
            [
              -40.34314569668089,
              -3.685477632486412
            ],
            [
              -40.34336826082959,
              -3.685200836843393
            ],
            [
              -40.34356657261671,
              -3.684989243192129
            ],
            [
              -40.34362216961633,
              -3.684929922582945
            ],
            [
              -40.34375858896045,
              -3.685043637475834
            ],
            [
              -40.34379475041922,
              -3.685076054103357
            ],
            [
              -40.34382607309079,
              -3.685102004942113
            ],
            [
              -40.34433688012378,
              -3.68558096417792
            ],
            [
              -40.34437249119267,
              -3.685602348273052
            ],
            [
              -40.34441167587475,
              -3.685614413877925
            ],
            [
              -40.34444839815544,
              -3.685638373953417
            ],
            [
              -40.34451699289271,
              -3.685572970854603
            ],
            [
              -40.34459485629916,
              -3.685498793249588
            ],
            [
              -40.34488764770999,
              -3.685176744129426
            ],
            [
              -40.34496918227922,
              -3.685234011284621
            ],
            [
              -40.34499008933977,
              -3.685248695702028
            ],
            [
              -40.34509510235036,
              -3.685350128262666
            ],
            [
              -40.34537007253958,
              -3.68562603185082
            ],
            [
              -40.34548807539354,
              -3.68576557511749
            ],
            [
              -40.34554497334403,
              -3.685841939715147
            ],
            [
              -40.34559434334853,
              -3.685895052502698
            ],
            [
              -40.34568974755747,
              -3.685988507842597
            ],
            [
              -40.34627161855283,
              -3.686580107426367
            ],
            [
              -40.34676369046958,
              -3.686040417297169
            ],
            [
              -40.34682982731165,
              -3.686109697695751
            ],
            [
              -40.34724508025865,
              -3.686516608640356
            ],
            [
              -40.34735792864237,
              -3.686624553537852
            ],
            [
              -40.34744390845108,
              -3.686697930686265
            ],
            [
              -40.3480434124834,
              -3.686049052488961
            ],
            [
              -40.34813295485009,
              -3.68594502021907
            ],
            [
              -40.34839402726723,
              -3.685657198394825
            ],
            [
              -40.34871423733634,
              -3.685304588067422
            ],
            [
              -40.34942802828872,
              -3.684521119414068
            ],
            [
              -40.35010061971188,
              -3.68515297037867
            ],
            [
              -40.3506208383493,
              -3.685636003933702
            ],
            [
              -40.35117992644687,
              -3.685057518409786
            ],
            [
              -40.35178436542665,
              -3.685618252786403
            ],
            [
              -40.35134632139415,
              -3.686069073063576
            ],
            [
              -40.35122297113833,
              -3.686196998806726
            ],
            [
              -40.3511664992319,
              -3.686255565437805
            ],
            [
              -40.35087139136349,
              -3.68655723421861
            ],
            [
              -40.35079921167197,
              -3.686631550841204
            ],
            [
              -40.35058604840906,
              -3.686851024873422
            ],
            [
              -40.35049372437911,
              -3.6869370712805
            ]
          ]
        ]
      }
    },
    {
      "type": "Feature",
      "properties": {
        "name": "ZEIP 4",
        "sector_num": 4,
        "subzone_code": "ZEIP_4"
      },
      "geometry": {
        "type": "Polygon",
        "coordinates": [
          [
            [
              -40.35322643597131,
              -3.689828833006747
            ],
            [
              -40.35288351883524,
              -3.689763232917847
            ],
            [
              -40.35271251561851,
              -3.689738341466916
            ],
            [
              -40.3527251189644,
              -3.689690958406174
            ],
            [
              -40.35262579402004,
              -3.689663026205027
            ],
            [
              -40.35171954324906,
              -3.689336138174251
            ],
            [
              -40.35184361560145,
              -3.688707481774006
            ],
            [
              -40.3518880864649,
              -3.688482154421376
            ],
            [
              -40.35194006169993,
              -3.688232222951018
            ],
            [
              -40.35195384542835,
              -3.68812709487573
            ],
            [
              -40.35196814142416,
              -3.688100018488776
            ],
            [
              -40.35185821537345,
              -3.688045518020244
            ],
            [
              -40.35175784903364,
              -3.687984833754181
            ],
            [
              -40.35169054424892,
              -3.687934130232475
            ],
            [
              -40.35166771425173,
              -3.687916931796141
            ],
            [
              -40.35164566161634,
              -3.687901204605939
            ],
            [
              -40.35157122034763,
              -3.687848116987542
            ],
            [
              -40.35131848126761,
              -3.687646148623899
            ],
            [
              -40.35124029986802,
              -3.687592188449382
            ],
            [
              -40.35118475568279,
              -3.687549388955869
            ],
            [
              -40.35112197289511,
              -3.687493815286722
            ],
            [
              -40.35081923805301,
              -3.687217523860452
            ],
            [
              -40.35057690936404,
              -3.686996361960055
            ],
            [
              -40.35049372437911,
              -3.6869370712805
            ],
            [
              -40.35058604840906,
              -3.686851024873422
            ],
            [
              -40.35079921167197,
              -3.686631550841204
            ],
            [
              -40.35087139136349,
              -3.68655723421861
            ],
            [
              -40.3511664992319,
              -3.686255565437805
            ],
            [
              -40.35122297113833,
              -3.686196998806726
            ],
            [
              -40.35134632139415,
              -3.686069073063576
            ],
            [
              -40.35178436542665,
              -3.685618252786403
            ],
            [
              -40.35245827341625,
              -3.686256090954778
            ],
            [
              -40.35261808247506,
              -3.686401691247157
            ],
            [
              -40.35296559329687,
              -3.686729965621738
            ],
            [
              -40.35310339755054,
              -3.686847885427742
            ],
            [
              -40.35357157971508,
              -3.686406392111501
            ],
            [
              -40.35370766863817,
              -3.686268749953213
            ],
            [
              -40.35375724250659,
              -3.686217263380438
            ],
            [
              -40.35379937419719,
              -3.686173506121214
            ],
            [
              -40.35383373167056,
              -3.686126680475506
            ],
            [
              -40.35390938077169,
              -3.686166527752843
            ],
            [
              -40.35396852964877,
              -3.686225420618316
            ],
            [
              -40.35401419638369,
              -3.686280980390776
            ],
            [
              -40.35408819709064,
              -3.686383903203788
            ],
            [
              -40.35400683822431,
              -3.686342138208212
            ],
            [
              -40.35396559426579,
              -3.6863429428174
            ],
            [
              -40.35395079746412,
              -3.686348372159224
            ],
            [
              -40.35393711516324,
              -3.686358537264693
            ],
            [
              -40.35390246635196,
              -3.686394284854536
            ],
            [
              -40.3538433754243,
              -3.686475494435227
            ],
            [
              -40.35374288163285,
              -3.686748881488852
            ],
            [
              -40.35370890309736,
              -3.68686411581998
            ],
            [
              -40.35363497056674,
              -3.687067588788194
            ],
            [
              -40.35360667059424,
              -3.687131992064778
            ],
            [
              -40.35356449227378,
              -3.687277542240314
            ],
            [
              -40.35359253416841,
              -3.687303803310113
            ],
            [
              -40.35356003438973,
              -3.687523535495849
            ],
            [
              -40.35355062891885,
              -3.687575122932826
            ],
            [
              -40.35354450931845,
              -3.687613526732604
            ],
            [
              -40.35345110255756,
              -3.688260157084792
            ],
            [
              -40.35334727486302,
              -3.688970880369523
            ],
            [
              -40.35330764598004,
              -3.689245142832107
            ],
            [
              -40.35329721243583,
              -3.689317351020083
            ],
            [
              -40.35328998018718,
              -3.689367403771039
            ],
            [
              -40.35327967246168,
              -3.689438741201593
            ],
            [
              -40.35327128377299,
              -3.689496797415952
            ],
            [
              -40.35326720495951,
              -3.689525025960863
            ],
            [
              -40.3532608806803,
              -3.689568794866924
            ],
            [
              -40.35323608279761,
              -3.689740415415794
            ],
            [
              -40.35322643597131,
              -3.689828833006747
            ]
          ]
        ]
      }
    },
    {
      "type": "Feature",
      "properties": {
        "name": "ZEIP 4",
        "sector_num": 4,
        "subzone_code": "ZEIP_4"
      },
      "geometry": {
        "type": "Polygon",
        "coordinates": [
          [
            [
              -40.35135836901473,
              -3.691195507426111
            ],
            [
              -40.35133948965446,
              -3.691323824164435
            ],
            [
              -40.35124376543378,
              -3.691805541543323
            ],
            [
              -40.35086945967773,
              -3.691749886111091
            ],
            [
              -40.35069500031064,
              -3.691723945730573
            ],
            [
              -40.35072407035595,
              -3.691542420693434
            ],
            [
              -40.35076217840825,
              -3.69123444957122
            ],
            [
              -40.35076909129424,
              -3.691121121842002
            ],
            [
              -40.35090882255929,
              -3.691138633562074
            ],
            [
              -40.35111093196785,
              -3.691164203236984
            ],
            [
              -40.35135836901473,
              -3.691195507426111
            ]
          ]
        ]
      }
    },
    {
      "type": "Feature",
      "properties": {
        "name": "ZEIP 5",
        "sector_num": 5,
        "subzone_code": "ZEIP_5"
      },
      "geometry": {
        "type": "Polygon",
        "coordinates": [
          [
            [
              -40.3480434124834,
              -3.686049052488961
            ],
            [
              -40.34744390845108,
              -3.686697930686265
            ],
            [
              -40.34735792864237,
              -3.686624553537852
            ],
            [
              -40.34724508025865,
              -3.686516608640356
            ],
            [
              -40.34682982731165,
              -3.686109697695751
            ],
            [
              -40.34676369046958,
              -3.686040417297169
            ],
            [
              -40.34627161855283,
              -3.686580107426367
            ],
            [
              -40.34568974755747,
              -3.685988507842597
            ],
            [
              -40.34559434334853,
              -3.685895052502698
            ],
            [
              -40.34554497334403,
              -3.685841939715147
            ],
            [
              -40.34548807539354,
              -3.68576557511749
            ],
            [
              -40.34537007253958,
              -3.68562603185082
            ],
            [
              -40.34509510235036,
              -3.685350128262666
            ],
            [
              -40.34499008933977,
              -3.685248695702028
            ],
            [
              -40.34488764770999,
              -3.685176744129426
            ],
            [
              -40.34459485629916,
              -3.685498793249588
            ],
            [
              -40.34451699289271,
              -3.685572970854603
            ],
            [
              -40.34444839815544,
              -3.685638373953417
            ],
            [
              -40.34441167587475,
              -3.685614413877925
            ],
            [
              -40.34437249119267,
              -3.685602348273052
            ],
            [
              -40.34433688012378,
              -3.68558096417792
            ],
            [
              -40.34382607309079,
              -3.685102004942113
            ],
            [
              -40.34379475041922,
              -3.685076054103357
            ],
            [
              -40.34375858896045,
              -3.685043637475834
            ],
            [
              -40.34362216961633,
              -3.684929922582945
            ],
            [
              -40.34372598117799,
              -3.684836612466026
            ],
            [
              -40.34375728991635,
              -3.684808470874744
            ],
            [
              -40.3438425195333,
              -3.684738337491543
            ],
            [
              -40.3440096501574,
              -3.684607841977739
            ],
            [
              -40.34416598491015,
              -3.684492873070498
            ],
            [
              -40.34421550076056,
              -3.684456458999943
            ],
            [
              -40.34447674358204,
              -3.684282644341779
            ],
            [
              -40.34467945394004,
              -3.684164040708124
            ],
            [
              -40.3448272774751,
              -3.684087549940073
            ],
            [
              -40.34493344783913,
              -3.684032612439091
            ],
            [
              -40.34539993981452,
              -3.683809477885626
            ],
            [
              -40.34581204425935,
              -3.683611723902147
            ],
            [
              -40.34585282512641,
              -3.683592154629459
            ],
            [
              -40.34630115776731,
              -3.683380281774844
            ],
            [
              -40.34643075358853,
              -3.683318520313409
            ],
            [
              -40.34655366550327,
              -3.683259944178586
            ],
            [
              -40.34658302664559,
              -3.683305627328529
            ],
            [
              -40.34666395033263,
              -3.683419909535249
            ],
            [
              -40.34717707913535,
              -3.683893697238587
            ],
            [
              -40.34802018900704,
              -3.684665419838249
            ],
            [
              -40.34871423733634,
              -3.685304588067422
            ],
            [
              -40.34839402726723,
              -3.685657198394825
            ],
            [
              -40.3480434124834,
              -3.686049052488961
            ]
          ]
        ]
      }
    },
    {
      "type": "Feature",
      "properties": {
        "name": "ZEIP 5",
        "sector_num": 5,
        "subzone_code": "ZEIP_5"
      },
      "geometry": {
        "type": "Polygon",
        "coordinates": [
          [
            [
              -40.34335633528038,
              -3.687892939022451
            ],
            [
              -40.34329889123689,
              -3.687830056759797
            ],
            [
              -40.34317512695203,
              -3.687702850409224
            ],
            [
              -40.34314581266975,
              -3.687679880298596
            ],
            [
              -40.34310302358537,
              -3.687668695629029
            ],
            [
              -40.34279618286248,
              -3.687623619776522
            ],
            [
              -40.34270273107446,
              -3.687609200641035
            ],
            [
              -40.34258896103291,
              -3.687593691655444
            ],
            [
              -40.34257429552524,
              -3.687572726198746
            ],
            [
              -40.34256894999182,
              -3.687542344009428
            ],
            [
              -40.34257102363219,
              -3.687517939825348
            ],
            [
              -40.34258197398571,
              -3.687474303630028
            ],
            [
              -40.34259547371666,
              -3.687409523057842
            ],
            [
              -40.34261097631118,
              -3.687333769429892
            ],
            [
              -40.34256771031887,
              -3.687304732591801
            ],
            [
              -40.34255681788032,
              -3.687296961806542
            ],
            [
              -40.34254767055023,
              -3.687285834693486
            ],
            [
              -40.34247938768532,
              -3.687121232160144
            ],
            [
              -40.34237044570577,
              -3.687096069706295
            ],
            [
              -40.34230417529565,
              -3.687080763145896
            ],
            [
              -40.34225692905672,
              -3.687069850618762
            ],
            [
              -40.34228701276526,
              -3.686976354469171
            ],
            [
              -40.34237407486781,
              -3.686747055288964
            ],
            [
              -40.34246167363867,
              -3.686547962414137
            ],
            [
              -40.34250899939153,
              -3.686458313233615
            ],
            [
              -40.34261706602278,
              -3.686253602550588
            ],
            [
              -40.34265232839376,
              -3.68618680500615
            ],
            [
              -40.34278724601553,
              -3.685966541027811
            ],
            [
              -40.34299048809594,
              -3.685670660153367
            ],
            [
              -40.34314569668089,
              -3.685477632486412
            ],
            [
              -40.3432015005792,
              -3.685549176219788
            ],
            [
              -40.34344152809437,
              -3.685847342170292
            ],
            [
              -40.34380058264988,
              -3.68635553433891
            ],
            [
              -40.34427240864641,
              -3.687010757333654
            ],
            [
              -40.34389830373969,
              -3.687366627615555
            ],
            [
              -40.34378406161616,
              -3.687469552999949
            ],
            [
              -40.34366648241352,
              -3.687586457118302
            ],
            [
              -40.3435555064563,
              -3.687691786080764
            ],
            [
              -40.34347457410502,
              -3.687770112763979
            ],
            [
              -40.34343828661503,
              -3.687805231950096
            ],
            [
              -40.34335633528038,
              -3.687892939022451
            ]
          ]
        ]
      }
    },
    {
      "type": "Feature",
      "properties": {
        "name": "ZEIP 6",
        "sector_num": 6,
        "subzone_code": "ZEIP_6"
      },
      "geometry": {
        "type": "Polygon",
        "coordinates": [
          [
            [
              -40.35634128036158,
              -3.690722998401241
            ],
            [
              -40.35631448871162,
              -3.690881259559013
            ],
            [
              -40.35627607402565,
              -3.691143044655926
            ],
            [
              -40.35626639302742,
              -3.691209017896004
            ],
            [
              -40.35626639302742,
              -3.691209017896021
            ],
            [
              -40.35617925438734,
              -3.691802842971684
            ],
            [
              -40.35608731436825,
              -3.692322056766896
            ],
            [
              -40.35606953646082,
              -3.692454894783039
            ],
            [
              -40.35599480509445,
              -3.692918800118321
            ],
            [
              -40.35593767751988,
              -3.693278695857088
            ],
            [
              -40.35592795643237,
              -3.693368361628483
            ],
            [
              -40.35585724179676,
              -3.693732392494574
            ],
            [
              -40.35581403884188,
              -3.69385322684399
            ],
            [
              -40.35578292955632,
              -3.693891741270073
            ],
            [
              -40.35577423695675,
              -3.693908097830981
            ],
            [
              -40.35574245184326,
              -3.693995440433917
            ],
            [
              -40.35572230352882,
              -3.694056527383976
            ],
            [
              -40.35569559197248,
              -3.694147148954684
            ],
            [
              -40.35568302968564,
              -3.694200693910889
            ],
            [
              -40.35567186779589,
              -3.694244457907896
            ],
            [
              -40.35564113856302,
              -3.694343572003643
            ],
            [
              -40.35561783497834,
              -3.694429126201511
            ],
            [
              -40.35560740208748,
              -3.694459098168847
            ],
            [
              -40.35558790211127,
              -3.694533329272756
            ],
            [
              -40.35553362792811,
              -3.694518056815443
            ],
            [
              -40.35549509614839,
              -3.694511811951323
            ],
            [
              -40.3554950961482,
              -3.694511811951292
            ],
            [
              -40.35495108078302,
              -3.694444670847979
            ],
            [
              -40.35482794650409,
              -3.694437572291124
            ],
            [
              -40.35454079368136,
              -3.694435427881996
            ],
            [
              -40.35451439466174,
              -3.694431841479998
            ],
            [
              -40.35436836443751,
              -3.694421811334444
            ],
            [
              -40.35423242823709,
              -3.69440944672909
            ],
            [
              -40.35417485110315,
              -3.694406765437862
            ],
            [
              -40.35411968179082,
              -3.694409142616982
            ],
            [
              -40.35405917813215,
              -3.694397155476059
            ],
            [
              -40.35398512544253,
              -3.694366904872104
            ],
            [
              -40.35395592557045,
              -3.694335952529344
            ],
            [
              -40.35387147195377,
              -3.69426474119863
            ],
            [
              -40.35381247534468,
              -3.694209968028451
            ],
            [
              -40.35377126694458,
              -3.694163788778452
            ],
            [
              -40.35370470574845,
              -3.69411705046858
            ],
            [
              -40.35323839178041,
              -3.693838915176214
            ],
            [
              -40.35315731293237,
              -3.693787591775458
            ],
            [
              -40.35304917519265,
              -3.693728531529012
            ],
            [
              -40.35282413765849,
              -3.693622538467124
            ],
            [
              -40.35274011512632,
              -3.693582646486371
            ],
            [
              -40.35272780098074,
              -3.693680689371821
            ],
            [
              -40.35266643954793,
              -3.694202332748095
            ],
            [
              -40.35265183627776,
              -3.694326477538749
            ],
            [
              -40.35249882725725,
              -3.69418462100819
            ],
            [
              -40.3524598586956,
              -3.694148492764885
            ],
            [
              -40.3523151658162,
              -3.694006171084517
            ],
            [
              -40.35226317804567,
              -3.693947866971479
            ],
            [
              -40.35208437207534,
              -3.693779015791804
            ],
            [
              -40.35202311301421,
              -3.693716378274877
            ],
            [
              -40.35198756070385,
              -3.693680025956398
            ],
            [
              -40.3520532675826,
              -3.693578145091467
            ],
            [
              -40.35207140962708,
              -3.69354572749579
            ],
            [
              -40.35216345243755,
              -3.693367106993856
            ],
            [
              -40.35219122253625,
              -3.693301671597552
            ],
            [
              -40.35221593177905,
              -3.693252961299207
            ],
            [
              -40.35223073828037,
              -3.693153930305338
            ],
            [
              -40.35226360096043,
              -3.692852731628948
            ],
            [
              -40.35237347440773,
              -3.691955879099627
            ],
            [
              -40.35181611042796,
              -3.691883192632343
            ],
            [
              -40.35124376543378,
              -3.691805541543323
            ],
            [
              -40.35133948965446,
              -3.691323824164435
            ],
            [
              -40.35135836901473,
              -3.691195507426111
            ],
            [
              -40.35159670161974,
              -3.691224578128392
            ],
            [
              -40.35202722506619,
              -3.691277091200508
            ],
            [
              -40.35232996719996,
              -3.691317616362888
            ],
            [
              -40.35244518553239,
              -3.691333039497531
            ],
            [
              -40.35246339918736,
              -3.691335478098421
            ],
            [
              -40.35247954713382,
              -3.691337608725297
            ],
            [
              -40.35301464216464,
              -3.691407617773282
            ],
            [
              -40.35316887782231,
              -3.691427297556042
            ],
            [
              -40.3541344675793,
              -3.691548609612521
            ],
            [
              -40.35452221484002,
              -3.691599392542889
            ],
            [
              -40.35512566046687,
              -3.69166470884286
            ],
            [
              -40.35515589950207,
              -3.691483895550821
            ],
            [
              -40.3552754241469,
              -3.690588966313743
            ],
            [
              -40.35578365246137,
              -3.690650488323679
            ],
            [
              -40.35622069303068,
              -3.690703686003594
            ],
            [
              -40.35634128036158,
              -3.690722998401241
            ]
          ]
        ]
      }
    },
    {
      "type": "Feature",
      "properties": {
        "name": "ZEIP 8",
        "sector_num": 8,
        "subzone_code": "ZEIP_8"
      },
      "geometry": {
        "type": "Polygon",
        "coordinates": [
          [
            [
              -40.35272780098074,
              -3.693680689371821
            ],
            [
              -40.35274011512632,
              -3.693582646486371
            ],
            [
              -40.35282413765849,
              -3.693622538467124
            ],
            [
              -40.35304917519265,
              -3.693728531529012
            ],
            [
              -40.35315731293237,
              -3.693787591775458
            ],
            [
              -40.35323839178041,
              -3.693838915176214
            ],
            [
              -40.35370470574845,
              -3.69411705046858
            ],
            [
              -40.35377126694458,
              -3.694163788778452
            ],
            [
              -40.35381247534468,
              -3.694209968028451
            ],
            [
              -40.35387147195377,
              -3.69426474119863
            ],
            [
              -40.35395592557045,
              -3.694335952529344
            ],
            [
              -40.35398512544253,
              -3.694366904872104
            ],
            [
              -40.35405917813215,
              -3.694397155476059
            ],
            [
              -40.35411968179082,
              -3.694409142616982
            ],
            [
              -40.35417485110315,
              -3.694406765437862
            ],
            [
              -40.35423242823709,
              -3.69440944672909
            ],
            [
              -40.35436836443751,
              -3.694421811334444
            ],
            [
              -40.35451439466174,
              -3.694431841479998
            ],
            [
              -40.35454079368136,
              -3.694435427881996
            ],
            [
              -40.35482794650409,
              -3.694437572291124
            ],
            [
              -40.35495108078302,
              -3.694444670847979
            ],
            [
              -40.35549509614822,
              -3.694511811951292
            ],
            [
              -40.35549509614839,
              -3.694511811951323
            ],
            [
              -40.35553362792811,
              -3.694518056815443
            ],
            [
              -40.35558790211127,
              -3.694533329272756
            ],
            [
              -40.35563011477861,
              -3.694538824204797
            ],
            [
              -40.3557106573725,
              -3.694557047397288
            ],
            [
              -40.35575298771722,
              -3.694573639631085
            ],
            [
              -40.35578252891523,
              -3.694596333821215
            ],
            [
              -40.35580131740162,
              -3.694617418300195
            ],
            [
              -40.35581611313337,
              -3.694644430269818
            ],
            [
              -40.35582466044809,
              -3.694672325502514
            ],
            [
              -40.35582624027064,
              -3.694716094397299
            ],
            [
              -40.35582321772492,
              -3.694743176176235
            ],
            [
              -40.35577547928717,
              -3.694951408866483
            ],
            [
              -40.35574682241191,
              -3.695076408721459
            ],
            [
              -40.35572737887139,
              -3.695168824428331
            ],
            [
              -40.35573184593186,
              -3.695213796328527
            ],
            [
              -40.35573328575309,
              -3.695264968286717
            ],
            [
              -40.35574819376786,
              -3.695343389400491
            ],
            [
              -40.35575556252786,
              -3.695361733734257
            ],
            [
              -40.35576857136883,
              -3.695413748085969
            ],
            [
              -40.35574467871905,
              -3.695421442597572
            ],
            [
              -40.35570117132894,
              -3.695435453939054
            ],
            [
              -40.35563237190585,
              -3.695453888575677
            ],
            [
              -40.35563883641879,
              -3.695482512489336
            ],
            [
              -40.35558655210754,
              -3.695495477569972
            ],
            [
              -40.35549564564838,
              -3.695513490420903
            ],
            [
              -40.35545967601437,
              -3.695519106195921
            ],
            [
              -40.35543200800755,
              -3.695524047266847
            ],
            [
              -40.35538339196559,
              -3.695533124730479
            ],
            [
              -40.35535888907579,
              -3.695539517314627
            ],
            [
              -40.35533069793477,
              -3.695547107119529
            ],
            [
              -40.35530817326806,
              -3.695554423449247
            ],
            [
              -40.35528644113653,
              -3.695562930135262
            ],
            [
              -40.35525094531376,
              -3.695576819975007
            ],
            [
              -40.35519029639755,
              -3.695602862649838
            ],
            [
              -40.35511390947747,
              -3.695635946458385
            ],
            [
              -40.35505767383649,
              -3.695660923192488
            ],
            [
              -40.35502560227784,
              -3.695673351416271
            ],
            [
              -40.35501743524755,
              -3.695675879464615
            ],
            [
              -40.35497981674185,
              -3.695680504773327
            ],
            [
              -40.35495794558046,
              -3.695684245382314
            ],
            [
              -40.35493501529356,
              -3.695684810090181
            ],
            [
              -40.35491630020936,
              -3.695684044373634
            ],
            [
              -40.35488571738482,
              -3.695678795342181
            ],
            [
              -40.35475585669949,
              -3.695646292214066
            ],
            [
              -40.35455190069445,
              -3.695593778203589
            ],
            [
              -40.3543425391848,
              -3.695539816047397
            ],
            [
              -40.35397760472418,
              -3.695444386939613
            ],
            [
              -40.35371735865656,
              -3.695380969909261
            ],
            [
              -40.3536860858693,
              -3.695442185105605
            ],
            [
              -40.35368057646949,
              -3.695459140332711
            ],
            [
              -40.35367193988827,
              -3.695499666984639
            ],
            [
              -40.35365921647614,
              -3.695539273112095
            ],
            [
              -40.35364405358169,
              -3.69556878026899
            ],
            [
              -40.35363423919437,
              -3.69558048675179
            ],
            [
              -40.35361937064215,
              -3.695595999934226
            ],
            [
              -40.35360002370809,
              -3.695613108731156
            ],
            [
              -40.35356908244493,
              -3.695632221220803
            ],
            [
              -40.35354517989305,
              -3.695643445327255
            ],
            [
              -40.35352021671442,
              -3.695650500554922
            ],
            [
              -40.35349649990096,
              -3.695653846763008
            ],
            [
              -40.35346948537772,
              -3.695655212062878
            ],
            [
              -40.3534370082056,
              -3.695654901051714
            ],
            [
              -40.35338922019098,
              -3.695651164359523
            ],
            [
              -40.35330197214682,
              -3.695648385100959
            ],
            [
              -40.35324977929739,
              -3.695645287416736
            ],
            [
              -40.35319731404221,
              -3.695636364683337
            ],
            [
              -40.35315459949129,
              -3.695626367856939
            ],
            [
              -40.35274106302582,
              -3.695486143851737
            ],
            [
              -40.35244042156236,
              -3.695376210621844
            ],
            [
              -40.35231020060637,
              -3.695297971050506
            ],
            [
              -40.35229172732656,
              -3.695342485019038
            ],
            [
              -40.35225196358447,
              -3.695337907228069
            ],
            [
              -40.35221436553347,
              -3.695325632206271
            ],
            [
              -40.35218555402585,
              -3.695307124431737
            ],
            [
              -40.35216280317042,
              -3.69535111270502
            ],
            [
              -40.35212729676111,
              -3.695339207841884
            ],
            [
              -40.35213590157762,
              -3.695314732536927
            ],
            [
              -40.3521514152172,
              -3.695298389312041
            ],
            [
              -40.35214248558167,
              -3.695282170434028
            ],
            [
              -40.35207833150823,
              -3.695309989781696
            ],
            [
              -40.35210721887138,
              -3.695285028036649
            ],
            [
              -40.35210266487315,
              -3.695272999263707
            ],
            [
              -40.35213183276527,
              -3.695263480090454
            ],
            [
              -40.35211356640045,
              -3.695237352709655
            ],
            [
              -40.35209578440291,
              -3.695196496803714
            ],
            [
              -40.35209028854781,
              -3.69517289279195
            ],
            [
              -40.35208702976929,
              -3.695170841054835
            ],
            [
              -40.35205828223508,
              -3.695153846008042
            ],
            [
              -40.35199754493666,
              -3.695109930017471
            ],
            [
              -40.35195406857248,
              -3.695061333731323
            ],
            [
              -40.35186547768453,
              -3.694954533216773
            ],
            [
              -40.35175944882057,
              -3.69486178575708
            ],
            [
              -40.3516693447795,
              -3.694781201015939
            ],
            [
              -40.3515646354918,
              -3.694686362363755
            ],
            [
              -40.35147669736828,
              -3.694606652524797
            ],
            [
              -40.35135091319817,
              -3.69449229958908
            ],
            [
              -40.35123591160518,
              -3.694389201606692
            ],
            [
              -40.35104841220764,
              -3.694212449410098
            ],
            [
              -40.35140576786395,
              -3.693774832829522
            ],
            [
              -40.35157895518824,
              -3.693922458084363
            ],
            [
              -40.35167232854533,
              -3.694012034359262
            ],
            [
              -40.35189811314797,
              -3.694215411500238
            ],
            [
              -40.35215664537905,
              -3.694439419482574
            ],
            [
              -40.35222341062491,
              -3.694501259570867
            ],
            [
              -40.35226566863332,
              -3.694540400269838
            ],
            [
              -40.35235606838513,
              -3.6946102912628
            ],
            [
              -40.35249800036279,
              -3.69470514205087
            ],
            [
              -40.35257823089471,
              -3.694765754505772
            ],
            [
              -40.35261364101357,
              -3.694626771761178
            ],
            [
              -40.35265183627776,
              -3.694326477538749
            ],
            [
              -40.35272780098074,
              -3.693680689371821
            ]
          ]
        ]
      }
    },
    {
      "type": "Feature",
      "properties": {
        "name": "ZEIP 9",
        "sector_num": 9,
        "subzone_code": "ZEIP_9"
      },
      "geometry": {
        "type": "Polygon",
        "coordinates": [
          [
            [
              -40.34963570714601,
              -3.69221204646848
            ],
            [
              -40.34973377630079,
              -3.692103315880496
            ],
            [
              -40.34981525135193,
              -3.692200767525955
            ],
            [
              -40.34984561608315,
              -3.692234160305622
            ],
            [
              -40.34987635817067,
              -3.692269431036275
            ],
            [
              -40.35004454378635,
              -3.692442476747479
            ],
            [
              -40.35010058349221,
              -3.692497071292296
            ],
            [
              -40.35017981406019,
              -3.692582626456153
            ],
            [
              -40.35039108119646,
              -3.692799286421489
            ],
            [
              -40.35042835521532,
              -3.692833591158216
            ],
            [
              -40.35048725205624,
              -3.692893996782845
            ],
            [
              -40.35049636808775,
              -3.69290268356812
            ],
            [
              -40.35050272949599,
              -3.692908745436772
            ],
            [
              -40.35048765226374,
              -3.692972344433413
            ],
            [
              -40.35047015568433,
              -3.693124501115
            ],
            [
              -40.35046033214248,
              -3.693255761603692
            ],
            [
              -40.35043851907191,
              -3.693372420066313
            ],
            [
              -40.3504044036704,
              -3.693479573515835
            ],
            [
              -40.350348435232,
              -3.693587617055313
            ],
            [
              -40.35028626303885,
              -3.693554040768052
            ],
            [
              -40.35002234362449,
              -3.693411477518841
            ],
            [
              -40.34970976602169,
              -3.693178347926895
            ],
            [
              -40.34972725229043,
              -3.693149741091519
            ],
            [
              -40.3497292311725,
              -3.693135914285318
            ],
            [
              -40.34971845999233,
              -3.693121751531336
            ],
            [
              -40.34970812947255,
              -3.693116003866019
            ],
            [
              -40.34969225635385,
              -3.693116609593271
            ],
            [
              -40.3496807775865,
              -3.693125796875792
            ],
            [
              -40.34963739945189,
              -3.693185400501713
            ],
            [
              -40.34964250958736,
              -3.693201261450496
            ],
            [
              -40.34944719176728,
              -3.693485502926452
            ],
            [
              -40.34946389622356,
              -3.693560448727103
            ],
            [
              -40.34939493258756,
              -3.693579415467832
            ],
            [
              -40.3493983347155,
              -3.693584721926209
            ],
            [
              -40.34940057334975,
              -3.693588747164918
            ],
            [
              -40.34940274171608,
              -3.693592811040603
            ],
            [
              -40.34940483915395,
              -3.693596912315395
            ],
            [
              -40.34940686502448,
              -3.693601049740001
            ],
            [
              -40.34940881871056,
              -3.693605222054123
            ],
            [
              -40.34941069961708,
              -3.693609427986827
            ],
            [
              -40.34941250717111,
              -3.693613666256959
            ],
            [
              -40.34941424082204,
              -3.693617935573497
            ],
            [
              -40.34941590004177,
              -3.693622234635971
            ],
            [
              -40.3494174843249,
              -3.693626562134822
            ],
            [
              -40.34941899318885,
              -3.693630916751872
            ],
            [
              -40.34942042617399,
              -3.693635297160685
            ],
            [
              -40.34942178284381,
              -3.693639702026897
            ],
            [
              -40.34942306278509,
              -3.693644130008777
            ],
            [
              -40.3494242656079,
              -3.693648579757509
            ],
            [
              -40.34942539094588,
              -3.693653049917671
            ],
            [
              -40.34942643845623,
              -3.693657539127588
            ],
            [
              -40.34942740781987,
              -3.693662046019828
            ],
            [
              -40.34942829874152,
              -3.693666569221522
            ],
            [
              -40.3494291109498,
              -3.693671107354884
            ],
            [
              -40.34942984419729,
              -3.693675659037546
            ],
            [
              -40.34943049826065,
              -3.693680222883002
            ],
            [
              -40.34943107294063,
              -3.693684797501092
            ],
            [
              -40.34943156806219,
              -3.693689381498336
            ],
            [
              -40.3494319834745,
              -3.693693973478398
            ],
            [
              -40.34943231905103,
              -3.693698572042519
            ],
            [
              -40.34943257468954,
              -3.693703175789922
            ],
            [
              -40.34943275031218,
              -3.693707783318276
            ],
            [
              -40.34943284586544,
              -3.693712393224083
            ],
            [
              -40.34943286132022,
              -3.693717004103112
            ],
            [
              -40.34943279667181,
              -3.693721614550856
            ],
            [
              -40.3494326519399,
              -3.693726223162921
            ],
            [
              -40.34943242716857,
              -3.693730828535485
            ],
            [
              -40.34943212242628,
              -3.693735429265693
            ],
            [
              -40.34943173780588,
              -3.693740023952147
            ],
            [
              -40.34943127342451,
              -3.693744611195235
            ],
            [
              -40.34943072942364,
              -3.693749189597642
            ],
            [
              -40.34943010596895,
              -3.693753757764743
            ],
            [
              -40.34942940325036,
              -3.693758314305056
            ],
            [
              -40.34942862148193,
              -3.693762857830572
            ],
            [
              -40.34942796115325,
              -3.693766370447753
            ],
            [
              -40.34942723373717,
              -3.693769920449409
            ],
            [
              -40.3494268217721,
              -3.693771900305689
            ],
            [
              -40.34942594074583,
              -3.693777878519642
            ],
            [
              -40.34942443990528,
              -3.693787264902376
            ],
            [
              -40.34942210776103,
              -3.693800556972981
            ],
            [
              -40.34942050287342,
              -3.693807507613206
            ],
            [
              -40.34941864891888,
              -3.693813490782019
            ],
            [
              -40.34941708508989,
              -3.6938199858982
            ],
            [
              -40.34941540866498,
              -3.693826452606474
            ],
            [
              -40.3494136201548,
              -3.693832888937019
            ],
            [
              -40.34941172010414,
              -3.69383929292926
            ],
            [
              -40.34940970909177,
              -3.693845662632492
            ],
            [
              -40.34940758773026,
              -3.693851996106441
            ],
            [
              -40.34940535666581,
              -3.693858291421845
            ],
            [
              -40.34940301657801,
              -3.693864546661116
            ],
            [
              -40.34940056817967,
              -3.693870759918852
            ],
            [
              -40.34939801221659,
              -3.693876929302397
            ],
            [
              -40.34939534946735,
              -3.693883052932545
            ],
            [
              -40.34939258074303,
              -3.69388912894395
            ],
            [
              -40.34938970688702,
              -3.693895155485793
            ],
            [
              -40.34938672877472,
              -3.693901130722349
            ],
            [
              -40.3493836473133,
              -3.693907052833499
            ],
            [
              -40.34938046344137,
              -3.693912920015308
            ],
            [
              -40.3493771781288,
              -3.693918730480566
            ],
            [
              -40.3493737923763,
              -3.693924482459359
            ],
            [
              -40.34937030721522,
              -3.693930174199572
            ],
            [
              -40.34936672370717,
              -3.693935803967452
            ],
            [
              -40.34936304294371,
              -3.693941370048112
            ],
            [
              -40.34935926604604,
              -3.693946870746083
            ],
            [
              -40.34935539416463,
              -3.693952304385769
            ],
            [
              -40.3493514284789,
              -3.693957669312052
            ],
            [
              -40.34934737019683,
              -3.693962963890721
            ],
            [
              -40.34934322055461,
              -3.693968186508974
            ],
            [
              -40.34933898081626,
              -3.69397333557598
            ],
            [
              -40.34933465227325,
              -3.693978409523273
            ],
            [
              -40.34933023624409,
              -3.693983406805259
            ],
            [
              -40.34932573407395,
              -3.693988325899739
            ],
            [
              -40.34932114713422,
              -3.693993165308304
            ],
            [
              -40.34931647682213,
              -3.693997923556825
            ],
            [
              -40.34931172456031,
              -3.694002599195871
            ],
            [
              -40.34930689179633,
              -3.694007190801223
            ],
            [
              -40.34930198000232,
              -3.694011696974198
            ],
            [
              -40.34929699067442,
              -3.69401611634222
            ],
            [
              -40.34929192533247,
              -3.69402044755905
            ],
            [
              -40.3492867855194,
              -3.694024689305403
            ],
            [
              -40.34928157280084,
              -3.694028840289173
            ],
            [
              -40.34927706196266,
              -3.69403230531032
            ],
            [
              -40.34927093502039,
              -3.694036864939304
            ],
            [
              -40.34926551319887,
              -3.694040736161256
            ],
            [
              -40.3492600249516,
              -3.694044511732613
            ],
            [
              -40.34925643256433,
              -3.694046907557643
            ],
            [
              -40.3492544719504,
              -3.694048190503286
            ],
            [
              -40.34924885588673,
              -3.694051771352685
            ],
            [
              -40.34924317847132,
              -3.694055253190036
            ],
            [
              -40.34924222843797,
              -3.694055822572905
            ],
            [
              -40.34923881209505,
              -3.694058547354057
            ],
            [
              -40.34923488059291,
              -3.694061578711806
            ],
            [
              -40.34923113279398,
              -3.694064359284495
            ],
            [
              -40.34922733726131,
              -3.694067073723404
            ],
            [
              -40.34922349515105,
              -3.69406972120166
            ],
            [
              -40.34921960763355,
              -3.694072300912838
            ],
            [
              -40.34921567589299,
              -3.69407481207114
            ],
            [
              -40.349211701127,
              -3.694077253911624
            ],
            [
              -40.34920768454635,
              -3.69407962569047
            ],
            [
              -40.34920362737452,
              -3.694081926685237
            ],
            [
              -40.34919953084736,
              -3.694084156195004
            ],
            [
              -40.34919539621273,
              -3.694086313540655
            ],
            [
              -40.34919122473006,
              -3.694088398065022
            ],
            [
              -40.34918701767003,
              -3.694090409133141
            ],
            [
              -40.34918277631417,
              -3.694092346132436
            ],
            [
              -40.34918059692941,
              -3.694093322804777
            ],
            [
              -40.34917850195441,
              -3.694094208472873
            ],
            [
              -40.34917419589277,
              -3.694095995587146
            ],
            [
              -40.34916985944093,
              -3.694097706930881
            ],
            [
              -40.34916549391981,
              -3.694099341982816
            ],
            [
              -40.3491611006592,
              -3.694100900244879
            ],
            [
              -40.34915668099731,
              -3.694102381242397
            ],
            [
              -40.34915223628042,
              -3.694103784524271
            ],
            [
              -40.34914776786245,
              -3.69410510966303
            ],
            [
              -40.3491432771045,
              -3.694106356255005
            ],
            [
              -40.3491411729125,
              -3.694106911332562
            ],
            [
              -40.34913795506313,
              -3.694107724725288
            ],
            [
              -40.34913062599491,
              -3.69410942894408
            ],
            [
              -40.34912326843696,
              -3.694111004402457
            ],
            [
              -40.34911588463046,
              -3.694112450620529
            ],
            [
              -40.34910847682458,
              -3.694113767157748
            ],
            [
              -40.34910104727582,
              -3.694114953613095
            ],
            [
              -40.34909359824729,
              -3.694116009625159
            ],
            [
              -40.34908613200805,
              -3.694116934872268
            ],
            [
              -40.34907865083239,
              -3.694117729072564
            ],
            [
              -40.34907115699914,
              -3.694118391984158
            ],
            [
              -40.34906365279101,
              -3.69411892340508
            ],
            [
              -40.34905614049386,
              -3.694119323173476
            ],
            [
              -40.34904862239599,
              -3.694119591167571
            ],
            [
              -40.3490411007875,
              -3.694119727305723
            ],
            [
              -40.34903357795957,
              -3.694119731546468
            ],
            [
              -40.3490260562037,
              -3.694119603888517
            ],
            [
              -40.3490185378111,
              -3.694119344370746
            ],
            [
              -40.34901102507195,
              -3.694118953072192
            ],
            [
              -40.34900352027472,
              -3.69411843011208
            ],
            [
              -40.34899602570543,
              -3.694117775649677
            ],
            [
              -40.34898854364701,
              -3.694116989884369
            ],
            [
              -40.34898107637856,
              -3.694116073055473
            ],
            [
              -40.34897362617471,
              -3.694115025442278
            ],
            [
              -40.34896619530485,
              -3.694113847363914
            ],
            [
              -40.34895878603249,
              -3.694112539179201
            ],
            [
              -40.34895140061459,
              -3.69411110128664
            ],
            [
              -40.34894696012599,
              -3.694110171826838
            ],
            [
              -40.34893864134411,
              -3.694108298035582
            ],
            [
              -40.34893315661369,
              -3.694107363076552
            ],
            [
              -40.34892768896086,
              -3.694106332095923
            ],
            [
              -40.34892224005114,
              -3.694105205407721
            ],
            [
              -40.34891681154431,
              -3.694103983355175
            ],
            [
              -40.34891140509396,
              -3.694102666310533
            ],
            [
              -40.34890602234694,
              -3.694101254674964
            ],
            [
              -40.34890066494288,
              -3.694099748878452
            ],
            [
              -40.34889533451371,
              -3.69409814937972
            ],
            [
              -40.34889003268314,
              -3.694096456665954
            ],
            [
              -40.34888476106615,
              -3.694094671252776
            ],
            [
              -40.34887952126854,
              -3.694092793684056
            ],
            [
              -40.34887431488638,
              -3.694090824531711
            ],
            [
              -40.3488691435056,
              -3.694088764395553
            ],
            [
              -40.34886464737073,
              -3.694086881382364
            ],
            [
              -40.34886400870147,
              -3.694086613903149
            ],
            [
              -40.34885891203808,
              -3.694084373709527
            ],
            [
              -40.34885385506792,
              -3.694082044497107
            ],
            [
              -40.34884883933142,
              -3.69407962697534
            ],
            [
              -40.34884386635642,
              -3.694077121880669
            ],
            [
              -40.34883893765772,
              -3.694074529976163
            ],
            [
              -40.34883405473665,
              -3.694071852051339
            ],
            [
              -40.34882921908062,
              -3.694069088921912
            ],
            [
              -40.34882698543628,
              -3.694067774343305
            ],
            [
              -40.34882430043554,
              -3.694066161460396
            ],
            [
              -40.348823561225,
              -3.694065460340493
            ],
            [
              -40.348822834307,
              -3.694064746366771
            ],
            [
              -40.34882211990298,
              -3.694064019756706
            ],
            [
              -40.34882141823054,
              -3.694063280731644
            ],
            [
              -40.34882072950342,
              -3.69406252951669
            ],
            [
              -40.34882005393141,
              -3.694061766340666
            ],
            [
              -40.34881939172032,
              -3.694060991436048
            ],
            [
              -40.34881874307184,
              -3.694060205038886
            ],
            [
              -40.34881810818356,
              -3.69405940738872
            ],
            [
              -40.34881748724887,
              -3.694058598728523
            ],
            [
              -40.34881688045692,
              -3.69405777930462
            ],
            [
              -40.34881628799256,
              -3.694056949366602
            ],
            [
              -40.34881571003623,
              -3.694056109167295
            ],
            [
              -40.34881514676399,
              -3.694055258962635
            ],
            [
              -40.34881459834743,
              -3.694054399011578
            ],
            [
              -40.34881406495359,
              -3.694053529576098
            ],
            [
              -40.34881354674496,
              -3.694052650921019
            ],
            [
              -40.34881304387937,
              -3.694051763314008
            ],
            [
              -40.34881255651003,
              -3.694050867025405
            ],
            [
              -40.34881208478537,
              -3.694049962328251
            ],
            [
              -40.34881162884909,
              -3.694049049498123
            ],
            [
              -40.34881118884007,
              -3.694048128813081
            ],
            [
              -40.34881076489236,
              -3.694047200553568
            ],
            [
              -40.34881035713507,
              -3.694046265002324
            ],
            [
              -40.34880996569242,
              -3.694045322444374
            ],
            [
              -40.34880959068365,
              -3.694044373166786
            ],
            [
              -40.34880923222298,
              -3.694043417458744
            ],
            [
              -40.34880889041963,
              -3.694042455611341
            ],
            [
              -40.34880856537767,
              -3.6940414879176
            ],
            [
              -40.34880825719615,
              -3.694040514672269
            ],
            [
              -40.34880796596893,
              -3.694039536171806
            ],
            [
              -40.34880769178473,
              -3.694038552714274
            ],
            [
              -40.34880743472705,
              -3.694037564599249
            ],
            [
              -40.3488071948742,
              -3.694036572127712
            ],
            [
              -40.34880697229925,
              -3.694035575601978
            ],
            [
              -40.34880676706999,
              -3.694034575325623
            ],
            [
              -40.34880657924895,
              -3.69403357160332
            ],
            [
              -40.34880640889332,
              -3.6940325647408
            ],
            [
              -40.348806256055,
              -3.694031555044794
            ],
            [
              -40.34880612078055,
              -3.694030542822846
            ],
            [
              -40.34880600311118,
              -3.694029528383289
            ],
            [
              -40.34880590308273,
              -3.694028512035138
            ],
            [
              -40.34880582072565,
              -3.694027494087983
            ],
            [
              -40.34880575606505,
              -3.694026474851881
            ],
            [
              -40.34880570912063,
              -3.694025454637337
            ],
            [
              -40.34880567990666,
              -3.694024433755096
            ],
            [
              -40.34880566843207,
              -3.694023412516115
            ],
            [
              -40.34880567470034,
              -3.694022391231495
            ],
            [
              -40.34880569870958,
              -3.694021370212328
            ],
            [
              -40.34880574045244,
              -3.694020349769632
            ],
            [
              -40.34880579991623,
              -3.694019330214223
            ],
            [
              -40.34880587708283,
              -3.694018311856666
            ],
            [
              -40.34880597192874,
              -3.694017295007192
            ],
            [
              -40.34880608442506,
              -3.694016279975518
            ],
            [
              -40.34880621453753,
              -3.694015267070847
            ],
            [
              -40.34880636222651,
              -3.694014256601704
            ],
            [
              -40.34880652744702,
              -3.694013248875905
            ],
            [
              -40.34880671014873,
              -3.69401224420039
            ],
            [
              -40.34880691027598,
              -3.694011242881228
            ],
            [
              -40.34880712776782,
              -3.694010245223402
            ],
            [
              -40.34880736255799,
              -3.694009251530805
            ],
            [
              -40.34880761457498,
              -3.694008262106148
            ],
            [
              -40.34880788374201,
              -3.69400727725081
            ],
            [
              -40.34880816997711,
              -3.694006297264772
            ],
            [
              -40.34880847319306,
              -3.694005322446567
            ],
            [
              -40.34880879329753,
              -3.694004353093143
            ],
            [
              -40.34880913019299,
              -3.694003389499747
            ],
            [
              -40.34880948377683,
              -3.694002431959918
            ],
            [
              -40.34880985394134,
              -3.694001480765317
            ],
            [
              -40.34881024057376,
              -3.69400053620569
            ],
            [
              -40.34881064355633,
              -3.693999598568777
            ],
            [
              -40.34881106276628,
              -3.693998668140174
            ],
            [
              -40.34881149807594,
              -3.693997745203298
            ],
            [
              -40.34881194935269,
              -3.693996830039291
            ],
            [
              -40.34881241645907,
              -3.693995922926915
            ],
            [
              -40.34881289925279,
              -3.693995024142505
            ],
            [
              -40.3488133975868,
              -3.693994133959806
            ],
            [
              -40.3488139113093,
              -3.69399325265001
            ],
            [
              -40.3488144402638,
              -3.693992380481551
            ],
            [
              -40.34881498428917,
              -3.693991517720092
            ],
            [
              -40.34881554321971,
              -3.693990664628475
            ],
            [
              -40.34881611688515,
              -3.693989821466531
            ],
            [
              -40.34881670511074,
              -3.693988988491083
            ],
            [
              -40.34881730771733,
              -3.69398816595591
            ],
            [
              -40.34881792452133,
              -3.693987354111512
            ],
            [
              -40.34881855533487,
              -3.693986553205219
            ],
            [
              -40.3488191999658,
              -3.693985763480988
            ],
            [
              -40.34881985821775,
              -3.693984985179369
            ],
            [
              -40.34882052989022,
              -3.693984218537446
            ],
            [
              -40.3488212147786,
              -3.693983463788737
            ],
            [
              -40.34882191267428,
              -3.693982721163146
            ],
            [
              -40.34882262336466,
              -3.693981990886908
            ],
            [
              -40.34882334663327,
              -3.693981273182446
            ],
            [
              -40.34882408225978,
              -3.693980568268385
            ],
            [
              -40.34882483002013,
              -3.693979876359462
            ],
            [
              -40.34882558968653,
              -3.693979197666421
            ],
            [
              -40.34882636102758,
              -3.693978532396018
            ],
            [
              -40.34882714380834,
              -3.693977880750869
            ],
            [
              -40.34882793779034,
              -3.693977242929507
            ],
            [
              -40.34882874273175,
              -3.693976619126201
            ],
            [
              -40.34882955838736,
              -3.693976009530968
            ],
            [
              -40.34883038450872,
              -3.6939754143295
            ],
            [
              -40.34883122084418,
              -3.693974833703094
            ],
            [
              -40.34883206713898,
              -3.693974267828625
            ],
            [
              -40.34883292313535,
              -3.693973716878454
            ],
            [
              -40.34883378857253,
              -3.693973181020417
            ],
            [
              -40.34883466318691,
              -3.693972660417718
            ],
            [
              -40.34883554671206,
              -3.693972155228975
            ],
            [
              -40.34883643887886,
              -3.693971665608033
            ],
            [
              -40.34883733941555,
              -3.69397119170408
            ],
            [
              -40.34883824804781,
              -3.693970733661416
            ],
            [
              -40.34883916449886,
              -3.693970291619621
            ],
            [
              -40.34884008848954,
              -3.693969865713317
            ],
            [
              -40.3488410197384,
              -3.693969456072232
            ],
            [
              -40.34884195796178,
              -3.69396906282116
            ],
            [
              -40.34884290287387,
              -3.693968686079892
            ],
            [
              -40.34884385418685,
              -3.693968325963173
            ],
            [
              -40.34884481161094,
              -3.693967982580709
            ],
            [
              -40.3488457748545,
              -3.693967656037095
            ],
            [
              -40.34884674362412,
              -3.693967346431796
            ],
            [
              -40.34884771762469,
              -3.693967053859117
            ],
            [
              -40.34884869655954,
              -3.693966778408191
            ],
            [
              -40.34884968013047,
              -3.693966520162929
            ],
            [
              -40.34885066803786,
              -3.693966279201957
            ],
            [
              -40.3488516599808,
              -3.693966055598727
            ],
            [
              -40.34885265565713,
              -3.693965849421309
            ],
            [
              -40.34885365476356,
              -3.693965660732527
            ],
            [
              -40.34885465699574,
              -3.69396548958984
            ],
            [
              -40.34885566204839,
              -3.693965336045395
            ],
            [
              -40.34885666961538,
              -3.693965200145974
            ],
            [
              -40.34885767938976,
              -3.693965081932946
            ],
            [
              -40.34885869106397,
              -3.693964981442325
            ],
            [
              -40.34885970432983,
              -3.693964898704739
            ],
            [
              -40.34886071887869,
              -3.693964833745385
            ],
            [
              -40.34886173440152,
              -3.693964786584045
            ],
            [
              -40.34886275058896,
              -3.693964757235067
            ],
            [
              -40.3488637671315,
              -3.693964745707435
            ],
            [
              -40.34886478371946,
              -3.693964752004617
            ],
            [
              -40.34886580004321,
              -3.693964776124723
            ],
            [
              -40.34886681579314,
              -3.693964818060381
            ],
            [
              -40.34886783065986,
              -3.693964877798852
            ],
            [
              -40.34886884433422,
              -3.693964955321906
            ],
            [
              -40.34886985650744,
              -3.693965050605941
            ],
            [
              -40.34887086687123,
              -3.693965163621928
            ],
            [
              -40.34887189778145,
              -3.693965297480462
            ],
            [
              -40.34887288094003,
              -3.693965442706691
            ],
            [
              -40.34887388403155,
              -3.693965608690446
            ],
            [
              -40.3488748840868,
              -3.693965792236158
            ],
            [
              -40.34887588080115,
              -3.693965993287933
            ],
            [
              -40.34887687387099,
              -3.693966211784494
            ],
            [
              -40.34887753278245,
              -3.693966366875674
            ],
            [
              -40.34890679627573,
              -3.693981953033363
            ],
            [
              -40.34893632192095,
              -3.693993496352888
            ],
            [
              -40.34894135925625,
              -3.693995123174104
            ],
            [
              -40.3489455570223,
              -3.693996389771039
            ],
            [
              -40.34894977615251,
              -3.693997582575462
            ],
            [
              -40.34895401536171,
              -3.693998701224028
            ],
            [
              -40.34895827335859,
              -3.693999745375997
            ],
            [
              -40.34896254884612,
              -3.694000714713293
            ],
            [
              -40.34896684052195,
              -3.694001608940647
            ],
            [
              -40.34897114707879,
              -3.694002427785684
            ],
            [
              -40.3489754672048,
              -3.694003170998972
            ],
            [
              -40.34897979958406,
              -3.694003838354111
            ],
            [
              -40.34898414289686,
              -3.694004429647835
            ],
            [
              -40.3489884958202,
              -3.694004944700019
            ],
            [
              -40.34899285702812,
              -3.694005383353768
            ],
            [
              -40.34899722519217,
              -3.694005745475475
            ],
            [
              -40.34900159898175,
              -3.694006030954835
            ],
            [
              -40.34900597706456,
              -3.694006239704883
            ],
            [
              -40.349010358107,
              -3.694006371662031
            ],
            [
              -40.34901474077456,
              -3.694006426786079
            ],
            [
              -40.34901912373224,
              -3.694006405060264
            ],
            [
              -40.34902350564494,
              -3.694006306491167
            ],
            [
              -40.34902788517788,
              -3.69400613110884
            ],
            [
              -40.34903226099701,
              -3.694005878966685
            ],
            [
              -40.34903663176944,
              -3.694005550141529
            ],
            [
              -40.34904099616376,
              -3.694005144733532
            ],
            [
              -40.34904535285054,
              -3.694004662866172
            ],
            [
              -40.34904970050269,
              -3.694004104686233
            ],
            [
              -40.34905403779587,
              -3.694003470363762
            ],
            [
              -40.34905836340891,
              -3.694002760091966
            ],
            [
              -40.34906000171087,
              -3.694002470696155
            ],
            [
              -40.34906267602418,
              -3.69400197408719
            ],
            [
              -40.349066974328,
              -3.694001112588877
            ],
            [
              -40.34907230424189,
              -3.694000489871923
            ],
            [
              -40.34907747499638,
              -3.693999792348997
            ],
            [
              -40.34908263284584,
              -3.693999004273238
            ],
            [
              -40.34908777621915,
              -3.693998125884743
            ],
            [
              -40.34909290354958,
              -3.693997157451052
            ],
            [
              -40.34909801327529,
              -3.693996099267169
            ],
            [
              -40.34910310383982,
              -3.693994951655423
            ],
            [
              -40.34910817369254,
              -3.693993714965378
            ],
            [
              -40.34911322128909,
              -3.693992389573758
            ],
            [
              -40.34911824509196,
              -3.693990975884295
            ],
            [
              -40.34912324357082,
              -3.693989474327612
            ],
            [
              -40.34912821520309,
              -3.693987885361073
            ],
            [
              -40.34913315847439,
              -3.69398620946873
            ],
            [
              -40.3491380718789,
              -3.69398444716106
            ],
            [
              -40.34914295392,
              -3.693982598974868
            ],
            [
              -40.34914780311054,
              -3.693980665473143
            ],
            [
              -40.34915261797342,
              -3.693978647244853
            ],
            [
              -40.34915739704199,
              -3.693976544904777
            ],
            [
              -40.34916213886048,
              -3.693974359093282
            ],
            [
              -40.3491668419845,
              -3.693972090476225
            ],
            [
              -40.34917150498143,
              -3.693969739744615
            ],
            [
              -40.34917612643088,
              -3.693967307614521
            ],
            [
              -40.3491807049251,
              -3.6939647948268
            ],
            [
              -40.34918523906945,
              -3.693962202146877
            ],
            [
              -40.34918972748278,
              -3.693959530364503
            ],
            [
              -40.34919416879787,
              -3.693956780293517
            ],
            [
              -40.34919856166185,
              -3.693953952771621
            ],
            [
              -40.34920290473661,
              -3.693951048660132
            ],
            [
              -40.3492089335643,
              -3.693946423540249
            ],
            [
              -40.34921301147096,
              -3.693943153883457
            ],
            [
              -40.34921703195555,
              -3.693939813226527
            ],
            [
              -40.34922099379338,
              -3.693936402587105
            ],
            [
              -40.34922489577765,
              -3.693932923004079
            ],
            [
              -40.34922873671977,
              -3.693929375537356
            ],
            [
              -40.34923251544974,
              -3.693925761267558
            ],
            [
              -40.34923623081655,
              -3.693922081295614
            ],
            [
              -40.34923988168845,
              -3.693918336742468
            ],
            [
              -40.34924346695334,
              -3.693914528748762
            ],
            [
              -40.34924698551913,
              -3.693910658474461
            ],
            [
              -40.34925043631402,
              -3.69390672709846
            ],
            [
              -40.34925381828687,
              -3.6939027358183
            ],
            [
              -40.34925713040749,
              -3.693898685849796
            ],
            [
              -40.349260371667,
              -3.693894578426566
            ],
            [
              -40.34926354107807,
              -3.693890414799791
            ],
            [
              -40.34926663767526,
              -3.693886196237759
            ],
            [
              -40.34926966051532,
              -3.693881924025476
            ],
            [
              -40.34927260867747,
              -3.693877599464299
            ],
            [
              -40.34927548126367,
              -3.693873223871535
            ],
            [
              -40.34927827739891,
              -3.693868798580033
            ],
            [
              -40.34928099623145,
              -3.693864324937792
            ],
            [
              -40.34928363693312,
              -3.693859804307498
            ],
            [
              -40.34928619869952,
              -3.693855238066202
            ],
            [
              -40.34928868075033,
              -3.693850627604816
            ],
            [
              -40.34929108232949,
              -3.693845974327746
            ],
            [
              -40.34929340270545,
              -3.693841279652399
            ],
            [
              -40.34929564117141,
              -3.693836545008848
            ],
            [
              -40.34929779704552,
              -3.693831771839301
            ],
            [
              -40.34929986967106,
              -3.693826961597695
            ],
            [
              -40.34930185841671,
              -3.693822115749297
            ],
            [
              -40.34930376267667,
              -3.693817235770197
            ],
            [
              -40.34930731544523,
              -3.693807379375763
            ],
            [
              -40.34931052364824,
              -3.693797404422919
            ],
            [
              -40.34931338337702,
              -3.69378732306458
            ],
            [
              -40.34931589114745,
              -3.69377714758334
            ],
            [
              -40.3493180439042,
              -3.693766890376462
            ],
            [
              -40.34931983902448,
              -3.693756563940755
            ],
            [
              -40.34932087338015,
              -3.693749710690345
            ],
            [
              -40.34932154709379,
              -3.693744539899076
            ],
            [
              -40.34932213087711,
              -3.69373935808311
            ],
            [
              -40.34932262455226,
              -3.693734166820855
            ],
            [
              -40.34932302796889,
              -3.693728967693641
            ],
            [
              -40.34932334100409,
              -3.693723762285144
            ],
            [
              -40.34932356356254,
              -3.693718552181013
            ],
            [
              -40.34932369557642,
              -3.693713338968259
            ],
            [
              -40.34932373700553,
              -3.693708124234919
            ],
            [
              -40.34932368783726,
              -3.693702909569422
            ],
            [
              -40.34932354808657,
              -3.693697696560212
            ],
            [
              -40.34932331779606,
              -3.693692486795209
            ],
            [
              -40.34932299703584,
              -3.693687281861391
            ],
            [
              -40.34932258590365,
              -3.693682083344187
            ],
            [
              -40.34932208452472,
              -3.693676892827157
            ],
            [
              -40.34932149305177,
              -3.693671711891346
            ],
            [
              -40.34932081166497,
              -3.693666542114939
            ],
            [
              -40.34932004057188,
              -3.693661385072705
            ],
            [
              -40.34931918000738,
              -3.693656242335499
            ],
            [
              -40.34931823023362,
              -3.693651115469883
            ],
            [
              -40.3493171915399,
              -3.693646006037518
            ],
            [
              -40.34931606424262,
              -3.69364091559481
            ],
            [
              -40.34931484868518,
              -3.693635845692329
            ],
            [
              -40.34931354523782,
              -3.693630797874448
            ],
            [
              -40.34931215429762,
              -3.693625773678749
            ],
            [
              -40.34931067628825,
              -3.693620774635669
            ],
            [
              -40.34930911165993,
              -3.693615802267974
            ],
            [
              -40.34930746088929,
              -3.693610858090267
            ],
            [
              -40.34930572447913,
              -3.693605943608607
            ],
            [
              -40.3493039029584,
              -3.693601060319995
            ],
            [
              -40.34930199688196,
              -3.693596209711917
            ],
            [
              -40.3493000068304,
              -3.693591393261918
            ],
            [
              -40.3492708172374,
              -3.693535921626465
            ],
            [
              -40.34922926672314,
              -3.693466455049093
            ],
            [
              -40.34920479888349,
              -3.693429032429114
            ],
            [
              -40.34919485551602,
              -3.693417189770019
            ],
            [
              -40.34915805361705,
              -3.69338355888807
            ],
            [
              -40.34909225080935,
              -3.693330568505122
            ],
            [
              -40.34902887248282,
              -3.693284311814817
            ],
            [
              -40.34900148436417,
              -3.693267105820528
            ],
            [
              -40.34896147805869,
              -3.693243181658044
            ],
            [
              -40.34890618077676,
              -3.693219011297472
            ],
            [
              -40.3488589384895,
              -3.693199679583713
            ],
            [
              -40.34883021967553,
              -3.69318948250122
            ],
            [
              -40.34878540023468,
              -3.693175806503302
            ],
            [
              -40.34874111974668,
              -3.693163746656527
            ],
            [
              -40.34866356701662,
              -3.693146078084693
            ],
            [
              -40.34861151118385,
              -3.6931367250344
            ],
            [
              -40.34857179917864,
              -3.693130048135104
            ],
            [
              -40.34852806618596,
              -3.693125263830142
            ],
            [
              -40.34849023725784,
              -3.693122087504559
            ],
            [
              -40.34842330645429,
              -3.693121515716614
            ],
            [
              -40.34838374077744,
              -3.693122923461701
            ],
            [
              -40.34833317946418,
              -3.69312623442385
            ],
            [
              -40.34829267753412,
              -3.693129395314313
            ],
            [
              -40.34805980772191,
              -3.693291717005111
            ],
            [
              -40.34803597646938,
              -3.693320589360012
            ],
            [
              -40.34802151302271,
              -3.693335433661222
            ],
            [
              -40.34796764321943,
              -3.693368394197694
            ],
            [
              -40.34793730998496,
              -3.693354965591762
            ],
            [
              -40.34790589356304,
              -3.693334801235448
            ],
            [
              -40.34787311960007,
              -3.693303859107026
            ],
            [
              -40.34786371153862,
              -3.693291207123051
            ],
            [
              -40.34788434324476,
              -3.69327527544784
            ],
            [
              -40.34784918669578,
              -3.693265357628672
            ],
            [
              -40.34780704980529,
              -3.693251677492627
            ],
            [
              -40.34777537651662,
              -3.693239059406872
            ],
            [
              -40.34774503962893,
              -3.693223205333622
            ],
            [
              -40.34772624099216,
              -3.693209489660221
            ],
            [
              -40.34768944035719,
              -3.693176667179573
            ],
            [
              -40.34767143652996,
              -3.693156347643259
            ],
            [
              -40.34765732464773,
              -3.693137504409195
            ],
            [
              -40.34763165114401,
              -3.693101026789273
            ],
            [
              -40.3476679727649,
              -3.693083050014622
            ],
            [
              -40.34766568439201,
              -3.693079748288989
            ],
            [
              -40.34766345372569,
              -3.693076406944036
            ],
            [
              -40.34766128144539,
              -3.693073026997578
            ],
            [
              -40.34765916821284,
              -3.693069609479198
            ],
            [
              -40.34765711467173,
              -3.693066155429877
            ],
            [
              -40.34765512144759,
              -3.693062665901776
            ],
            [
              -40.3476531891476,
              -3.693059141957815
            ],
            [
              -40.34764950965563,
              -3.693051995126256
            ],
            [
              -40.34764776358448,
              -3.69304837441563
            ],
            [
              -40.34764608067874,
              -3.693044723642482
            ],
            [
              -40.34764446145103,
              -3.693041043918883
            ],
            [
              -40.34764290639458,
              -3.693037336365709
            ],
            [
              -40.34764141598309,
              -3.693033602112326
            ],
            [
              -40.34763999067054,
              -3.693029842296198
            ],
            [
              -40.3476386308911,
              -3.693026058062622
            ],
            [
              -40.34763733705898,
              -3.693022250564314
            ],
            [
              -40.34763610956828,
              -3.69301842096107
            ],
            [
              -40.34763385508644,
              -3.693010700112286
            ],
            [
              -40.34763282878203,
              -3.693006811218599
            ],
            [
              -40.34763187019232,
              -3.693002904922948
            ],
            [
              -40.34763097960928,
              -3.692998982415237
            ],
            [
              -40.34763015730421,
              -3.692995044890307
            ],
            [
              -40.34762940352758,
              -3.692991093547532
            ],
            [
              -40.347628718509,
              -3.692987129590575
            ],
            [
              -40.34762810245712,
              -3.692983154226868
            ],
            [
              -40.34762755555962,
              -3.69297916866736
            ],
            [
              -40.34762707798307,
              -3.692975174126081
            ],
            [
              -40.34762666987295,
              -3.69297117181981
            ],
            [
              -40.34762633135357,
              -3.692967162967695
            ],
            [
              -40.34762606252804,
              -3.692963148790855
            ],
            [
              -40.34762586347826,
              -3.692959130512076
            ],
            [
              -40.34762573426487,
              -3.69295510935534
            ],
            [
              -40.34762567492719,
              -3.692951086545533
            ],
            [
              -40.34762568548333,
              -3.692947063308052
            ],
            [
              -40.34762576593006,
              -3.69294304086842
            ],
            [
              -40.34762603807836,
              -3.692936642793892
            ],
            [
              -40.34762613637599,
              -3.692935003283139
            ],
            [
              -40.34762642626234,
              -3.69293099058584
            ],
            [
              -40.34762656361514,
              -3.692929365602771
            ],
            [
              -40.34762659478145,
              -3.692925912551042
            ],
            [
              -40.34762668592987,
              -3.692922460571669
            ],
            [
              -40.34762683703264,
              -3.692919010716154
            ],
            [
              -40.34762704804373,
              -3.692915564035356
            ],
            [
              -40.34762731889884,
              -3.692912121579188
            ],
            [
              -40.34762764951551,
              -3.692908684396235
            ],
            [
              -40.34762803979299,
              -3.692905253533519
            ],
            [
              -40.3476284896124,
              -3.692901830036075
            ],
            [
              -40.34762899883675,
              -3.692898414946764
            ],
            [
              -40.3476295673109,
              -3.692895009305865
            ],
            [
              -40.34763019486169,
              -3.692891614150734
            ],
            [
              -40.34763088129797,
              -3.692888230515584
            ],
            [
              -40.34763162641063,
              -3.692884859431123
            ],
            [
              -40.34763242997271,
              -3.692881501924191
            ],
            [
              -40.34763329173943,
              -3.692878159017514
            ],
            [
              -40.3476342114483,
              -3.692874831729396
            ],
            [
              -40.34763518881915,
              -3.692871521073365
            ],
            [
              -40.34763622355428,
              -3.692868228057839
            ],
            [
              -40.34763731533848,
              -3.692864953685938
            ],
            [
              -40.3476384638392,
              -3.692861698955067
            ],
            [
              -40.34763966870658,
              -3.692858464856619
            ],
            [
              -40.34764092957361,
              -3.692855252375773
            ],
            [
              -40.3476420056875,
              -3.692851929379965
            ],
            [
              -40.34764358682532,
              -3.69284766487308
            ],
            [
              -40.34764520760115,
              -3.692843598785704
            ],
            [
              -40.34764897841741,
              -3.692834444052319
            ],
            [
              -40.34765288741168,
              -3.692826129678018
            ],
            [
              -40.34765731000359,
              -3.692817573857231
            ],
            [
              -40.34766227273884,
              -3.692807146763282
            ],
            [
              -40.34766259237608,
              -3.692806151102483
            ],
            [
              -40.34767092292746,
              -3.692637972939892
            ],
            [
              -40.34753561481072,
              -3.692567031950742
            ],
            [
              -40.34724270903425,
              -3.692409014041397
            ],
            [
              -40.34687999840094,
              -3.692212294747847
            ],
            [
              -40.34667918323177,
              -3.692106418728049
            ],
            [
              -40.34660455133836,
              -3.692068802774321
            ],
            [
              -40.34654120607838,
              -3.692044374957814
            ],
            [
              -40.3464233217137,
              -3.691964783361675
            ],
            [
              -40.34633495440568,
              -3.691891075781188
            ],
            [
              -40.3462081689329,
              -3.691779158138639
            ],
            [
              -40.34605291999917,
              -3.691648418998529
            ],
            [
              -40.34567417502535,
              -3.691313741317575
            ],
            [
              -40.3453710589841,
              -3.691055215933035
            ],
            [
              -40.34536998739987,
              -3.691054869400367
            ],
            [
              -40.34536892199885,
              -3.69105450413227
            ],
            [
              -40.34536786310557,
              -3.691054120240045
            ],
            [
              -40.34536681104257,
              -3.691053717840605
            ],
            [
              -40.34536576613031,
              -3.691053297056531
            ],
            [
              -40.34536472868711,
              -3.691052858015992
            ],
            [
              -40.34536369902897,
              -3.691052400852729
            ],
            [
              -40.34536267746952,
              -3.691051925706006
            ],
            [
              -40.34536166431997,
              -3.691051432720536
            ],
            [
              -40.3453606598889,
              -3.691050922046526
            ],
            [
              -40.3453596644823,
              -3.691050393839491
            ],
            [
              -40.34535867840335,
              -3.691049848260347
            ],
            [
              -40.34535770195244,
              -3.691049285475283
            ],
            [
              -40.34535673542701,
              -3.691048705655718
            ],
            [
              -40.34535577912146,
              -3.691048108978295
            ],
            [
              -40.3453548333271,
              -3.691047495624733
            ],
            [
              -40.34535389833201,
              -3.691046865781894
            ],
            [
              -40.34535297442103,
              -3.69104621964162
            ],
            [
              -40.34535206187556,
              -3.691045557400737
            ],
            [
              -40.34535116097359,
              -3.691044879260981
            ],
            [
              -40.34535027198953,
              -3.691044185428897
            ],
            [
              -40.34534939519418,
              -3.691043476115838
            ],
            [
              -40.34534853085463,
              -3.691042751537891
            ],
            [
              -40.34534767923416,
              -3.691042011915734
            ],
            [
              -40.34534684059217,
              -3.691041257474684
            ],
            [
              -40.34534601518413,
              -3.691040488444563
            ],
            [
              -40.34534520326147,
              -3.691039705059594
            ],
            [
              -40.3453444050715,
              -3.691038907558421
            ],
            [
              -40.34534362085736,
              -3.691038096183973
            ],
            [
              -40.34534209530777,
              -3.691036432808008
            ],
            [
              -40.34534135443701,
              -3.691035581313173
            ],
            [
              -40.34534062847133,
              -3.691034716958254
            ],
            [
              -40.34533991763188,
              -3.691033840006566
            ],
            [
              -40.34533922213517,
              -3.691032950725219
            ],
            [
              -40.34533854219307,
              -3.691032049385105
            ],
            [
              -40.34533787801269,
              -3.691031136260778
            ],
            [
              -40.34533722979634,
              -3.691030211630388
            ],
            [
              -40.34533659774149,
              -3.691029275775582
            ],
            [
              -40.34533598204065,
              -3.691028328981429
            ],
            [
              -40.34533538288139,
              -3.691027371536348
            ],
            [
              -40.3453348004462,
              -3.691026403731955
            ],
            [
              -40.3453342349125,
              -3.691025425863075
            ],
            [
              -40.34533368645256,
              -3.691024438227578
            ],
            [
              -40.34533315523345,
              -3.691023441126307
            ],
            [
              -40.34533264141698,
              -3.691022434862978
            ],
            [
              -40.34533214515967,
              -3.691021419744101
            ],
            [
              -40.34533166661267,
              -3.691020396078915
            ],
            [
              -40.34533120592177,
              -3.691019364179234
            ],
            [
              -40.34533076322728,
              -3.691018324359368
            ],
            [
              -40.34533033866406,
              -3.691017276936065
            ],
            [
              -40.34532993236144,
              -3.691016222228391
            ],
            [
              -40.34532954444317,
              -3.691015160557603
            ],
            [
              -40.34532917502743,
              -3.691014092247117
            ],
            [
              -40.34532882422673,
              -3.691013017622334
            ],
            [
              -40.34532849214795,
              -3.691011937010591
            ],
            [
              -40.34532817889223,
              -3.691010850741054
            ],
            [
              -40.34532788455499,
              -3.691009759144629
            ],
            [
              -40.34532760922588,
              -3.691008662553816
            ],
            [
              -40.3453273529888,
              -3.691007561302656
            ],
            [
              -40.34532712582195,
              -3.691006503844292
            ],
            [
              -40.34532699068036,
              -3.691005830308955
            ],
            [
              -40.34528496815985,
              -3.690978944509635
            ],
            [
              -40.34506607241589,
              -3.690801409403989
            ],
            [
              -40.34491672703685,
              -3.690671738959639
            ],
            [
              -40.34484447271416,
              -3.690609595013431
            ],
            [
              -40.34484367056677,
              -3.690608882339036
            ],
            [
              -40.34484298427043,
              -3.69060829567099
            ],
            [
              -40.34484228788697,
              -3.690607721125218
            ],
            [
              -40.34484158162851,
              -3.690607158876701
            ],
            [
              -40.3448408657102,
              -3.690606609096714
            ],
            [
              -40.34484014035011,
              -3.690606071952736
            ],
            [
              -40.34483940576919,
              -3.690605547608378
            ],
            [
              -40.34483866219119,
              -3.690605036223367
            ],
            [
              -40.34483790984262,
              -3.69060453795347
            ],
            [
              -40.34483714895265,
              -3.690604052950468
            ],
            [
              -40.34483637975306,
              -3.690603581362087
            ],
            [
              -40.34483560247815,
              -3.690603123331995
            ],
            [
              -40.34483481736468,
              -3.690602678999694
            ],
            [
              -40.34483402465183,
              -3.690602248500553
            ],
            [
              -40.34483322458104,
              -3.690601831965694
            ],
            [
              -40.34483241739603,
              -3.690601429522002
            ],
            [
              -40.34483160334267,
              -3.690601041292056
            ],
            [
              -40.34483078266893,
              -3.690600667394111
            ],
            [
              -40.3448299556248,
              -3.690600307942076
            ],
            [
              -40.34482912246221,
              -3.690599963045438
            ],
            [
              -40.34482828343494,
              -3.69059963280926
            ],
            [
              -40.34482743879857,
              -3.690599317334127
            ],
            [
              -40.34482658881038,
              -3.690599016716133
            ],
            [
              -40.34482573372928,
              -3.690598731046849
            ],
            [
              -40.34482487381576,
              -3.690598460413314
            ],
            [
              -40.34482400933173,
              -3.690598204897948
            ],
            [
              -40.34482314054053,
              -3.690597964578569
            ],
            [
              -40.34482226770681,
              -3.690597739528415
            ],
            [
              -40.34482139109644,
              -3.690597529816015
            ],
            [
              -40.34482051097644,
              -3.690597335505251
            ],
            [
              -40.3448196276149,
              -3.690597156655319
            ],
            [
              -40.3448187412809,
              -3.690596993320698
            ],
            [
              -40.34481785224444,
              -3.690596845551132
            ],
            [
              -40.34481696077631,
              -3.690596713391642
            ],
            [
              -40.34481606714808,
              -3.690596596882485
            ],
            [
              -40.34481517163195,
              -3.690596496059149
            ],
            [
              -40.34481427450069,
              -3.690596410952331
            ],
            [
              -40.3448133760276,
              -3.690596341587985
            ],
            [
              -40.34481247648633,
              -3.690596287987227
            ],
            [
              -40.34481157615092,
              -3.690596250166366
            ],
            [
              -40.3448106752956,
              -3.690596228136946
            ],
            [
              -40.34480977419479,
              -3.690596221905683
            ],
            [
              -40.34480887312297,
              -3.690596231474445
            ],
            [
              -40.34480797235462,
              -3.690596256840341
            ],
            [
              -40.34480707216412,
              -3.690596297995645
            ],
            [
              -40.34480617282567,
              -3.690596354927806
            ],
            [
              -40.34480527461323,
              -3.690596427619483
            ],
            [
              -40.34480437780039,
              -3.690596516048544
            ],
            [
              -40.34480348266035,
              -3.690596620188055
            ],
            [
              -40.34480258946574,
              -3.690596740006286
            ],
            [
              -40.34480169848868,
              -3.690596875466742
            ],
            [
              -40.34480081000054,
              -3.69059702652815
            ],
            [
              -40.34479992427197,
              -3.6905971931445
            ],
            [
              -40.34479904157278,
              -3.690597375265065
            ],
            [
              -40.34479816217184,
              -3.690597572834329
            ],
            [
              -40.34479728633702,
              -3.690597785792145
            ],
            [
              -40.34479641433512,
              -3.69059801407362
            ],
            [
              -40.34479554643175,
              -3.690598257609214
            ],
            [
              -40.34479468289129,
              -3.690598516324772
            ],
            [
              -40.34479382397677,
              -3.690598790141471
            ],
            [
              -40.34479296994984,
              -3.690599078975897
            ],
            [
              -40.34479212107063,
              -3.690599382740083
            ],
            [
              -40.34479127759772,
              -3.69059970134147
            ],
            [
              -40.34479043978805,
              -3.690600034683055
            ],
            [
              -40.34478960789681,
              -3.690600382663249
            ],
            [
              -40.34478839418084,
              -3.690600921516645
            ],
            [
              -40.3447879628814,
              -3.690601122111145
            ],
            [
              -40.3447871502583,
              -3.690601513353589
            ],
            [
              -40.34478634455566,
              -3.690601918784258
            ],
            [
              -40.3447855460189,
              -3.690602338279641
            ],
            [
              -40.34478475489127,
              -3.690602771711951
            ],
            [
              -40.34478397141375,
              -3.690603218949183
            ],
            [
              -40.34473160066417,
              -3.69065194253191
            ],
            [
              -40.3447157254105,
              -3.690662860766491
            ],
            [
              -40.34470764795064,
              -3.690668109469291
            ],
            [
              -40.34469948054001,
              -3.690673215749697
            ],
            [
              -40.34469122566649,
              -3.690678178052323
            ],
            [
              -40.34468288584458,
              -3.69068299486558
            ],
            [
              -40.34467446361469,
              -3.690687664722211
            ],
            [
              -40.3446659615423,
              -3.690692186199731
            ],
            [
              -40.34465738221724,
              -3.690696557920859
            ],
            [
              -40.34464872825283,
              -3.690700778553903
            ],
            [
              -40.34464000228518,
              -3.690704846813244
            ],
            [
              -40.3446312069723,
              -3.690708761459629
            ],
            [
              -40.34462234499332,
              -3.690712521300631
            ],
            [
              -40.3446134190477,
              -3.690716125190941
            ],
            [
              -40.34460443185436,
              -3.690719572032783
            ],
            [
              -40.34459757817266,
              -3.69072208026451
            ],
            [
              -40.34459003637816,
              -3.690725051218668
            ],
            [
              -40.34458244412058,
              -3.69072788948923
            ],
            [
              -40.3445748037126,
              -3.690730594211655
            ],
            [
              -40.34456711748156,
              -3.690733164562042
            ],
            [
              -40.34455938776876,
              -3.69073559975743
            ],
            [
              -40.34455161692877,
              -3.690737899056042
            ],
            [
              -40.34454380732863,
              -3.690740061757472
            ],
            [
              -40.34453596134725,
              -3.690742087202961
            ],
            [
              -40.34452808137458,
              -3.690743974775511
            ],
            [
              -40.34452016981095,
              -3.690745723900174
            ],
            [
              -40.34451222906629,
              -3.690747334044119
            ],
            [
              -40.34450426155944,
              -3.690748804716897
            ],
            [
              -40.34449626971738,
              -3.690750135470539
            ],
            [
              -40.3444882559745,
              -3.690751325899639
            ],
            [
              -40.34448022277188,
              -3.690752375641627
            ],
            [
              -40.34447217255651,
              -3.690753284376695
            ],
            [
              -40.34446410778055,
              -3.690754051828068
            ],
            [
              -40.34445603090064,
              -3.690754677761956
            ],
            [
              -40.34444794437706,
              -3.690755161987698
            ],
            [
              -40.34443985067305,
              -3.690755504357782
            ],
            [
              -40.34443175225404,
              -3.690755704767926
            ],
            [
              -40.3444268838788,
              -3.690755756890074
            ],
            [
              -40.34442326243097,
              -3.690755762386409
            ],
            [
              -40.34441339716645,
              -3.690755864843595
            ],
            [
              -40.34440353162454,
              -3.690755794316388
            ],
            [
              -40.34439366881035,
              -3.690755550826271
            ],
            [
              -40.34438381172822,
              -3.690755134447419
            ],
            [
              -40.34437396338071,
              -3.690754545306647
            ],
            [
              -40.34436412676773,
              -3.690753783583431
            ],
            [
              -40.34435430488562,
              -3.690752849509785
            ],
            [
              -40.34434450072622,
              -3.690751743370233
            ],
            [
              -40.34433471727597,
              -3.690750465501726
            ],
            [
              -40.34432495751502,
              -3.690749016293509
            ],
            [
              -40.34431522441629,
              -3.690747396187019
            ],
            [
              -40.34430552094459,
              -3.690745605675756
            ],
            [
              -40.34429585005569,
              -3.690743645305124
            ],
            [
              -40.34428621469544,
              -3.690741515672292
            ],
            [
              -40.34427661779888,
              -3.690739217425935
            ],
            [
              -40.34426706228931,
              -3.690736751266139
            ],
            [
              -40.34425825273799,
              -3.690734318352487
            ],
            [
              -40.34425181177177,
              -3.690732441652301
            ],
            [
              -40.34424331073703,
              -3.69072993334049
            ],
            [
              -40.34423485457165,
              -3.690727276361115
            ],
            [
              -40.34422644585149,
              -3.690724471523486
            ],
            [
              -40.34421808713791,
              -3.690721519682036
            ],
            [
              -40.34420978097708,
              -3.690718421735875
            ],
            [
              -40.34420152989913,
              -3.690715178628704
            ],
            [
              -40.34419333641743,
              -3.690711791348367
            ],
            [
              -40.34418520302778,
              -3.690708260926704
            ],
            [
              -40.34417713220771,
              -3.690704588439083
            ],
            [
              -40.34416912641567,
              -3.690700775004215
            ],
            [
              -40.34416118809032,
              -3.690696821783674
            ],
            [
              -40.34415331964973,
              -3.690692729981668
            ],
            [
              -40.34414552349072,
              -3.69068850084459
            ],
            [
              -40.34413780198808,
              -3.690684135660685
            ],
            [
              -40.34413015749386,
              -3.690679635759647
            ],
            [
              -40.34412259233665,
              -3.690675002512149
            ],
            [
              -40.34411510882086,
              -3.690670237329563
            ],
            [
              -40.34410770922606,
              -3.690665341663404
            ],
            [
              -40.34410104624784,
              -3.690660654814265
            ],
            [
              -40.34409317078914,
              -3.690655164884707
            ],
            [
              -40.34408603637556,
              -3.690649886872117
            ],
            [
              -40.34407899473874,
              -3.690644484574912
            ],
            [
              -40.3440756996831,
              -3.690641888609524
            ],
            [
              -40.34406717476685,
              -3.690635098540032
            ],
            [
              -40.34405876910675,
              -3.690628160036329
            ],
            [
              -40.34405048526325,
              -3.690621075211967
            ],
            [
              -40.34404232575967,
              -3.690613846225044
            ],
            [
              -40.34403429308151,
              -3.690606475277601
            ],
            [
              -40.34402638967558,
              -3.690598964614868
            ],
            [
              -40.34401861794935,
              -3.690591316524722
            ],
            [
              -40.34401098027017,
              -3.690583533336794
            ],
            [
              -40.34400347896455,
              -3.690575617421954
            ],
            [
              -40.34399611631744,
              -3.690567571191462
            ],
            [
              -40.34398889457161,
              -3.690559397096285
            ],
            [
              -40.34398181592685,
              -3.690551097626319
            ],
            [
              -40.34397488253941,
              -3.690542675309685
            ],
            [
              -40.34396809652124,
              -3.690534132711902
            ],
            [
              -40.34396145993944,
              -3.690525472435133
            ],
            [
              -40.34395467155557,
              -3.690515751081564
            ],
            [
              -40.34394931097484,
              -3.690507651965855
            ],
            [
              -40.34394409190914,
              -3.690499460095989
            ],
            [
              -40.34393901594824,
              -3.690491177967286
            ],
            [
              -40.34393408463834,
              -3.690482808102577
            ],
            [
              -40.34392929948156,
              -3.690474353051386
            ],
            [
              -40.3439246619355,
              -3.690465815389229
            ],
            [
              -40.3439201734128,
              -3.690457197716765
            ],
            [
              -40.34391583528072,
              -3.690448502658994
            ],
            [
              -40.34391164886068,
              -3.690439732864548
            ],
            [
              -40.3439076154279,
              -3.690430891004781
            ],
            [
              -40.34390373621101,
              -3.690421979773024
            ],
            [
              -40.34390001239165,
              -3.69041300188371
            ],
            [
              -40.34389644510414,
              -3.690403960071607
            ],
            [
              -40.34389303543509,
              -3.690394857090934
            ],
            [
              -40.34388978442311,
              -3.69038569571457
            ],
            [
              -40.34388669305852,
              -3.690376478733139
            ],
            [
              -40.34388376228295,
              -3.690367208954238
            ],
            [
              -40.34388099298915,
              -3.690357889201521
            ],
            [
              -40.34387838602066,
              -3.690348522313899
            ],
            [
              -40.3438759421716,
              -3.690339111144609
            ],
            [
              -40.34387366218637,
              -3.69032965856039
            ],
            [
              -40.34387154675948,
              -3.690320167440588
            ],
            [
              -40.34386959653531,
              -3.690310640676289
            ],
            [
              -40.3438678121079,
              -3.690301081169463
            ],
            [
              -40.3438661940208,
              -3.690291491832006
            ],
            [
              -40.3438647427669,
              -3.690281875584944
            ],
            [
              -40.34386345878826,
              -3.690272235357467
            ],
            [
              -40.34386234247599,
              -3.690262574086092
            ],
            [
              -40.34386139417012,
              -3.690252894713743
            ],
            [
              -40.3438606141595,
              -3.690243200188852
            ],
            [
              -40.34386036654175,
              -3.690228775529104
            ],
            [
              -40.3438604606674,
              -3.69021607680635
            ],
            [
              -40.34386077538191,
              -3.690203381667998
            ],
            [
              -40.3438613105894,
              -3.690190693981088
            ],
            [
              -40.34386206612685,
              -3.690178017610429
            ],
            [
              -40.34386304176409,
              -3.690165356417361
            ],
            [
              -40.34386423720392,
              -3.690152714258632
            ],
            [
              -40.34386565208221,
              -3.690140094985149
            ],
            [
              -40.34386728596794,
              -3.690127502440888
            ],
            [
              -40.34386913836341,
              -3.690114940461625
            ],
            [
              -40.34387120870436,
              -3.690102412873904
            ],
            [
              -40.34387349636012,
              -3.690089923493723
            ],
            [
              -40.34387600063385,
              -3.690077476125475
            ],
            [
              -40.34387872076271,
              -3.690065074560755
            ],
            [
              -40.34388165591811,
              -3.690052722577211
            ],
            [
              -40.34388480520597,
              -3.690040423937351
            ],
            [
              -40.34388816766697,
              -3.690028182387486
            ],
            [
              -40.34389154110684,
              -3.690016666877355
            ],
            [
              -40.3438926088625,
              -3.6900131618046
            ],
            [
              -40.34389648785498,
              -3.690011577122193
            ],
            [
              -40.34377797173818,
              -3.689901085903034
            ],
            [
              -40.34355128598746,
              -3.689805107970008
            ],
            [
              -40.34348778545228,
              -3.689764261409365
            ],
            [
              -40.34337300600841,
              -3.689690429793827
            ],
            [
              -40.34331676689606,
              -3.689645652714329
            ],
            [
              -40.34321675914688,
              -3.689588156846653
            ],
            [
              -40.34312581807561,
              -3.689541686915983
            ],
            [
              -40.34303213686113,
              -3.689486391182162
            ],
            [
              -40.34287502380518,
              -3.689436112706228
            ],
            [
              -40.34275571839861,
              -3.689404070105243
            ],
            [
              -40.34267058120659,
              -3.689381204263583
            ],
            [
              -40.34259970123264,
              -3.689365695436726
            ],
            [
              -40.3424682604213,
              -3.689347951705189
            ],
            [
              -40.34237597622715,
              -3.689328528430166
            ],
            [
              -40.34236338788659,
              -3.689325878931127
            ],
            [
              -40.34231867867786,
              -3.689295560720752
            ],
            [
              -40.34227092241296,
              -3.689262001174066
            ],
            [
              -40.34220925461659,
              -3.689217109102393
            ],
            [
              -40.34219763410466,
              -3.689193948099591
            ],
            [
              -40.34214243820053,
              -3.689257339683629
            ],
            [
              -40.34211535993973,
              -3.689300236940984
            ],
            [
              -40.3420925920859,
              -3.689317571558666
            ],
            [
              -40.34205024000489,
              -3.689305124151018
            ],
            [
              -40.34203305848733,
              -3.689281513688361
            ],
            [
              -40.34202563915835,
              -3.689245934277546
            ],
            [
              -40.34196465930565,
              -3.689228392230139
            ],
            [
              -40.34194441281278,
              -3.689222567929255
            ],
            [
              -40.34190718320221,
              -3.689215928080626
            ],
            [
              -40.34186842118085,
              -3.689209014926821
            ],
            [
              -40.34183085819701,
              -3.689202315617555
            ],
            [
              -40.34178835926495,
              -3.689194735986186
            ],
            [
              -40.34178693998488,
              -3.689194437121784
            ],
            [
              -40.34181921815218,
              -3.689025067148561
            ],
            [
              -40.34186335368013,
              -3.688791911682762
            ],
            [
              -40.34190483899233,
              -3.68857273428056
            ],
            [
              -40.3419641722115,
              -3.688266537379813
            ],
            [
              -40.34201108793289,
              -3.688022387058524
            ],
            [
              -40.34209321037177,
              -3.687645257217861
            ],
            [
              -40.34218783890134,
              -3.687284573564817
            ],
            [
              -40.34225692905672,
              -3.687069850618762
            ],
            [
              -40.34230417529565,
              -3.687080763145896
            ],
            [
              -40.34237044570577,
              -3.687096069706295
            ],
            [
              -40.34247938768532,
              -3.687121232160144
            ],
            [
              -40.34254767055023,
              -3.687285834693486
            ],
            [
              -40.34255681788032,
              -3.687296961806542
            ],
            [
              -40.34256771031887,
              -3.687304732591801
            ],
            [
              -40.34261097631118,
              -3.687333769429892
            ],
            [
              -40.34259547371666,
              -3.687409523057842
            ],
            [
              -40.34258197398571,
              -3.687474303630028
            ],
            [
              -40.34257102363219,
              -3.687517939825348
            ],
            [
              -40.34256894999182,
              -3.687542344009428
            ],
            [
              -40.34257429552524,
              -3.687572726198746
            ],
            [
              -40.34258896103291,
              -3.687593691655444
            ],
            [
              -40.34270273107446,
              -3.687609200641035
            ],
            [
              -40.34279618286248,
              -3.687623619776522
            ],
            [
              -40.34310302358537,
              -3.687668695629029
            ],
            [
              -40.34314581266975,
              -3.687679880298596
            ],
            [
              -40.34317512695203,
              -3.687702850409224
            ],
            [
              -40.34329889123689,
              -3.687830056759797
            ],
            [
              -40.34335633528038,
              -3.687892939022451
            ],
            [
              -40.34332977198901,
              -3.687921368011057
            ],
            [
              -40.34331970580349,
              -3.687930859140448
            ],
            [
              -40.3431862364565,
              -3.688056706959832
            ],
            [
              -40.34296588772207,
              -3.688303375630332
            ],
            [
              -40.34295830294723,
              -3.688347185756268
            ],
            [
              -40.34296736327187,
              -3.688416116164508
            ],
            [
              -40.34303880804383,
              -3.688407921266089
            ],
            [
              -40.34339772769425,
              -3.688346371607198
            ],
            [
              -40.34367327613069,
              -3.688301926188758
            ],
            [
              -40.34368530414271,
              -3.688371473365402
            ],
            [
              -40.34369359165461,
              -3.688414258072882
            ],
            [
              -40.34369548351837,
              -3.688424024916004
            ],
            [
              -40.34370833668965,
              -3.688490380056359
            ],
            [
              -40.34372006469717,
              -3.688550926465195
            ],
            [
              -40.3437241235489,
              -3.688571880480734
            ],
            [
              -40.34373178404349,
              -3.688611428143798
            ],
            [
              -40.34373975036142,
              -3.688652554626748
            ],
            [
              -40.34374808753607,
              -3.688695595666623
            ],
            [
              -40.34375521775596,
              -3.688732405741435
            ],
            [
              -40.34375977695431,
              -3.688755942800951
            ],
            [
              -40.3437649916569,
              -3.688782863926543
            ],
            [
              -40.34377089763968,
              -3.688813353811788
            ],
            [
              -40.34377142813662,
              -3.688816092524426
            ],
            [
              -40.3437821791275,
              -3.688906731095107
            ],
            [
              -40.34377533690181,
              -3.688960445395458
            ],
            [
              -40.34378952100311,
              -3.68900497324033
            ],
            [
              -40.34379155692347,
              -3.689011364560804
            ],
            [
              -40.34381288799103,
              -3.689078328707771
            ],
            [
              -40.34382867332177,
              -3.689103846162056
            ],
            [
              -40.34384031465443,
              -3.689122664719307
            ],
            [
              -40.34386252479612,
              -3.6891585680642
            ],
            [
              -40.34387783330285,
              -3.689183314711278
            ],
            [
              -40.34388645938768,
              -3.689197259027706
            ],
            [
              -40.34388422313861,
              -3.689198126552463
            ],
            [
              -40.34390379752038,
              -3.689227947477371
            ],
            [
              -40.34390513323454,
              -3.689227445840588
            ],
            [
              -40.34392682292447,
              -3.689262507846861
            ],
            [
              -40.34393719545938,
              -3.689277993082737
            ],
            [
              -40.343949851626,
              -3.68929688756848
            ],
            [
              -40.34398318781859,
              -3.689346655413313
            ],
            [
              -40.34400899252925,
              -3.689385179447635
            ],
            [
              -40.34402829246955,
              -3.689413992461029
            ],
            [
              -40.34404131501238,
              -3.689433433902939
            ],
            [
              -40.34405100018546,
              -3.68944789296207
            ],
            [
              -40.34409207551308,
              -3.689509214582966
            ],
            [
              -40.34410585382573,
              -3.689529784311521
            ],
            [
              -40.3441183969679,
              -3.689548510045043
            ],
            [
              -40.34412602309006,
              -3.68955989512876
            ],
            [
              -40.34413218563956,
              -3.689571972314837
            ],
            [
              -40.34414435671956,
              -3.689595824843496
            ],
            [
              -40.34417399279285,
              -3.689653904749766
            ],
            [
              -40.34417425652288,
              -3.689653809937867
            ],
            [
              -40.34417838053561,
              -3.689666432649198
            ],
            [
              -40.34419474269075,
              -3.68966103373132
            ],
            [
              -40.34419047480549,
              -3.689647979406536
            ],
            [
              -40.3441921983024,
              -3.68964735980313
            ],
            [
              -40.34438753306718,
              -3.689577115334159
            ],
            [
              -40.34445627983222,
              -3.689552867118579
            ],
            [
              -40.34451343475581,
              -3.689711705293203
            ],
            [
              -40.34453617630948,
              -3.689762300714932
            ],
            [
              -40.34456206397336,
              -3.689850975656158
            ],
            [
              -40.34458129087238,
              -3.689916834964194
            ],
            [
              -40.34442198654123,
              -3.690091189047857
            ],
            [
              -40.34470029529619,
              -3.690187005353214
            ],
            [
              -40.34474386090054,
              -3.690203500677617
            ],
            [
              -40.34484222918124,
              -3.690265534084407
            ],
            [
              -40.34481045846707,
              -3.690312100172865
            ],
            [
              -40.34484051932055,
              -3.69033644092063
            ],
            [
              -40.34486357962057,
              -3.690355113207773
            ],
            [
              -40.34488038965068,
              -3.690326541632853
            ],
            [
              -40.34490281474605,
              -3.690341042937793
            ],
            [
              -40.34492319744644,
              -3.690354223516298
            ],
            [
              -40.34494447197876,
              -3.690367980801436
            ],
            [
              -40.34496417742626,
              -3.690380723428873
            ],
            [
              -40.3449525731013,
              -3.690398834927657
            ],
            [
              -40.34497711431787,
              -3.690414298136899
            ],
            [
              -40.34501715446833,
              -3.690439527087745
            ],
            [
              -40.34505052141666,
              -3.690460551309102
            ],
            [
              -40.34505329794462,
              -3.690455946661237
            ],
            [
              -40.3450568353744,
              -3.690450163791419
            ],
            [
              -40.34508865881025,
              -3.690468244840048
            ],
            [
              -40.34512642658135,
              -3.690489703265166
            ],
            [
              -40.34513950621118,
              -3.690469991832232
            ],
            [
              -40.34518469092845,
              -3.690503212971
            ],
            [
              -40.3451852489625,
              -3.690502613648628
            ],
            [
              -40.34519748120329,
              -3.690511844940605
            ],
            [
              -40.34523807990758,
              -3.690542618363462
            ],
            [
              -40.34521399045411,
              -3.69057286820526
            ],
            [
              -40.3452419929271,
              -3.690595693239656
            ],
            [
              -40.34526689637557,
              -3.690615992232873
            ],
            [
              -40.3452928054086,
              -3.690637110883733
            ],
            [
              -40.34527518986364,
              -3.690663944547222
            ],
            [
              -40.34530032101245,
              -3.690685305465684
            ],
            [
              -40.345336329673,
              -3.690715912023887
            ],
            [
              -40.34537909033845,
              -3.690744408770651
            ],
            [
              -40.34539589488423,
              -3.690718959061732
            ],
            [
              -40.34543149641586,
              -3.690744330333759
            ],
            [
              -40.3454232495668,
              -3.690756610972044
            ],
            [
              -40.34545974444402,
              -3.690781345623614
            ],
            [
              -40.34546741300704,
              -3.690769926128015
            ],
            [
              -40.3455010911565,
              -3.690793926703845
            ],
            [
              -40.34553624615449,
              -3.690818979745554
            ],
            [
              -40.34554705431172,
              -3.69080190680996
            ],
            [
              -40.34557585405256,
              -3.690822063221752
            ],
            [
              -40.34561514730349,
              -3.690849380939698
            ],
            [
              -40.34560752868259,
              -3.690861663337364
            ],
            [
              -40.34563104105844,
              -3.690876835075597
            ],
            [
              -40.34562329135323,
              -3.690889267969707
            ],
            [
              -40.34565018700182,
              -3.690906521988229
            ],
            [
              -40.34564901725945,
              -3.690908577070995
            ],
            [
              -40.3456678758981,
              -3.690920769783426
            ],
            [
              -40.34567336704212,
              -3.690911252957112
            ],
            [
              -40.34570187850196,
              -3.690927468379314
            ],
            [
              -40.34566334296587,
              -3.690997399648383
            ],
            [
              -40.34568613449405,
              -3.691011845144205
            ],
            [
              -40.34568053279929,
              -3.691021496360521
            ],
            [
              -40.34571969252539,
              -3.691046770061166
            ],
            [
              -40.34572325967641,
              -3.691049072301489
            ],
            [
              -40.3457329264626,
              -3.69103262521387
            ],
            [
              -40.34575333197873,
              -3.691045331933571
            ],
            [
              -40.34576722720202,
              -3.691023815336199
            ],
            [
              -40.34578949488413,
              -3.691041965858711
            ],
            [
              -40.34581105365868,
              -3.691009884366077
            ],
            [
              -40.34583993106796,
              -3.691030983382743
            ],
            [
              -40.34587247470639,
              -3.691054761093615
            ],
            [
              -40.34586058097989,
              -3.691072479671714
            ],
            [
              -40.34588655982484,
              -3.691091978568851
            ],
            [
              -40.34591596360791,
              -3.691114048113497
            ],
            [
              -40.3459413191753,
              -3.691133079194179
            ],
            [
              -40.34594955067094,
              -3.691120348775216
            ],
            [
              -40.34597907193157,
              -3.691141985582814
            ],
            [
              -40.34600950835906,
              -3.691164293134593
            ],
            [
              -40.34603284723149,
              -3.691181398724655
            ],
            [
              -40.34606800701651,
              -3.691207168127336
            ],
            [
              -40.34608890580161,
              -3.691222485318577
            ],
            [
              -40.34610789123411,
              -3.691236400169414
            ],
            [
              -40.34608594131315,
              -3.691272533828895
            ],
            [
              -40.34611571522058,
              -3.691291158573262
            ],
            [
              -40.34608425925978,
              -3.691337816450196
            ],
            [
              -40.34612268088513,
              -3.691362286977665
            ],
            [
              -40.34617308013848,
              -3.69128417857729
            ],
            [
              -40.34617663563851,
              -3.691286784482539
            ],
            [
              -40.34621016635238,
              -3.691311359888638
            ],
            [
              -40.34624872421714,
              -3.691339619801562
            ],
            [
              -40.34629245567902,
              -3.691371671553334
            ],
            [
              -40.34632542775532,
              -3.691395837510806
            ],
            [
              -40.34630391487335,
              -3.691428327650708
            ],
            [
              -40.34632558880638,
              -3.691444373521443
            ],
            [
              -40.34632540393067,
              -3.691444656064401
            ],
            [
              -40.34632898991607,
              -3.691457359611706
            ],
            [
              -40.34630933709462,
              -3.691487600938316
            ],
            [
              -40.34640616847834,
              -3.691548184980588
            ],
            [
              -40.34649120460968,
              -3.691576517422906
            ],
            [
              -40.34654009464507,
              -3.691647613327649
            ],
            [
              -40.34653463581573,
              -3.691651219666396
            ],
            [
              -40.34653381995972,
              -3.69165192016041
            ],
            [
              -40.34653301639701,
              -3.691652634852213
            ],
            [
              -40.34653222537239,
              -3.691653363524097
            ],
            [
              -40.34653144712681,
              -3.691654105954092
            ],
            [
              -40.34653068189733,
              -3.691654861916047
            ],
            [
              -40.34652992991704,
              -3.691655631179716
            ],
            [
              -40.346529191415,
              -3.691656413510752
            ],
            [
              -40.34652846661618,
              -3.691657208670841
            ],
            [
              -40.34652775574136,
              -3.691658016417794
            ],
            [
              -40.34652705900705,
              -3.691658836505542
            ],
            [
              -40.34652637662551,
              -3.691659668684284
            ],
            [
              -40.3465257088046,
              -3.691660512700528
            ],
            [
              -40.34652505574773,
              -3.691661368297193
            ],
            [
              -40.34652441765384,
              -3.691662235213646
            ],
            [
              -40.34652379471729,
              -3.691663113185824
            ],
            [
              -40.34652318712784,
              -3.691664001946267
            ],
            [
              -40.34652259507056,
              -3.691664901224274
            ],
            [
              -40.3465220187258,
              -3.691665810745897
            ],
            [
              -40.34652145826912,
              -3.691666730234096
            ],
            [
              -40.34652091387125,
              -3.691667659408793
            ],
            [
              -40.34652038569801,
              -3.691668597986944
            ],
            [
              -40.34651987391028,
              -3.691669545682641
            ],
            [
              -40.34651937866397,
              -3.691670502207231
            ],
            [
              -40.34651890010993,
              -3.69167146726931
            ],
            [
              -40.34651843839393,
              -3.691672440574951
            ],
            [
              -40.34651799365662,
              -3.691673421827661
            ],
            [
              -40.34651756603346,
              -3.691674410728524
            ],
            [
              -40.34651715565472,
              -3.691675406976332
            ],
            [
              -40.3465167626454,
              -3.691676410267603
            ],
            [
              -40.34651638712521,
              -3.691677420296743
            ],
            [
              -40.34651602920854,
              -3.691678436756061
            ],
            [
              -40.34651568900443,
              -3.691679459335971
            ],
            [
              -40.34651536661649,
              -3.691680487724952
            ],
            [
              -40.34651506214293,
              -3.691681521609752
            ],
            [
              -40.34651477567649,
              -3.691682560675463
            ],
            [
              -40.34651450730444,
              -3.691683604605541
            ],
            [
              -40.34651425710852,
              -3.691684653082032
            ],
            [
              -40.34651402516496,
              -3.69168570578553
            ],
            [
              -40.34651381154438,
              -3.691686762395369
            ],
            [
              -40.34651361631188,
              -3.691687822589731
            ],
            [
              -40.34651343952692,
              -3.691688886045644
            ],
            [
              -40.34651328124335,
              -3.691689952439168
            ],
            [
              -40.34651314150938,
              -3.691691021445459
            ],
            [
              -40.34651302036759,
              -3.691692092738927
            ],
            [
              -40.34651291785485,
              -3.691693165993216
            ],
            [
              -40.34651283400243,
              -3.6916942408814
            ],
            [
              -40.34651276883584,
              -3.691695317076065
            ],
            [
              -40.34651272237492,
              -3.691696394249392
            ],
            [
              -40.34651269463387,
              -3.69169747207326
            ],
            [
              -40.3465126856211,
              -3.691698550219365
            ],
            [
              -40.34651269533937,
              -3.691699628359277
            ],
            [
              -40.34651272378571,
              -3.691700706164595
            ],
            [
              -40.34651277095147,
              -3.691701783307008
            ],
            [
              -40.34651283682228,
              -3.6917028594584
            ],
            [
              -40.34651292137806,
              -3.691703934290984
            ],
            [
              -40.34651302459307,
              -3.691705007477336
            ],
            [
              -40.34651314643586,
              -3.691706078690544
            ],
            [
              -40.34651328686932,
              -3.691707147604346
            ],
            [
              -40.34651344585068,
              -3.691708213893096
            ],
            [
              -40.34651362333149,
              -3.691709277232013
            ],
            [
              -40.34651381925772,
              -3.691710337297204
            ],
            [
              -40.34651403356965,
              -3.691711393765745
            ],
            [
              -40.34651426620204,
              -3.691712446315844
            ],
            [
              -40.346514517084,
              -3.691713494626851
            ],
            [
              -40.34651478613912,
              -3.691714538379471
            ],
            [
              -40.34651507328544,
              -3.691715577255766
            ],
            [
              -40.34651537843549,
              -3.691716610939252
            ],
            [
              -40.34651570149632,
              -3.691717639115107
            ],
            [
              -40.34651604236953,
              -3.691718661470103
            ],
            [
              -40.34651640095127,
              -3.691719677692816
            ],
            [
              -40.34651677713234,
              -3.691720687473726
            ],
            [
              -40.34651717079812,
              -3.691721690505233
            ],
            [
              -40.34651758182871,
              -3.691722686481787
            ],
            [
              -40.34651801009892,
              -3.691723675100022
            ],
            [
              -40.34651845547827,
              -3.691724656058785
            ],
            [
              -40.34651891783111,
              -3.691725629059273
            ],
            [
              -40.34651939701659,
              -3.691726593805093
            ],
            [
              -40.34651989288876,
              -3.691727550002384
            ],
            [
              -40.34652040529657,
              -3.691728497359875
            ],
            [
              -40.34652093408391,
              -3.691729435588983
            ],
            [
              -40.34652147908974,
              -3.691730364403936
            ],
            [
              -40.34652204014805,
              -3.691731283521776
            ],
            [
              -40.3465226170879,
              -3.691732192662554
            ],
            [
              -40.34652320973357,
              -3.691733091549344
            ],
            [
              -40.34652381790453,
              -3.691733979908309
            ],
            [
              -40.34652444141553,
              -3.691734857468871
            ],
            [
              -40.34652508007665,
              -3.691735723963694
            ],
            [
              -40.34652573369333,
              -3.691736579128854
            ],
            [
              -40.34652640206647,
              -3.691737422703863
            ],
            [
              -40.34652708499249,
              -3.69173825443174
            ],
            [
              -40.34652778226337,
              -3.691739074059135
            ],
            [
              -40.34652849366671,
              -3.691739881336408
            ],
            [
              -40.34652921898579,
              -3.69174067601762
            ],
            [
              -40.3465299579997,
              -3.69174145786072
            ],
            [
              -40.34653071048331,
              -3.691742226627569
            ],
            [
              -40.3465314762074,
              -3.691742982083946
            ],
            [
              -40.34653225493875,
              -3.691743723999775
            ],
            [
              -40.34653304644014,
              -3.691744452149052
            ],
            [
              -40.34653385047044,
              -3.691745166309952
            ],
            [
              -40.34653466678478,
              -3.69174586626497
            ],
            [
              -40.34653549513448,
              -3.69174655180087
            ],
            [
              -40.34653633526722,
              -3.69174722270882
            ],
            [
              -40.34653718692708,
              -3.691747878784485
            ],
            [
              -40.34653804985466,
              -3.691748519828006
            ],
            [
              -40.34653892378707,
              -3.691749145644112
            ],
            [
              -40.34653980845813,
              -3.691749756042165
            ],
            [
              -40.34654070359834,
              -3.691750350836251
            ],
            [
              -40.34654160893505,
              -3.69175092984518
            ],
            [
              -40.34654252419247,
              -3.691751492892583
            ],
            [
              -40.34654344909181,
              -3.691752039806929
            ],
            [
              -40.34654438335135,
              -3.691752570421666
            ],
            [
              -40.34654532668647,
              -3.691753084575125
            ],
            [
              -40.34654627880986,
              -3.691753582110702
            ],
            [
              -40.34654723943147,
              -3.691754062876846
            ],
            [
              -40.3465482082587,
              -3.691754526727104
            ],
            [
              -40.34654918499643,
              -3.691754973520205
            ],
            [
              -40.34655016934713,
              -3.691755403120013
            ],
            [
              -40.34655116101096,
              -3.691755815395716
            ],
            [
              -40.34655215968585,
              -3.691756210221673
            ],
            [
              -40.3465531650676,
              -3.691756587477677
            ],
            [
              -40.34655417684995,
              -3.691756947048761
            ],
            [
              -40.34655519472471,
              -3.691757288825419
            ],
            [
              -40.34655621838183,
              -3.691757612703556
            ],
            [
              -40.34655724750947,
              -3.691757918584484
            ],
            [
              -40.34655828179418,
              -3.691758206375067
            ],
            [
              -40.34655932092088,
              -3.691758475987607
            ],
            [
              -40.34656036457307,
              -3.691758727339989
            ],
            [
              -40.34656141243281,
              -3.691758960355636
            ],
            [
              -40.34656246418093,
              -3.691759174963606
            ],
            [
              -40.34656351949706,
              -3.691759371098499
            ],
            [
              -40.34656457805973,
              -3.691759548700563
            ],
            [
              -40.34656563954651,
              -3.691759707715716
            ],
            [
              -40.34656670363404,
              -3.691759848095534
            ],
            [
              -40.3465677699982,
              -3.691759969797211
            ],
            [
              -40.34656883831416,
              -3.691760072783722
            ],
            [
              -40.3465699082565,
              -3.691760157023674
            ],
            [
              -40.3465709794993,
              -3.691760222491398
            ],
            [
              -40.34657205171627,
              -3.691760269166973
            ],
            [
              -40.34657312458079,
              -3.691760297036171
            ],
            [
              -40.34657419776604,
              -3.691760306090495
            ],
            [
              -40.34657527094514,
              -3.691760296327204
            ],
            [
              -40.34657634379118,
              -3.691760267749258
            ],
            [
              -40.34657741597735,
              -3.691760220365374
            ],
            [
              -40.34657848717708,
              -3.691760154189963
            ],
            [
              -40.34657955706405,
              -3.691760069243216
            ],
            [
              -40.34658062531236,
              -3.691759965550983
            ],
            [
              -40.34658169159661,
              -3.691759843144872
            ],
            [
              -40.34658275559202,
              -3.691759702062139
            ],
            [
              -40.34658381697447,
              -3.691759542345779
            ],
            [
              -40.34658487542066,
              -3.691759364044434
            ],
            [
              -40.34658593060817,
              -3.69175916721243
            ],
            [
              -40.34658698221558,
              -3.691758951909712
            ],
            [
              -40.34658802992256,
              -3.691758718201882
            ],
            [
              -40.34658907340999,
              -3.69175846616009
            ],
            [
              -40.34659011235998,
              -3.691758195861155
            ],
            [
              -40.34659114645607,
              -3.691757907387382
            ],
            [
              -40.34659217538327,
              -3.691757600826666
            ],
            [
              -40.34659319882815,
              -3.69175727627236
            ],
            [
              -40.34659421647897,
              -3.691756933823354
            ],
            [
              -40.34659522802573,
              -3.691756573583945
            ],
            [
              -40.34659623316031,
              -3.691756195663873
            ],
            [
              -40.34659723157653,
              -3.691755800178257
            ],
            [
              -40.34659822297027,
              -3.691755387247556
            ],
            [
              -40.34659920703955,
              -3.691754956997557
            ],
            [
              -40.34660018348459,
              -3.691754509559323
            ],
            [
              -40.34660115200798,
              -3.691754045069159
            ],
            [
              -40.34660211231468,
              -3.691753563668518
            ],
            [
              -40.34660306411217,
              -3.691753065504076
            ],
            [
              -40.34660400711054,
              -3.691752550727554
            ],
            [
              -40.34660494102253,
              -3.691752019495776
            ],
            [
              -40.34660586556367,
              -3.691751471970548
            ],
            [
              -40.34660678045233,
              -3.691750908318658
            ],
            [
              -40.34660768540983,
              -3.691750328711811
            ],
            [
              -40.34660858016051,
              -3.691749733326538
            ],
            [
              -40.34660946443181,
              -3.691749122344203
            ],
            [
              -40.3466103379544,
              -3.691748495950918
            ],
            [
              -40.34661120046216,
              -3.691747854337503
            ],
            [
              -40.34661205169238,
              -3.69174719769939
            ],
            [
              -40.34661289138577,
              -3.691746526236587
            ],
            [
              -40.34661371928656,
              -3.69174584015365
            ],
            [
              -40.34661453514254,
              -3.691745139659556
            ],
            [
              -40.34661533870521,
              -3.691744424967674
            ],
            [
              -40.34661612972979,
              -3.691743696295714
            ],
            [
              -40.34661690797532,
              -3.691742953865642
            ],
            [
              -40.34661767320475,
              -3.691742197903614
            ],
            [
              -40.34661842518498,
              -3.691741428639873
            ],
            [
              -40.34664081285068,
              -3.69176498707864
            ],
            [
              -40.34667217616673,
              -3.691736514709608
            ],
            [
              -40.34688906317903,
              -3.691839934931816
            ],
            [
              -40.3468936621547,
              -3.691887681388903
            ],
            [
              -40.34713373858404,
              -3.69198339159515
            ],
            [
              -40.34714952385934,
              -3.692001789003115
            ],
            [
              -40.34719193213984,
              -3.692016549823708
            ],
            [
              -40.34718475844232,
              -3.692037110406221
            ],
            [
              -40.34720366030997,
              -3.692043766476392
            ],
            [
              -40.34719067402532,
              -3.69208098655521
            ],
            [
              -40.34723025805906,
              -3.692096281210231
            ],
            [
              -40.34724884571218,
              -3.692103463189428
            ],
            [
              -40.34729810621118,
              -3.692122496675035
            ],
            [
              -40.34729904020393,
              -3.692120164489387
            ],
            [
              -40.34743625588744,
              -3.69216654567559
            ],
            [
              -40.34745294355999,
              -3.692172186384848
            ],
            [
              -40.34756887837634,
              -3.692241072843038
            ],
            [
              -40.34756265041387,
              -3.692253054679384
            ],
            [
              -40.34786308512096,
              -3.692418411390351
            ],
            [
              -40.34788878574907,
              -3.692368789197933
            ],
            [
              -40.3478899003785,
              -3.69236889933144
            ],
            [
              -40.34789168942815,
              -3.692369103570145
            ],
            [
              -40.34789347437914,
              -3.692369341262754
            ],
            [
              -40.34789525461171,
              -3.692369612326752
            ],
            [
              -40.34789702950773,
              -3.692369916668012
            ],
            [
              -40.34789879845092,
              -3.692370254180769
            ],
            [
              -40.34790056082709,
              -3.692370624747915
            ],
            [
              -40.34790231602429,
              -3.69237102824086
            ],
            [
              -40.3479040634331,
              -3.692371464519344
            ],
            [
              -40.34790580244678,
              -3.692371933431914
            ],
            [
              -40.34790753246153,
              -3.692372434815856
            ],
            [
              -40.34791096309478,
              -3.692373534290082
            ],
            [
              -40.3479126625221,
              -3.692374131998701
            ],
            [
              -40.34791435056855,
              -3.692374761415176
            ],
            [
              -40.34791602664802,
              -3.692375422320989
            ],
            [
              -40.34791769017852,
              -3.692376114486821
            ],
            [
              -40.3479209772868,
              -3.692377591625951
            ],
            [
              -40.34792259972323,
              -3.692378376086529
            ],
            [
              -40.34792420732843,
              -3.692379190781337
            ],
            [
              -40.34792579954419,
              -3.692380035427634
            ],
            [
              -40.34792737581768,
              -3.692380909732033
            ],
            [
              -40.34792893560161,
              -3.692381813391087
            ],
            [
              -40.34793047835436,
              -3.69238274609089
            ],
            [
              -40.34793200354027,
              -3.692383707507759
            ],
            [
              -40.34793336338157,
              -3.692384598816657
            ],
            [
              -40.34793485370369,
              -3.69238561391685
            ],
            [
              -40.34793632493978,
              -3.692386656738245
            ],
            [
              -40.34793777657899,
              -3.692387726918796
            ],
            [
              -40.34793920811732,
              -3.69238882408688
            ],
            [
              -40.34794061905767,
              -3.692389947861589
            ],
            [
              -40.34794200891018,
              -3.692391097852681
            ],
            [
              -40.34794337719224,
              -3.692392273660849
            ],
            [
              -40.34794472342877,
              -3.692393474877816
            ],
            [
              -40.34794604715233,
              -3.692394701086569
            ],
            [
              -40.3479473479033,
              -3.692395951861315
            ],
            [
              -40.34794862523005,
              -3.692397226767833
            ],
            [
              -40.34794987868906,
              -3.692398525363327
            ],
            [
              -40.34795110784511,
              -3.692399847196978
            ],
            [
              -40.34795231227141,
              -3.69240119180977
            ],
            [
              -40.34795349154976,
              -3.692402558734881
            ],
            [
              -40.34795464527071,
              -3.692403947497678
            ],
            [
              -40.34795577303365,
              -3.692405357615932
            ],
            [
              -40.34795687444702,
              -3.692406788600122
            ],
            [
              -40.34795899670458,
              -3.692409711171439
            ],
            [
              -40.3479600168119,
              -3.692411201743856
            ],
            [
              -40.34796100909611,
              -3.69241271115306
            ],
            [
              -40.3479619732127,
              -3.692414238874719
            ],
            [
              -40.34796290882691,
              -3.692415784378637
            ],
            [
              -40.34796381561386,
              -3.692417347128043
            ],
            [
              -40.34796554145672,
              -3.692420522187074
            ],
            [
              -40.34796714834455,
              -3.692423759642529
            ],
            [
              -40.34796790647641,
              -3.692425400367215
            ],
            [
              -40.34796863404576,
              -3.692427054998476
            ],
            [
              -40.34796933079996,
              -3.692428722962012
            ],
            [
              -40.3479699964971,
              -3.692430403678464
            ],
            [
              -40.34797063090602,
              -3.692432096564456
            ],
            [
              -40.34797123380645,
              -3.692433801032051
            ],
            [
              -40.34797197084234,
              -3.692435451429382
            ],
            [
              -40.34797274036244,
              -3.692437086794431
            ],
            [
              -40.34797354206317,
              -3.692438706481969
            ],
            [
              -40.34797437562823,
              -3.69244030985286
            ],
            [
              -40.34797524072872,
              -3.692441896274479
            ],
            [
              -40.34797613702332,
              -3.692443465121038
            ],
            [
              -40.34797706415844,
              -3.692445015773427
            ],
            [
              -40.34797802176824,
              -3.692446547620011
            ],
            [
              -40.34797900947492,
              -3.692448060056238
            ],
            [
              -40.34798002688879,
              -3.692449552485458
            ],
            [
              -40.34798107360843,
              -3.692451024318919
            ],
            [
              -40.34798214922088,
              -3.692452474975792
            ],
            [
              -40.34798325330173,
              -3.692453903883754
            ],
            [
              -40.34798438541539,
              -3.692455310479106
            ],
            [
              -40.3479855451152,
              -3.692456694206826
            ],
            [
              -40.34798673194359,
              -3.692458054520959
            ],
            [
              -40.34798794543233,
              -3.692459390884911
            ],
            [
              -40.34798918510262,
              -3.692460702771287
            ],
            [
              -40.34799045046537,
              -3.692461989662599
            ],
            [
              -40.34799174102132,
              -3.692463251051024
            ],
            [
              -40.34799305626132,
              -3.692464486438881
            ],
            [
              -40.34799439566643,
              -3.692465695338898
            ],
            [
              -40.34799575870819,
              -3.692466877273993
            ],
            [
              -40.34799714484885,
              -3.692468031777863
            ],
            [
              -40.34799855354149,
              -3.692469158394963
            ],
            [
              -40.34799998423032,
              -3.692470256680891
            ],
            [
              -40.34800143635088,
              -3.692471326202262
            ],
            [
              -40.34800290933024,
              -3.692472366537138
            ],
            [
              -40.34800440258726,
              -3.692473377275022
            ],
            [
              -40.34800591553275,
              -3.692474358017114
            ],
            [
              -40.34800744756983,
              -3.692475308376546
            ],
            [
              -40.348008998094,
              -3.692476227978339
            ],
            [
              -40.34801056649354,
              -3.69247711645961
            ],
            [
              -40.34801215214965,
              -3.692477973469793
            ],
            [
              -40.3480137544367,
              -3.692478798670871
            ],
            [
              -40.34801537272253,
              -3.692479591737221
            ],
            [
              -40.34801700636865,
              -3.692480352355962
            ],
            [
              -40.34801865473052,
              -3.692481080226993
            ],
            [
              -40.34802031715779,
              -3.692481775063043
            ],
            [
              -40.34802199299455,
              -3.692482436589986
            ],
            [
              -40.34802368157962,
              -3.692483064547004
            ],
            [
              -40.34802538224677,
              -3.692483658686116
            ],
            [
              -40.34802709432501,
              -3.692484218773083
            ],
            [
              -40.34802881713886,
              -3.69248474458681
            ],
            [
              -40.34803055000861,
              -3.692485235919856
            ],
            [
              -40.34803229225052,
              -3.692485692578448
            ],
            [
              -40.34803404317725,
              -3.692486114382394
            ],
            [
              -40.34803580209795,
              -3.692486501165126
            ],
            [
              -40.34803756831865,
              -3.69248685277423
            ],
            [
              -40.34803934114252,
              -3.692487169070835
            ],
            [
              -40.34804111987008,
              -3.692487449930232
            ],
            [
              -40.34804290379954,
              -3.692487695241577
            ],
            [
              -40.34804469222709,
              -3.692487904908198
            ],
            [
              -40.34804648444712,
              -3.692488078847205
            ],
            [
              -40.34804827975249,
              -3.692488216990065
            ],
            [
              -40.34805007743488,
              -3.692488319282215
            ],
            [
              -40.34805235346275,
              -3.69248839725284
            ],
            [
              -40.34805415390544,
              -3.692488418222891
            ],
            [
              -40.34805595440756,
              -3.69248840326289
            ],
            [
              -40.3480577542587,
              -3.692488352378669
            ],
            [
              -40.34805955274878,
              -3.692488265590363
            ],
            [
              -40.34806134916818,
              -3.692488142932258
            ],
            [
              -40.34806314280816,
              -3.692487984452653
            ],
            [
              -40.34806493296104,
              -3.692487790214117
            ],
            [
              -40.34806671892051,
              -3.692487560293332
            ],
            [
              -40.34806849998196,
              -3.69248729478091
            ],
            [
              -40.34807027544266,
              -3.692486993781663
            ],
            [
              -40.34807204460213,
              -3.692486657414433
            ],
            [
              -40.34807380676236,
              -3.692486285811784
            ],
            [
              -40.34807556122808,
              -3.69248587912045
            ],
            [
              -40.34807730730709,
              -3.6924854375008
            ],
            [
              -40.34807904431049,
              -3.692484961127053
            ],
            [
              -40.34808077155294,
              -3.6924844501873
            ],
            [
              -40.34808248835299,
              -3.692483904883015
            ],
            [
              -40.34808419403326,
              -3.692483325429403
            ],
            [
              -40.34808588792081,
              -3.692482712055019
            ],
            [
              -40.34808756934732,
              -3.692482065001936
            ],
            [
              -40.34808923764938,
              -3.692481384525399
            ],
            [
              -40.34809089216879,
              -3.692480670893864
            ],
            [
              -40.34809253225276,
              -3.692479924388956
            ],
            [
              -40.3480941572542,
              -3.692479145305178
            ],
            [
              -40.34809576653199,
              -3.692478333949897
            ],
            [
              -40.34809735945119,
              -3.692477490643185
            ],
            [
              -40.34809893538333,
              -3.692476615717859
            ],
            [
              -40.34810049370662,
              -3.692475709519063
            ],
            [
              -40.34810203380626,
              -3.692474772404371
            ],
            [
              -40.34810355507459,
              -3.692473804743466
            ],
            [
              -40.3481050569114,
              -3.692472806918178
            ],
            [
              -40.34810653872417,
              -3.692471779322152
            ],
            [
              -40.34810799992825,
              -3.692470722360818
            ],
            [
              -40.34810943994714,
              -3.692469636451198
            ],
            [
              -40.34811085821267,
              -3.692468522021755
            ],
            [
              -40.3481122541653,
              -3.692467379512212
            ],
            [
              -40.34811362725424,
              -3.692466209373262
            ],
            [
              -40.34811497693776,
              -3.692465012066537
            ],
            [
              -40.34811630268334,
              -3.692463788064614
            ],
            [
              -40.34811760396792,
              -3.692462537850258
            ],
            [
              -40.3481188802781,
              -3.692461261916741
            ],
            [
              -40.34812013111031,
              -3.692459960767581
            ],
            [
              -40.34812135597104,
              -3.692458634916008
            ],
            [
              -40.34812255437702,
              -3.692457284885266
            ],
            [
              -40.34812372585544,
              -3.692455911207856
            ],
            [
              -40.3481248699441,
              -3.692454514425812
            ],
            [
              -40.3481259861916,
              -3.692453095090267
            ],
            [
              -40.34812725243873,
              -3.692451411804015
            ],
            [
              -40.34825419963757,
              -3.692595919903663
            ],
            [
              -40.34837093820722,
              -3.692658797674309
            ],
            [
              -40.34841825281852,
              -3.692537846732749
            ],
            [
              -40.34844271983558,
              -3.692486559176043
            ],
            [
              -40.34846725310717,
              -3.692455314892208
            ],
            [
              -40.34856284623564,
              -3.69235821476487
            ],
            [
              -40.34862243802652,
              -3.6924228333158
            ],
            [
              -40.3486801649515,
              -3.692476456667513
            ],
            [
              -40.34877214302224,
              -3.692568177260884
            ],
            [
              -40.34880121038287,
              -3.692591394360429
            ],
            [
              -40.34883927497358,
              -3.692614481078327
            ],
            [
              -40.34886622689915,
              -3.692625920117624
            ],
            [
              -40.34888894593168,
              -3.692632147870909
            ],
            [
              -40.34892945353663,
              -3.692638896614093
            ],
            [
              -40.34896158670867,
              -3.692641468732998
            ],
            [
              -40.34903320976782,
              -3.692641581192777
            ],
            [
              -40.34909471044948,
              -3.692632419533688
            ],
            [
              -40.34918755069295,
              -3.692607044094993
            ],
            [
              -40.3492641695044,
              -3.692575618223677
            ],
            [
              -40.34931785167602,
              -3.692547679562703
            ],
            [
              -40.34936040086732,
              -3.692522666555982
            ],
            [
              -40.34941437227177,
              -3.692482969689042
            ],
            [
              -40.34944870096276,
              -3.692451388479965
            ],
            [
              -40.34948470863692,
              -3.692412030117961
            ],
            [
              -40.34963570714601,
              -3.69221204646848
            ]
          ]
        ]
      }
    }
  ]
}