{"type":"FeatureCollection", "features": [
{"type":"Feature","geometry":{"type":"Polygon","coordinates":[[[-40.34966601231701,-3.700950343841108],[-40.34954219738946,-3.700850131088786],[-40.34951559331195,-3.700834739459218],[-40.34946593728075,-3.700803482693115],[-40.34935347129923,-3.700762530360179],[-40.34926578521357,-3.70072414767317],[-40.34925567692034,-3.700718994701299],[-40.34911496920996,-3.700647265174919],[-40.34902029329628,-3.700591040325312],[-40.34891979907643,-3.70050939954105],[-40.34875417479007,-3.700343597516624],[-40.34882379792601,-3.700293051334971],[-40.34889084148021,-3.700247702401866],[-40.34902743475667,-3.700139007708544],[-40.34923405533264,-3.699980971814692],[-40.34940276967662,-3.699845314534931],[-40.34951512892898,-3.699750375407948],[-40.34958815959327,-3.699684769556232],[-40.34969491033624,-3.699584773507909],[-40.35020354129838,-3.699066916023784],[-40.3497840381401,-3.69847376902617],[-40.35001291211553,-3.698287299606478],[-40.35001295510317,-3.698287264583357],[-40.34999980848841,-3.698271883099294],[-40.34993123045356,-3.698199622441755],[-40.34989065664777,-3.698152263550514],[-40.3497829637489,-3.698044245752833],[-40.3497348040378,-3.697992062373916],[-40.34965918965079,-3.697918183519278],[-40.34944528064086,-3.697720124972401],[-40.34933968963303,-3.697629118256992],[-40.34921354126752,-3.697512366259335],[-40.349033511226,-3.697351870735514],[-40.3489822697961,-3.697303184041985],[-40.3489083982119,-3.697226742844603],[-40.34887054231248,-3.697181659825061],[-40.34872876830089,-3.696983036007854],[-40.34866109710961,-3.696879826453206],[-40.34863508734218,-3.696828272144231],[-40.34849261342976,-3.696628720451707],[-40.34845929868386,-3.696572947186793],[-40.3480920486514,-3.696112395459185],[-40.34807418575277,-3.696098475257932],[-40.34801576818169,-3.696070002860181],[-40.34797041655332,-3.696058279836226],[-40.3479077533604,-3.695962694514946],[-40.34812702777877,-3.695773950903752],[-40.34814497943687,-3.695756786451152],[-40.34817093582809,-3.695787927561608],[-40.3488558946852,-3.696725156095274],[-40.3497248868955,-3.697599917843437],[-40.35047218555702,-3.698292722524937],[-40.35098403308636,-3.698849794022979],[-40.35138830355219,-3.699230775174497],[-40.3512506828101,-3.699377298564814],[-40.35094285983162,-3.69965009357181],[-40.35089592969756,-3.699618796234337],[-40.35081859831392,-3.699697445698296],[-40.3507008576132,-3.699588800617129],[-40.34972461555971,-3.700874583658676],[-40.34966601231701,-3.700950343841108]]]},"properties":{"name":"ZEIS","description":{"@type":"html","value":"<table>\n<tr style=\"background-color:#DDDDFF;\"><td>id</td><td>18</td></tr>\n<tr><td>zona</td><td>Zona Especial de Interesse Social</td></tr>\n<tr style=\"background-color:#DDDDFF;\"><td>sigla</td><td>ZEIS</td></tr>\n<tr><td>zona_sigla</td><td>Zona Especial de Interesse Social - ZEIS 1 / Ocupação</td></tr>\n<tr style=\"background-color:#DDDDFF;\"><td>taxa_perm</td><td>15.0</td></tr>\n<tr><td>taxa_ocu</td><td>80</td></tr>\n<tr style=\"background-color:#DDDDFF;\"><td>to_sub</td><td>Não permitido</td></tr>\n<tr><td>indice_apr</td><td>1,5</td></tr>\n<tr style=\"background-color:#DDDDFF;\"><td>rec_frente</td><td>1,5 m</td></tr>\n<tr><td>rec_fundo</td><td>1,5 m</td></tr>\n<tr style=\"background-color:#DDDDFF;\"><td>rec_latera</td><td>0,00 m</td></tr>\n<tr><td>area_min_l</td><td>90 m²</td></tr>\n<tr style=\"background-color:#DDDDFF;\"><td>testada_mi</td><td>5 m</td></tr>\n<tr><td>altura_max</td><td>9 m</td></tr>\n<tr style=\"background-color:#DDDDFF;\"><td>subzona</td><td>ZEIS 1</td></tr>\n<tr><td>area_max_l</td><td>22.500 m²</td></tr>\n<tr style=\"background-color:#DDDDFF;\"><td>testada_ma</td><td>150 m</td></tr>\n<tr><td>indice_a_1</td><td>-</td></tr>\n</table>"},"styleUrl":"#21","fill-opacity":0.596078431372549,"fill":"#5e3625","stroke-opacity":0,"stroke":"#232323","stroke-width":0.52,"id":"18","zona":"Zona Especial de Interesse Social","sigla":"ZEIS","zona_sigla":"Zona Especial de Interesse Social - ZEIS 1 / Ocupação","taxa_perm":"15.0","taxa_ocu":"80","to_sub":"Não permitido","indice_apr":"1,5","rec_frente":"1,5 m","rec_fundo":"1,5 m","rec_latera":"0,00 m","area_min_l":"90 m²","testada_mi":"5 m","altura_max":"9 m","subzona":"ZEIS 1","area_max_l":"22.500 m²","testada_ma":"150 m","indice_a_1":"-"},"id":"29"},
{"type":"Feature","geometry":{"type":"Polygon","coordinates":[[[-40.33448709390381,-3.703491626321498],[-40.33464714269786,-3.703548086048338],[-40.33486695539746,-3.703623939900245],[-40.33492079893698,-3.70364435250172],[-40.33515359877198,-3.703732609094041],[-40.33524692964093,-3.703765364514912],[-40.33524692964129,-3.703765364515029],[-40.33526934034462,-3.703688184801451],[-40.33538742153913,-3.703333657860906],[-40.33543315316887,-3.703226181849356],[-40.33551608841614,-3.703014589188249],[-40.33561195701633,-3.702764952162143],[-40.3356402168118,-3.702700911572578],[-40.33566632378594,-3.702628924141349],[-40.33570436563956,-3.702502676690733],[-40.33573218331914,-3.702421132491514],[-40.33575597089614,-3.702366416293402],[-40.33586875921305,-3.702064339819307],[-40.33674814279937,-3.702382271099992],[-40.33671940159009,-3.702462981865168],[-40.33667293494839,-3.702593674062567],[-40.33663747479321,-3.702681811904166],[-40.33657850407534,-3.702833448624942],[-40.33651807935937,-3.703013893306187],[-40.33644111652247,-3.703217990820216],[-40.33640464255351,-3.703306095834273],[-40.33639203340678,-3.703336993673714],[-40.3363650396686,-3.703404755064919],[-40.3363100806143,-3.703557585928839],[-40.33627427944151,-3.703668093100998],[-40.33623276403225,-3.703794782261089],[-40.33612593704752,-3.70408154269784],[-40.33598623712428,-3.704475660010932],[-40.33598553829905,-3.704475390086797],[-40.33539681273594,-3.70425632005869],[-40.33510332911756,-3.704150937275213],[-40.3349318319106,-3.704626067308878],[-40.33482564023653,-3.704584956143957],[-40.33465334801289,-3.704523525211119],[-40.33436836316759,-3.70442191352883],[-40.33408629481354,-3.704328234778756],[-40.33380207734216,-3.704232062886036],[-40.33413113989847,-3.703359304447048],[-40.33430845101421,-3.703423589682731],[-40.33448709390381,-3.703491626321498]]]},"properties":{"name":"ZEIS","description":{"@type":"html","value":"<table>\n<tr style=\"background-color:#DDDDFF;\"><td>id</td><td>44</td></tr>\n<tr><td>zona</td><td>Zona Especial de Interesse Social</td></tr>\n<tr style=\"background-color:#DDDDFF;\"><td>sigla</td><td>ZEIS</td></tr>\n<tr><td>zona_sigla</td><td>Zona Especial de Interesse Social - ZEIS 1 / Ocupação</td></tr>\n<tr style=\"background-color:#DDDDFF;\"><td>taxa_perm</td><td>15.0</td></tr>\n<tr><td>taxa_ocu</td><td>80</td></tr>\n<tr style=\"background-color:#DDDDFF;\"><td>to_sub</td><td>Não permitido</td></tr>\n<tr><td>indice_apr</td><td>1,5</td></tr>\n<tr style=\"background-color:#DDDDFF;\"><td>rec_frente</td><td>1,5 m</td></tr>\n<tr><td>rec_fundo</td><td>1,5 m</td></tr>\n<tr style=\"background-color:#DDDDFF;\"><td>rec_latera</td><td>0,00 m</td></tr>\n<tr><td>area_min_l</td><td>90 m²</td></tr>\n<tr style=\"background-color:#DDDDFF;\"><td>testada_mi</td><td>5 m</td></tr>\n<tr><td>altura_max</td><td>9 m</td></tr>\n<tr style=\"background-color:#DDDDFF;\"><td>subzona</td><td>ZEIS 1</td></tr>\n<tr><td>area_max_l</td><td>22.500 m²</td></tr>\n<tr style=\"background-color:#DDDDFF;\"><td>testada_ma</td><td>150 m</td></tr>\n<tr><td>indice_a_1</td><td>-</td></tr>\n</table>"},"styleUrl":"#21","fill-opacity":0.596078431372549,"fill":"#5e3625","stroke-opacity":0,"stroke":"#232323","stroke-width":0.52,"id":"44","zona":"Zona Especial de Interesse Social","sigla":"ZEIS","zona_sigla":"Zona Especial de Interesse Social - ZEIS 1 / Ocupação","taxa_perm":"15.0","taxa_ocu":"80","to_sub":"Não permitido","indice_apr":"1,5","rec_frente":"1,5 m","rec_fundo":"1,5 m","rec_latera":"0,00 m","area_min_l":"90 m²","testada_mi":"5 m","altura_max":"9 m","subzona":"ZEIS 1","area_max_l":"22.500 m²","testada_ma":"150 m","indice_a_1":"-"},"id":"110"},
{"type":"Feature","geometry":{"type":"Polygon","coordinates":[[[-40.34052238456553,-3.684903317825745],[-40.34045815882231,-3.68496021380615],[-40.34057815672989,-3.685086949291276],[-40.34068823676272,-3.685192008773161],[-40.34075252952659,-3.685253369238505],[-40.34079220023629,-3.685291079494723],[-40.34074668313063,-3.685338597792653],[-40.34070442488598,-3.68538271394648],[-40.34066174970915,-3.685427265358245],[-40.34065096972252,-3.685417117481649],[-40.34060904244706,-3.685459624448109],[-40.34055072746581,-3.685518745690961],[-40.3405614446276,-3.685529658770573],[-40.34045850787234,-3.685634297958816],[-40.34037635748042,-3.685717806985755],[-40.34034644291376,-3.685743519028413],[-40.34031170809052,-3.685773374155295],[-40.3402473614681,-3.685832185431357],[-40.34017220298253,-3.685901296818682],[-40.34009548751584,-3.685960381642053],[-40.34005302226146,-3.685993087584961],[-40.34001186953112,-3.686024782643059],[-40.34000021068686,-3.686008885245244],[-40.3399675924494,-3.686026010717568],[-40.33992353409098,-3.685947382641611],[-40.33993717777407,-3.685898489162434],[-40.33982717326046,-3.685589937050187],[-40.33995827073077,-3.685542606074279],[-40.33992482369207,-3.685431549721265],[-40.33986650799311,-3.685254746520541],[-40.33976401584712,-3.685288949335803],[-40.33966152192045,-3.685323152732417],[-40.33960854126384,-3.685162524267642],[-40.33959543100424,-3.685121292639075],[-40.33957898042262,-3.68506955572379],[-40.33947559181448,-3.685103181130169],[-40.33943336158885,-3.684971111048617],[-40.33939266789454,-3.684843846226451],[-40.33967348064778,-3.684751912735219],[-40.34018180391284,-3.68458549578774],[-40.34019273419105,-3.684581917385151],[-40.34041425641593,-3.684797895773657],[-40.34046788853562,-3.684850185660933],[-40.34052238456553,-3.684903317825745]]]},"properties":{"name":"ZEIS","description":{"@type":"html","value":"<table>\n<tr style=\"background-color:#DDDDFF;\"><td>id</td><td>146</td></tr>\n<tr><td>zona</td><td>Zona Especial de Interesse Social</td></tr>\n<tr style=\"background-color:#DDDDFF;\"><td>sigla</td><td>ZEIS</td></tr>\n<tr><td>zona_sigla</td><td>Zona Especial de Interesse Social - ZEIS 3 / Vazio 10 - Jocely Dantas</td></tr>\n<tr style=\"background-color:#DDDDFF;\"><td>taxa_perm</td><td>25.0</td></tr>\n<tr><td>taxa_ocu</td><td>65</td></tr>\n<tr style=\"background-color:#DDDDFF;\"><td>to_sub</td><td>Não permitido</td></tr>\n<tr><td>indice_apr</td><td>2</td></tr>\n<tr style=\"background-color:#DDDDFF;\"><td>rec_frente</td><td>2,5 m</td></tr>\n<tr><td>rec_fundo</td><td>2 m</td></tr>\n<tr style=\"background-color:#DDDDFF;\"><td>rec_latera</td><td>1,5 m</td></tr>\n<tr><td>area_min_l</td><td>90 m²</td></tr>\n<tr style=\"background-color:#DDDDFF;\"><td>testada_mi</td><td>5 m</td></tr>\n<tr><td>altura_max</td><td>15 m</td></tr>\n<tr style=\"background-color:#DDDDFF;\"><td>subzona</td><td>ZEIS 3</td></tr>\n<tr><td>area_max_l</td><td>22.500 m²</td></tr>\n<tr style=\"background-color:#DDDDFF;\"><td>testada_ma</td><td>150 m</td></tr>\n<tr><td>indice_a_1</td><td>0,2</td></tr>\n</table>"},"styleUrl":"#21","fill-opacity":0.596078431372549,"fill":"#5e3625","stroke-opacity":0,"stroke":"#232323","stroke-width":0.52,"id":"146","zona":"Zona Especial de Interesse Social","sigla":"ZEIS","zona_sigla":"Zona Especial de Interesse Social - ZEIS 3 / Vazio 10 - Jocely Dantas","taxa_perm":"25.0","taxa_ocu":"65","to_sub":"Não permitido","indice_apr":"2","rec_frente":"2,5 m","rec_fundo":"2 m","rec_latera":"1,5 m","area_min_l":"90 m²","testada_mi":"5 m","altura_max":"15 m","subzona":"ZEIS 3","area_max_l":"22.500 m²","testada_ma":"150 m","indice_a_1":"0,2"},"id":"164"},
{"type":"Feature","geometry":{"type":"Polygon","coordinates":[[[-40.3280248778885,-3.697973895682318],[-40.32802844491339,-3.697979366269607],[-40.32803230441442,-3.697989075228346],[-40.32805119040428,-3.698061007035516],[-40.32806556928509,-3.698106221916745],[-40.32808146980162,-3.698168478360019],[-40.32811365617214,-3.698251428446753],[-40.32811528163761,-3.698262331449486],[-40.32811482573332,-3.698283379146104],[-40.32811766089073,-3.698308386682908],[-40.32811676476104,-3.698331049021082],[-40.32811785494764,-3.698335431470253],[-40.32811999121356,-3.698340800043063],[-40.32813755856112,-3.69836712380685],[-40.32814189485789,-3.698371045502925],[-40.32815582169464,-3.698377878527486],[-40.3281668958077,-3.698400578117141],[-40.32713545635414,-3.698100431621883],[-40.32704187891713,-3.698066703102587],[-40.32698148887605,-3.698047350757627],[-40.32695843353226,-3.698042132309024],[-40.32689623846057,-3.698033113309832],[-40.32679042029559,-3.698013102855033],[-40.32670250574428,-3.69799451987737],[-40.32667480464941,-3.697990968060226],[-40.32663956024366,-3.69798336024299],[-40.3266118717098,-3.697979779462359],[-40.32659891362056,-3.697976667695023],[-40.32658261976952,-3.697975262205986],[-40.32653134408751,-3.697965433589702],[-40.3264940676976,-3.69796205441222],[-40.32647807858186,-3.697958519384966],[-40.32641647602597,-3.697953821833138],[-40.32635388738127,-3.697951369700485],[-40.32634210192976,-3.697952195960811],[-40.32632447481415,-3.697955686454408],[-40.32628979004744,-3.697956326380691],[-40.32623631347203,-3.697961258984491],[-40.32617385217358,-3.697969573819529],[-40.32613709968818,-3.697969592190924],[-40.3261142535849,-3.697965835902274],[-40.32604063048956,-3.697941299116879],[-40.32599100192427,-3.697932397772287],[-40.32597719543135,-3.697930885433428],[-40.32592596020834,-3.697921022348837],[-40.32585930336487,-3.69791328523815],[-40.32581495075517,-3.697906348579774],[-40.32571912471836,-3.697888471392801],[-40.32556124890387,-3.697859018250192],[-40.32552897006519,-3.697849586179946],[-40.32550264254648,-3.69784342653751],[-40.32543902502575,-3.697822303469065],[-40.32541097442324,-3.697813827836877],[-40.32538456505366,-3.697805848110521],[-40.3253802578636,-3.697803983079468],[-40.32537875513624,-3.697787170533924],[-40.32537323426617,-3.697762138482113],[-40.32536820998835,-3.697748305096041],[-40.32535936945364,-3.697730245420365],[-40.32533615571827,-3.697698263802141],[-40.32532415444344,-3.697675865857032],[-40.32531916992889,-3.697658210036073],[-40.32531621614398,-3.697629856604926],[-40.32531695190061,-3.697598232497079],[-40.3253217735026,-3.697541844241313],[-40.32533561991514,-3.697463044152301],[-40.32534044362086,-3.697415717807356],[-40.32534019794155,-3.697384361059561],[-40.32533376872061,-3.697326096832233],[-40.32533473904311,-3.697272772597438],[-40.32533825896365,-3.697251900454848],[-40.32535282718369,-3.697200544600551],[-40.32535685852083,-3.697175717547093],[-40.32535851333894,-3.697140281417886],[-40.32536410063705,-3.697101085689409],[-40.32560715851543,-3.697172326565771],[-40.32672475224717,-3.697542920364735],[-40.3280248778885,-3.697973895682318]]]},"properties":{"name":"ZEIS","description":{"@type":"html","value":"<table>\n<tr style=\"background-color:#DDDDFF;\"><td>id</td><td>22</td></tr>\n<tr><td>zona</td><td>Zona Especial de Interesse Social</td></tr>\n<tr style=\"background-color:#DDDDFF;\"><td>sigla</td><td>ZEIS</td></tr>\n<tr><td>zona_sigla</td><td>Zona Especial de Interesse Social - ZEIS 1 / Ocupação</td></tr>\n<tr style=\"background-color:#DDDDFF;\"><td>taxa_perm</td><td>15.0</td></tr>\n<tr><td>taxa_ocu</td><td>80</td></tr>\n<tr style=\"background-color:#DDDDFF;\"><td>to_sub</td><td>Não permitido</td></tr>\n<tr><td>indice_apr</td><td>1,5</td></tr>\n<tr style=\"background-color:#DDDDFF;\"><td>rec_frente</td><td>1,5 m</td></tr>\n<tr><td>rec_fundo</td><td>1,5 m</td></tr>\n<tr style=\"background-color:#DDDDFF;\"><td>rec_latera</td><td>0,00 m</td></tr>\n<tr><td>area_min_l</td><td>90 m²</td></tr>\n<tr style=\"background-color:#DDDDFF;\"><td>testada_mi</td><td>5 m</td></tr>\n<tr><td>altura_max</td><td>9 m</td></tr>\n<tr style=\"background-color:#DDDDFF;\"><td>subzona</td><td>ZEIS 1</td></tr>\n<tr><td>area_max_l</td><td>22.500 m²</td></tr>\n<tr style=\"background-color:#DDDDFF;\"><td>testada_ma</td><td>150 m</td></tr>\n<tr><td>indice_a_1</td><td>-</td></tr>\n</table>"},"styleUrl":"#21","fill-opacity":0.596078431372549,"fill":"#5e3625","stroke-opacity":0,"stroke":"#232323","stroke-width":0.52,"id":"22","zona":"Zona Especial de Interesse Social","sigla":"ZEIS","zona_sigla":"Zona Especial de Interesse Social - ZEIS 1 / Ocupação","taxa_perm":"15.0","taxa_ocu":"80","to_sub":"Não permitido","indice_apr":"1,5","rec_frente":"1,5 m","rec_fundo":"1,5 m","rec_latera":"0,00 m","area_min_l":"90 m²","testada_mi":"5 m","altura_max":"9 m","subzona":"ZEIS 1","area_max_l":"22.500 m²","testada_ma":"150 m","indice_a_1":"-"},"id":"303"},
{"type":"Feature","geometry":{"type":"Polygon","coordinates":[[[-40.36527572472064,-3.670688474486534],[-40.36537449247123,-3.670803886999848],[-40.36555299899096,-3.670989085697209],[-40.36549938297276,-3.671040030600862],[-40.36572883683698,-3.671285146494526],[-40.36567169759606,-3.671345574334289],[-40.36586885218933,-3.671546195343996],[-40.3658069977954,-3.671607736138258],[-40.36605959635335,-3.67187382485172],[-40.36598361162014,-3.671948655867353],[-40.36619399376035,-3.672162524955765],[-40.3661145603386,-3.672244153500404],[-40.36634962252789,-3.672488481769218],[-40.36634003373369,-3.672498025280659],[-40.36604353505362,-3.672819365653469],[-40.36590047843366,-3.672978336565048],[-40.36579647720865,-3.672893673491181],[-40.36566753060473,-3.672756177062955],[-40.36558976427214,-3.672678341091083],[-40.3654091585641,-3.672508422882387],[-40.36536166555126,-3.672457481827907],[-40.36530134472404,-3.672400571256486],[-40.36524595323793,-3.672345129160787],[-40.36521952501048,-3.67232300554055],[-40.36517381635296,-3.672277374462708],[-40.36516858602373,-3.672272153010163],[-40.36512844694719,-3.672312926972379],[-40.3649308731572,-3.672520017532051],[-40.36474399106877,-3.672715901294021],[-40.36458202652701,-3.672885667213555],[-40.36455285495079,-3.672919109930862],[-40.36456248998356,-3.672924024244978],[-40.36457187003262,-3.672931907416614],[-40.36463305525071,-3.67299423339406],[-40.3646717556493,-3.673029887597375],[-40.36474879683649,-3.673105662660872],[-40.36479246608189,-3.67315219233666],[-40.36436470641236,-3.673637303639723],[-40.36386523958144,-3.673172170317021],[-40.3635905932282,-3.672920049977006],[-40.36357010417797,-3.672895671480294],[-40.36353467790378,-3.672823738792347],[-40.3635430514624,-3.672793069124522],[-40.36354387678739,-3.672777507903711],[-40.36353990552212,-3.672760747509851],[-40.36353028416254,-3.672748679856845],[-40.36338007725846,-3.672673421891306],[-40.36333992163707,-3.672648359410669],[-40.36424323532316,-3.671750520591517],[-40.36487881297074,-3.671080016241054],[-40.36526853922386,-3.670695562771046],[-40.36527572472064,-3.670688474486534]]]},"properties":{"name":"ZEIS","description":{"@type":"html","value":"<table>\n<tr style=\"background-color:#DDDDFF;\"><td>id</td><td>54</td></tr>\n<tr><td>zona</td><td>Zona Especial de Interesse Social</td></tr>\n<tr style=\"background-color:#DDDDFF;\"><td>sigla</td><td>ZEIS</td></tr>\n<tr><td>zona_sigla</td><td>Zona Especial de Interesse Social - ZEIS 3 / Vazio 2 - Parque Boa Esperança</td></tr>\n<tr style=\"background-color:#DDDDFF;\"><td>taxa_perm</td><td>25.0</td></tr>\n<tr><td>taxa_ocu</td><td>65</td></tr>\n<tr style=\"background-color:#DDDDFF;\"><td>to_sub</td><td>Não permitido</td></tr>\n<tr><td>indice_apr</td><td>2</td></tr>\n<tr style=\"background-color:#DDDDFF;\"><td>rec_frente</td><td>2,5 m</td></tr>\n<tr><td>rec_fundo</td><td>2 m</td></tr>\n<tr style=\"background-color:#DDDDFF;\"><td>rec_latera</td><td>1,5 m</td></tr>\n<tr><td>area_min_l</td><td>90 m²</td></tr>\n<tr style=\"background-color:#DDDDFF;\"><td>testada_mi</td><td>5 m</td></tr>\n<tr><td>altura_max</td><td>15 m</td></tr>\n<tr style=\"background-color:#DDDDFF;\"><td>subzona</td><td>ZEIS 3</td></tr>\n<tr><td>area_max_l</td><td>22.500 m²</td></tr>\n<tr style=\"background-color:#DDDDFF;\"><td>testada_ma</td><td>150 m</td></tr>\n<tr><td>indice_a_1</td><td>0,2</td></tr>\n</table>"},"styleUrl":"#21","fill-opacity":0.596078431372549,"fill":"#5e3625","stroke-opacity":0,"stroke":"#232323","stroke-width":0.52,"id":"54","zona":"Zona Especial de Interesse Social","sigla":"ZEIS","zona_sigla":"Zona Especial de Interesse Social - ZEIS 3 / Vazio 2 - Parque Boa Esperança","taxa_perm":"25.0","taxa_ocu":"65","to_sub":"Não permitido","indice_apr":"2","rec_frente":"2,5 m","rec_fundo":"2 m","rec_latera":"1,5 m","area_min_l":"90 m²","testada_mi":"5 m","altura_max":"15 m","subzona":"ZEIS 3","area_max_l":"22.500 m²","testada_ma":"150 m","indice_a_1":"0,2"},"id":"600"},
{"type":"Feature","geometry":{"type":"Polygon","coordinates":[[[-40.36800394029033,-3.694844098205635],[-40.36789046102221,-3.694423738824435],[-40.36785904010203,-3.694291254919894],[-40.36783740157964,-3.694214011520975],[-40.36781108010677,-3.694132251367357],[-40.36769718429937,-3.693715415310892],[-40.36789322263817,-3.693660979140886],[-40.36815622766578,-3.693592210838246],[-40.36823545187732,-3.693574497999492],[-40.36825589438572,-3.69366262088488],[-40.36827652841268,-3.693749406715456],[-40.36832622124752,-3.693937063695212],[-40.3683358354926,-3.693968922968047],[-40.36835005656678,-3.694020248531368],[-40.36837094473068,-3.694111885354816],[-40.36838502733032,-3.69417213067846],[-40.36839359514398,-3.694196143775035],[-40.36840701701289,-3.694249969527196],[-40.36840798082496,-3.694253831787758],[-40.36841937185612,-3.694307190372522],[-40.36842562161865,-3.694334832936428],[-40.36843474068415,-3.694361965483499],[-40.36850117385133,-3.694546987240432],[-40.36854654050832,-3.694752534274317],[-40.36800394029033,-3.694844098205635]]]},"properties":{"name":"ZEIS","description":{"@type":"html","value":"<table>\n<tr style=\"background-color:#DDDDFF;\"><td>id</td><td>58</td></tr>\n<tr><td>zona</td><td>Zona Especial de Interesse Social</td></tr>\n<tr style=\"background-color:#DDDDFF;\"><td>sigla</td><td>ZEIS</td></tr>\n<tr><td>zona_sigla</td><td>Zona Especial de Interesse Social - ZEIS 3 / Vazio 18 - Sem terra</td></tr>\n<tr style=\"background-color:#DDDDFF;\"><td>taxa_perm</td><td>25.0</td></tr>\n<tr><td>taxa_ocu</td><td>65</td></tr>\n<tr style=\"background-color:#DDDDFF;\"><td>to_sub</td><td>Não permitido</td></tr>\n<tr><td>indice_apr</td><td>2</td></tr>\n<tr style=\"background-color:#DDDDFF;\"><td>rec_frente</td><td>2,5 m</td></tr>\n<tr><td>rec_fundo</td><td>2 m</td></tr>\n<tr style=\"background-color:#DDDDFF;\"><td>rec_latera</td><td>1,5 m</td></tr>\n<tr><td>area_min_l</td><td>90 m²</td></tr>\n<tr style=\"background-color:#DDDDFF;\"><td>testada_mi</td><td>5 m</td></tr>\n<tr><td>altura_max</td><td>15 m</td></tr>\n<tr style=\"background-color:#DDDDFF;\"><td>subzona</td><td>ZEIS 3</td></tr>\n<tr><td>area_max_l</td><td>22.500 m²</td></tr>\n<tr style=\"background-color:#DDDDFF;\"><td>testada_ma</td><td>150 m</td></tr>\n<tr><td>indice_a_1</td><td>0,2</td></tr>\n</table>"},"styleUrl":"#21","fill-opacity":0.596078431372549,"fill":"#5e3625","stroke-opacity":0,"stroke":"#232323","stroke-width":0.52,"id":"58","zona":"Zona Especial de Interesse Social","sigla":"ZEIS","zona_sigla":"Zona Especial de Interesse Social - ZEIS 3 / Vazio 18 - Sem terra","taxa_perm":"25.0","taxa_ocu":"65","to_sub":"Não permitido","indice_apr":"2","rec_frente":"2,5 m","rec_fundo":"2 m","rec_latera":"1,5 m","area_min_l":"90 m²","testada_mi":"5 m","altura_max":"15 m","subzona":"ZEIS 3","area_max_l":"22.500 m²","testada_ma":"150 m","indice_a_1":"0,2"},"id":"627"},
{"type":"Feature","geometry":{"type":"Polygon","coordinates":[[[-40.342076764751,-3.67222417603377],[-40.34190695770871,-3.671708146684288],[-40.34177034884021,-3.671753440665723],[-40.34160993583788,-3.671266692806904],[-40.34214717788395,-3.671059870047765],[-40.34277165993681,-3.671997758625752],[-40.342076764751,-3.67222417603377]]]},"properties":{"name":"ZEIS","description":{"@type":"html","value":"<table>\n<tr style=\"background-color:#DDDDFF;\"><td>id</td><td>63</td></tr>\n<tr><td>zona</td><td>Zona Especial de Interesse Social</td></tr>\n<tr style=\"background-color:#DDDDFF;\"><td>sigla</td><td>ZEIS</td></tr>\n<tr><td>zona_sigla</td><td>Zona Especial de Interesse Social - ZEIS 3 / Vazio 7 - Alto da Brasília II</td></tr>\n<tr style=\"background-color:#DDDDFF;\"><td>taxa_perm</td><td>25.0</td></tr>\n<tr><td>taxa_ocu</td><td>65</td></tr>\n<tr style=\"background-color:#DDDDFF;\"><td>to_sub</td><td>Não permitido</td></tr>\n<tr><td>indice_apr</td><td>2</td></tr>\n<tr style=\"background-color:#DDDDFF;\"><td>rec_frente</td><td>2,5 m</td></tr>\n<tr><td>rec_fundo</td><td>2 m</td></tr>\n<tr style=\"background-color:#DDDDFF;\"><td>rec_latera</td><td>1,5 m</td></tr>\n<tr><td>area_min_l</td><td>90 m²</td></tr>\n<tr style=\"background-color:#DDDDFF;\"><td>testada_mi</td><td>5 m</td></tr>\n<tr><td>altura_max</td><td>15 m</td></tr>\n<tr style=\"background-color:#DDDDFF;\"><td>subzona</td><td>ZEIS 3</td></tr>\n<tr><td>area_max_l</td><td>22.500 m²</td></tr>\n<tr style=\"background-color:#DDDDFF;\"><td>testada_ma</td><td>150 m</td></tr>\n<tr><td>indice_a_1</td><td>0,2</td></tr>\n</table>"},"styleUrl":"#21","fill-opacity":0.596078431372549,"fill":"#5e3625","stroke-opacity":0,"stroke":"#232323","stroke-width":0.52,"id":"63","zona":"Zona Especial de Interesse Social","sigla":"ZEIS","zona_sigla":"Zona Especial de Interesse Social - ZEIS 3 / Vazio 7 - Alto da Brasília II","taxa_perm":"25.0","taxa_ocu":"65","to_sub":"Não permitido","indice_apr":"2","rec_frente":"2,5 m","rec_fundo":"2 m","rec_latera":"1,5 m","area_min_l":"90 m²","testada_mi":"5 m","altura_max":"15 m","subzona":"ZEIS 3","area_max_l":"22.500 m²","testada_ma":"150 m","indice_a_1":"0,2"},"id":"654"},
{"type":"Feature","geometry":{"type":"Polygon","coordinates":[[[-40.37213502019598,-3.69856591322696],[-40.3738952107853,-3.697972898578962],[-40.37396411658643,-3.697949684114052],[-40.37529084329625,-3.697502702449277],[-40.37534710252194,-3.697641704133589],[-40.37559172028435,-3.69818633237302],[-40.37561978568419,-3.698259006167842],[-40.37530437896596,-3.698375328472225],[-40.37415871411051,-3.698702854628806],[-40.37232648668923,-3.699234914265593],[-40.37213502019598,-3.69856591322696]]]},"properties":{"name":"ZEIS","description":{"@type":"html","value":"<table>\n<tr style=\"background-color:#DDDDFF;\"><td>id</td><td>16</td></tr>\n<tr><td>zona</td><td>Zona Especial de Interesse Social</td></tr>\n<tr style=\"background-color:#DDDDFF;\"><td>sigla</td><td>ZEIS</td></tr>\n<tr><td>zona_sigla</td><td>Zona Especial de Interesse Social - ZEIS 1 / Ocupação</td></tr>\n<tr style=\"background-color:#DDDDFF;\"><td>taxa_perm</td><td>15.0</td></tr>\n<tr><td>taxa_ocu</td><td>80</td></tr>\n<tr style=\"background-color:#DDDDFF;\"><td>to_sub</td><td>Não permitido</td></tr>\n<tr><td>indice_apr</td><td>1,5</td></tr>\n<tr style=\"background-color:#DDDDFF;\"><td>rec_frente</td><td>1,5 m</td></tr>\n<tr><td>rec_fundo</td><td>1,5 m</td></tr>\n<tr style=\"background-color:#DDDDFF;\"><td>rec_latera</td><td>0,00 m</td></tr>\n<tr><td>area_min_l</td><td>90 m²</td></tr>\n<tr style=\"background-color:#DDDDFF;\"><td>testada_mi</td><td>5 m</td></tr>\n<tr><td>altura_max</td><td>9 m</td></tr>\n<tr style=\"background-color:#DDDDFF;\"><td>subzona</td><td>ZEIS 1</td></tr>\n<tr><td>area_max_l</td><td>22.500 m²</td></tr>\n<tr style=\"background-color:#DDDDFF;\"><td>testada_ma</td><td>150 m</td></tr>\n<tr><td>indice_a_1</td><td>-</td></tr>\n</table>"},"styleUrl":"#21","fill-opacity":0.596078431372549,"fill":"#5e3625","stroke-opacity":0,"stroke":"#232323","stroke-width":0.52,"id":"16","zona":"Zona Especial de Interesse Social","sigla":"ZEIS","zona_sigla":"Zona Especial de Interesse Social - ZEIS 1 / Ocupação","taxa_perm":"15.0","taxa_ocu":"80","to_sub":"Não permitido","indice_apr":"1,5","rec_frente":"1,5 m","rec_fundo":"1,5 m","rec_latera":"0,00 m","area_min_l":"90 m²","testada_mi":"5 m","altura_max":"9 m","subzona":"ZEIS 1","area_max_l":"22.500 m²","testada_ma":"150 m","indice_a_1":"-"},"id":"762"},
{"type":"Feature","geometry":{"type":"Polygon","coordinates":[[[-40.34116613274665,-3.665565075521188],[-40.34113686982678,-3.665574125101687],[-40.34103095186546,-3.665603226665648],[-40.34075408828789,-3.665664960804706],[-40.34035699639096,-3.665755991532913],[-40.3402820817587,-3.665778637516028],[-40.3392676129287,-3.66601507233336],[-40.33917909545364,-3.666154660125421],[-40.3390531140391,-3.666340363264344],[-40.33897442694638,-3.666454353498323],[-40.33879446768478,-3.666692109260959],[-40.33818385951024,-3.666590728250238],[-40.33791455705251,-3.666489981037314],[-40.33765714692066,-3.666163524815114],[-40.33787259027662,-3.666120353520101],[-40.33791453476527,-3.666109438712954],[-40.33788010185128,-3.666049547378576],[-40.33779179687419,-3.665877950504731],[-40.33777474004,-3.665840051682079],[-40.33774868527039,-3.665769549246733],[-40.33771732848631,-3.665665465250058],[-40.33761116259017,-3.665259483101301],[-40.33755029225548,-3.665042417297554],[-40.33754073396859,-3.665022261532735],[-40.33742962595969,-3.664845414963201],[-40.33740313881491,-3.664797720613494],[-40.33736916983752,-3.66471865403107],[-40.3373314632652,-3.664612493850544],[-40.33743318080324,-3.664003310509076],[-40.33747403386261,-3.663808885171697],[-40.33752518892597,-3.663688052908872],[-40.33756337076341,-3.66361113477026],[-40.33781052335313,-3.663142826370567],[-40.33786241041378,-3.663052400562685],[-40.33789112659992,-3.663009219867362],[-40.3379131749147,-3.662979599607747],[-40.33798861056075,-3.662890172162797],[-40.33811283951128,-3.66275306799904],[-40.33828535390554,-3.662569448822078],[-40.33839220699009,-3.662447539980731],[-40.33851954999135,-3.662339040507362],[-40.339010038924,-3.661948737595748],[-40.33905620774597,-3.661910044816501],[-40.33912395609154,-3.661846787431575],[-40.33920261362408,-3.661767714791007],[-40.33924895802044,-3.661717541592006],[-40.33935574552813,-3.661575289078482],[-40.33937104261391,-3.66156193095712],[-40.33938507614688,-3.661556720185335],[-40.33958086196949,-3.661541060691481],[-40.33991455421268,-3.661441455732866],[-40.34022452094469,-3.661349086118186],[-40.34040388980197,-3.661304770644609],[-40.34048660446987,-3.66128657583712],[-40.34069272201266,-3.661241235552218],[-40.34074385204476,-3.661234037165028],[-40.34078640401309,-3.661230173689762],[-40.34084067023407,-3.661435168317644],[-40.34085354800752,-3.6614724375181],[-40.34092980463942,-3.66159988619211],[-40.34095521168554,-3.661649539251625],[-40.3411201435132,-3.662115770838594],[-40.34119154180223,-3.66234557305111],[-40.3414185080216,-3.663013208428313],[-40.34146581328923,-3.663168861342556],[-40.34149023191433,-3.663275309669248],[-40.34158163744438,-3.663794990315131],[-40.34159101985689,-3.663891041104167],[-40.34160150386963,-3.663966330472208],[-40.34160907863965,-3.66402072606993],[-40.3416445701848,-3.66442727517708],[-40.34165937564477,-3.664596868533106],[-40.34168066825059,-3.664840770689943],[-40.34169898056285,-3.665050533681328],[-40.34171253274695,-3.665205770597418],[-40.34173032732735,-3.665439453044405],[-40.34116613274665,-3.665565075521188]],[[-40.33983529922233,-3.661663047583527],[-40.33988870520405,-3.661585072057369],[-40.33990293059438,-3.66156585537647],[-40.33990848106919,-3.661558357395429],[-40.33993002839635,-3.661533627822301],[-40.33999709055429,-3.661468534594057],[-40.33998557808438,-3.661471251124657],[-40.33997889226837,-3.661472828737717],[-40.33992013786905,-3.661486692668912],[-40.33991546331956,-3.661487795694792],[-40.33989234601446,-3.661493250548555],[-40.33979594932686,-3.661515996698265],[-40.33970297151286,-3.661537936106753],[-40.33961796587064,-3.661610303210798],[-40.3395951405033,-3.661629734926919],[-40.33957979061622,-3.661642802608568],[-40.33957490229092,-3.661646939274635],[-40.33961307621348,-3.661677162156415],[-40.33966342377953,-3.661717023092204],[-40.33967796648504,-3.661728536772492],[-40.33974395535636,-3.661775629562556],[-40.33974570097205,-3.661775878045171],[-40.33974849930825,-3.661776037841992],[-40.33975129919032,-3.661775907548599],[-40.33975406994202,-3.661775488592481],[-40.33975678120627,-3.6617747855639],[-40.33975940327775,-3.661773806165378],[-40.33976190742837,-3.66177256112744],[-40.33976426622199,-3.661771064091083],[-40.33976645381506,-3.661769331458252],[-40.33977100262445,-3.661762998826886],[-40.33983529922233,-3.661663047583527]]]},"properties":{"name":"ZEIS","description":{"@type":"html","value":"<table>\n<tr style=\"background-color:#DDDDFF;\"><td>id</td><td>24</td></tr>\n<tr><td>zona</td><td>Zona Especial de Interesse Social</td></tr>\n<tr style=\"background-color:#DDDDFF;\"><td>sigla</td><td>ZEIS</td></tr>\n<tr><td>zona_sigla</td><td>Zona Especial de Interesse Social - ZEIS 2 / Conjunto</td></tr>\n<tr style=\"background-color:#DDDDFF;\"><td>taxa_perm</td><td>25.0</td></tr>\n<tr><td>taxa_ocu</td><td>70</td></tr>\n<tr style=\"background-color:#DDDDFF;\"><td>to_sub</td><td>Não permitido</td></tr>\n<tr><td>indice_apr</td><td>1,5</td></tr>\n<tr style=\"background-color:#DDDDFF;\"><td>rec_frente</td><td>1,5 m</td></tr>\n<tr><td>rec_fundo</td><td>2 m</td></tr>\n<tr style=\"background-color:#DDDDFF;\"><td>rec_latera</td><td>1,5 m</td></tr>\n<tr><td>area_min_l</td><td>90 m²</td></tr>\n<tr style=\"background-color:#DDDDFF;\"><td>testada_mi</td><td>5 m</td></tr>\n<tr><td>altura_max</td><td>15 m</td></tr>\n<tr style=\"background-color:#DDDDFF;\"><td>subzona</td><td>ZEIS 2</td></tr>\n<tr><td>area_max_l</td><td>22.500 m²</td></tr>\n<tr style=\"background-color:#DDDDFF;\"><td>testada_ma</td><td>150 m</td></tr>\n<tr><td>indice_a_1</td><td>-</td></tr>\n</table>"},"styleUrl":"#21","fill-opacity":0.596078431372549,"fill":"#5e3625","stroke-opacity":0,"stroke":"#232323","stroke-width":0.52,"id":"24","zona":"Zona Especial de Interesse Social","sigla":"ZEIS","zona_sigla":"Zona Especial de Interesse Social - ZEIS 2 / Conjunto","taxa_perm":"25.0","taxa_ocu":"70","to_sub":"Não permitido","indice_apr":"1,5","rec_frente":"1,5 m","rec_fundo":"2 m","rec_latera":"1,5 m","area_min_l":"90 m²","testada_mi":"5 m","altura_max":"15 m","subzona":"ZEIS 2","area_max_l":"22.500 m²","testada_ma":"150 m","indice_a_1":"-"},"id":"816"},
{"type":"Feature","geometry":{"type":"Polygon","coordinates":[[[-40.38883946019007,-3.666972102675289],[-40.38925156365561,-3.666052019574287],[-40.38958655037867,-3.666204875469776],[-40.38972764489711,-3.666269257449626],[-40.38973342708478,-3.666274446165203],[-40.38973699127779,-3.66627917425477],[-40.38973944797838,-3.666284646602873],[-40.38974130574272,-3.666291140866591],[-40.38974182168005,-3.666296198564942],[-40.38974155032487,-3.666299958058502],[-40.38974058857842,-3.666305342917855],[-40.3897380589114,-3.666312447327279],[-40.38949515280281,-3.666853992938396],[-40.38935085890191,-3.667175687950101],[-40.38934495575565,-3.667181915860438],[-40.38933784928918,-3.667186660580957],[-40.38932883078812,-3.667189031307276],[-40.38932861434569,-3.667189088204283],[-40.38931780424222,-3.667188548151997],[-40.38931188834066,-3.667186515407007],[-40.38883946019007,-3.666972102675289]]]},"properties":{"name":"ZEIS","description":{"@type":"html","value":"<table>\n<tr style=\"background-color:#DDDDFF;\"><td>id</td><td>50</td></tr>\n<tr><td>zona</td><td>Zona Especial de Interesse Social</td></tr>\n<tr style=\"background-color:#DDDDFF;\"><td>sigla</td><td>ZEIS</td></tr>\n<tr><td>zona_sigla</td><td>Zona Especial de Interesse Social - ZEIS 3 / Vazio 23 - Rosário de Fátima II</td></tr>\n<tr style=\"background-color:#DDDDFF;\"><td>taxa_perm</td><td>25.0</td></tr>\n<tr><td>taxa_ocu</td><td>65</td></tr>\n<tr style=\"background-color:#DDDDFF;\"><td>to_sub</td><td>Não permitido</td></tr>\n<tr><td>indice_apr</td><td>2</td></tr>\n<tr style=\"background-color:#DDDDFF;\"><td>rec_frente</td><td>2,5 m</td></tr>\n<tr><td>rec_fundo</td><td>2 m</td></tr>\n<tr style=\"background-color:#DDDDFF;\"><td>rec_latera</td><td>1,5 m</td></tr>\n<tr><td>area_min_l</td><td>90 m²</td></tr>\n<tr style=\"background-color:#DDDDFF;\"><td>testada_mi</td><td>5 m</td></tr>\n<tr><td>altura_max</td><td>15 m</td></tr>\n<tr style=\"background-color:#DDDDFF;\"><td>subzona</td><td>ZEIS 3</td></tr>\n<tr><td>area_max_l</td><td>22.500 m²</td></tr>\n<tr style=\"background-color:#DDDDFF;\"><td>testada_ma</td><td>150 m</td></tr>\n<tr><td>indice_a_1</td><td>0,2</td></tr>\n</table>"},"styleUrl":"#21","fill-opacity":0.596078431372549,"fill":"#5e3625","stroke-opacity":0,"stroke":"#232323","stroke-width":0.52,"id":"50","zona":"Zona Especial de Interesse Social","sigla":"ZEIS","zona_sigla":"Zona Especial de Interesse Social - ZEIS 3 / Vazio 23 - Rosário de Fátima II","taxa_perm":"25.0","taxa_ocu":"65","to_sub":"Não permitido","indice_apr":"2","rec_frente":"2,5 m","rec_fundo":"2 m","rec_latera":"1,5 m","area_min_l":"90 m²","testada_mi":"5 m","altura_max":"15 m","subzona":"ZEIS 3","area_max_l":"22.500 m²","testada_ma":"150 m","indice_a_1":"0,2"},"id":"1472"},
{"type":"Feature","geometry":{"type":"Polygon","coordinates":[[[-40.34047924658593,-3.671377138036692],[-40.34033057397037,-3.671104077244876],[-40.34029790680358,-3.671044078786743],[-40.34020005258282,-3.669814118757127],[-40.34016111564299,-3.669439838453622],[-40.34011431200511,-3.668804356601385],[-40.34005345797009,-3.66811008868763],[-40.33998770951582,-3.667505289664698],[-40.34019636121359,-3.667390507356572],[-40.34047344874078,-3.667519179740213],[-40.34054294839309,-3.667562976176165],[-40.34063013144386,-3.667611923967274],[-40.34065433079067,-3.667629673519864],[-40.3407305946867,-3.66768291496937],[-40.34079868447551,-3.66773330498464],[-40.34084585399714,-3.667773415889295],[-40.34088172903219,-3.66780700372589],[-40.3409373148215,-3.667862632217731],[-40.34106667015305,-3.668003053747058],[-40.3411081249309,-3.668052281005405],[-40.34113187157007,-3.668082781203801],[-40.34114600554204,-3.668102021153739],[-40.34122472031519,-3.668219467989694],[-40.34123899358626,-3.668239750433306],[-40.34125226215923,-3.668262442929969],[-40.34126637635306,-3.668288338608108],[-40.34130926003664,-3.668369674267199],[-40.34132279268337,-3.668396789108099],[-40.34134088647737,-3.66843746920975],[-40.34134840180968,-3.668455092304271],[-40.34170867957766,-3.668343919458217],[-40.34178600807233,-3.668320222221383],[-40.34180865255396,-3.66831332824731],[-40.34192978146312,-3.668276482214762],[-40.34194689189129,-3.668372395983474],[-40.34196211978672,-3.668534638045698],[-40.34198424651014,-3.668839886438823],[-40.3419881878017,-3.668894258303517],[-40.34203295157238,-3.669508260696338],[-40.34203542468944,-3.669677770905584],[-40.34203371405096,-3.669740225984666],[-40.34202290283174,-3.669841169975583],[-40.34195179072631,-3.670167479910964],[-40.34187958542144,-3.670346202414629],[-40.34186748824656,-3.670398446992878],[-40.3418342251755,-3.670505100586126],[-40.3418118525385,-3.670573725699322],[-40.3417398561351,-3.670759124488808],[-40.34154574412659,-3.671305666422816],[-40.34152886758191,-3.671353183430058],[-40.3414719595571,-3.671487932207306],[-40.34144200235193,-3.671602520971205],[-40.34139224077781,-3.671727732450734],[-40.34112405797799,-3.672464035839466],[-40.34106397005919,-3.67261622444469],[-40.34105283612259,-3.672658810809652],[-40.34102391212208,-3.672744879925634],[-40.3409582408514,-3.672913432057433],[-40.34089090143802,-3.672752093380236],[-40.34086293782833,-3.672696061033514],[-40.34083352156564,-3.672637117907587],[-40.34079663758929,-3.672568885019858],[-40.34075836894772,-3.672494576331569],[-40.34065613941983,-3.672297959750228],[-40.34064261340644,-3.672280778445161],[-40.34062534103195,-3.67226516747431],[-40.34061501720701,-3.672261223352492],[-40.34061331293331,-3.672260572003843],[-40.34059769820039,-3.672260818915844],[-40.34057586012009,-3.672264811468871],[-40.34054856133646,-3.672275647149127],[-40.34024800613711,-3.672417260161076],[-40.33972926337528,-3.672661676615899],[-40.33976877734121,-3.672728347255207],[-40.33985214037001,-3.672879995241467],[-40.33991076625721,-3.672985998635234],[-40.33995903387727,-3.673078241076265],[-40.34003782207475,-3.673224017002169],[-40.34008242497873,-3.673312797294496],[-40.34015076292548,-3.673439863259879],[-40.34019136603416,-3.673513600468303],[-40.34021071723006,-3.673552044722248],[-40.3402205906941,-3.6735716599399],[-40.34021071723006,-3.673552044722248],[-40.339315703685,-3.673611846400557],[-40.33869073822274,-3.67366473740403],[-40.33863047113685,-3.673674076941313],[-40.33860631464017,-3.673680976225674],[-40.33857617927072,-3.673691972605721],[-40.33854762985074,-3.673707586517747],[-40.33843354255874,-3.673665398631838],[-40.33836043208665,-3.673627452885576],[-40.33826158916702,-3.673570517975834],[-40.33822772343187,-3.673540667991633],[-40.33820601307738,-3.67349720840501],[-40.33817478824948,-3.673423862212933],[-40.33816282228921,-3.673212871822757],[-40.33824923009288,-3.6731934968206],[-40.33832644437652,-3.67317246627045],[-40.33805789801291,-3.67262040349049],[-40.33804411938684,-3.672582887329825],[-40.33798122619417,-3.672605513811198],[-40.33787672470517,-3.672640989266308],[-40.33784780074323,-3.672650439958574],[-40.33783545447239,-3.672612253542892],[-40.33782413158483,-3.672577868714095],[-40.33779785864922,-3.672492379881256],[-40.33854285047823,-3.672249908660481],[-40.33943462349201,-3.671956719657405],[-40.33953817565777,-3.671920386315727],[-40.33980995171948,-3.672089662981386],[-40.34024652544161,-3.672361584080063],[-40.34073710342206,-3.672127201578224],[-40.3407045705007,-3.672029641210858],[-40.34070150639514,-3.672018832262908],[-40.34057555788272,-3.671574535521698],[-40.3405504606409,-3.671470974430009],[-40.3405277991316,-3.671372054907797],[-40.34047924658585,-3.671377137915883],[-40.34047924658593,-3.671377138036692]]]},"properties":{"name":"ZEIS","description":{"@type":"html","value":"<table>\n<tr style=\"background-color:#DDDDFF;\"><td>id</td><td>147</td></tr>\n<tr><td>zona</td><td>Zona Especial de Interesse Social</td></tr>\n<tr style=\"background-color:#DDDDFF;\"><td>sigla</td><td>ZEIS</td></tr>\n<tr><td>zona_sigla</td><td>Zona Especial de Interesse Social - ZEIS 2 / Conjunto</td></tr>\n<tr style=\"background-color:#DDDDFF;\"><td>taxa_perm</td><td>25.0</td></tr>\n<tr><td>taxa_ocu</td><td>70</td></tr>\n<tr style=\"background-color:#DDDDFF;\"><td>to_sub</td><td>Não permitido</td></tr>\n<tr><td>indice_apr</td><td>1,5</td></tr>\n<tr style=\"background-color:#DDDDFF;\"><td>rec_frente</td><td>1,5 m</td></tr>\n<tr><td>rec_fundo</td><td>2 m</td></tr>\n<tr style=\"background-color:#DDDDFF;\"><td>rec_latera</td><td>1,5 m</td></tr>\n<tr><td>area_min_l</td><td>90 m²</td></tr>\n<tr style=\"background-color:#DDDDFF;\"><td>testada_mi</td><td>5 m</td></tr>\n<tr><td>altura_max</td><td>15 m</td></tr>\n<tr style=\"background-color:#DDDDFF;\"><td>subzona</td><td>ZEIS 2</td></tr>\n<tr><td>area_max_l</td><td>22.500 m²</td></tr>\n<tr style=\"background-color:#DDDDFF;\"><td>testada_ma</td><td>150 m</td></tr>\n<tr><td>indice_a_1</td><td>-</td></tr>\n</table>"},"styleUrl":"#21","fill-opacity":0.596078431372549,"fill":"#5e3625","stroke-opacity":0,"stroke":"#232323","stroke-width":0.52,"id":"147","zona":"Zona Especial de Interesse Social","sigla":"ZEIS","zona_sigla":"Zona Especial de Interesse Social - ZEIS 2 / Conjunto","taxa_perm":"25.0","taxa_ocu":"70","to_sub":"Não permitido","indice_apr":"1,5","rec_frente":"1,5 m","rec_fundo":"2 m","rec_latera":"1,5 m","area_min_l":"90 m²","testada_mi":"5 m","altura_max":"15 m","subzona":"ZEIS 2","area_max_l":"22.500 m²","testada_ma":"150 m","indice_a_1":"-"},"id":"1661"},
{"type":"Feature","geometry":{"type":"Polygon","coordinates":[[[-40.37078706670599,-3.66906350700978],[-40.37090326963548,-3.669128462229919],[-40.37092025188569,-3.669137954981321],[-40.37095538533335,-3.669157099725387],[-40.37091734623952,-3.669228181426969],[-40.37073754627836,-3.669545947130258],[-40.37053283597691,-3.66990773740167],[-40.37064240197387,-3.669714098361292],[-40.3702851303332,-3.669511140408776],[-40.37027633780416,-3.66950593544251],[-40.37026772984835,-3.669500427878431],[-40.37025931677939,-3.669494624315432],[-40.37025110867738,-3.669488531707041],[-40.37024311537686,-3.669482157353095],[-40.37023534645498,-3.669475508891058],[-40.3702278112201,-3.669468594286749],[-40.37022051870052,-3.6694614218249],[-40.37021347763378,-3.669454000099201],[-40.37020669645613,-3.66944633800196],[-40.37020018329243,-3.66943844471355],[-40.3701939459464,-3.66943032969127],[-40.37018799189132,-3.669422002658156],[-40.37018232826104,-3.66941347359121],[-40.37017696184141,-3.669404752709558],[-40.37017189906221,-3.669395850462091],[-40.37016714598938,-3.669386777515032],[-40.37016270831784,-3.669377544739127],[-40.37015859136453,-3.669368163196636],[-40.3701548000622,-3.669358644128022],[-40.37015133895336,-3.669348998938553],[-40.37014821218494,-3.669339239184605],[-40.37014542350326,-3.669329376559817],[-40.37014297624957,-3.669319422881094],[-40.37014087335604,-3.669309390074418],[-40.37013911734223,-3.669299290160574],[-40.37013771031209,-3.669289135240775],[-40.37013665395146,-3.669278937482131],[-40.37013594952598,-3.669268709103067],[-40.37013559787967,-3.669258462358708],[-40.37013559943382,-3.669248209526177],[-40.37013595418658,-3.66923796288988],[-40.37013666171287,-3.669227734726843],[-40.37013772116497,-3.669217537291891],[-40.37013913127347,-3.669207382803069],[-40.37014089034885,-3.669197283426997],[-40.37014299628346,-3.669187251264183],[-40.37014544655409,-3.669177298334671],[-40.37014823822489,-3.669167436563555],[-40.37015483198267,-3.669148033636568],[-40.37016274596498,-3.669129135445666],[-40.37017194225458,-3.669110832535085],[-40.37017700772999,-3.669101931836706],[-40.37018237679052,-3.669093212596936],[-40.37018804300325,-3.669084685262721],[-40.37019399957921,-3.669076360051061],[-40.37020023938152,-3.669068246936811],[-40.37020675493397,-3.669060355640671],[-40.37021353842996,-3.669052695617587],[-40.37022058174184,-3.669045276045368],[-40.37022787643068,-3.669038105813777],[-40.37023541375635,-3.669031193513809],[-40.37024318468802,-3.669024547427423],[-40.37025117991494,-3.669018175517599],[-40.37025938985768,-3.669012085418818],[-40.37026780467948,-3.669006284427937],[-40.37027641429813,-3.66900077949537],[-40.37091821022228,-3.668635790540664],[-40.3709214420934,-3.668634025887061],[-40.37092473188964,-3.668632372795037],[-40.37092807579695,-3.668630833181078],[-40.37093146993855,-3.668629408830181],[-40.37093491037941,-3.668628101393669],[-40.37093839313084,-3.668626912387325],[-40.37094191415507,-3.668625843189631],[-40.37094546936999,-3.66862489504016],[-40.37094905465382,-3.668624069038181],[-40.37095266584996,-3.668623366141289],[-40.37095629877172,-3.668622787164434],[-40.37095994920725,-3.668622332778822],[-40.37096361292441,-3.668622003511246],[-40.37096728567562,-3.66862179974346],[-40.37097096320286,-3.66862172171172],[-40.37097464124256,-3.668621769506457],[-40.37097831553056,-3.668621943072275],[-40.37098198180706,-3.668622242207959],[-40.37098563582151,-3.668622666566672],[-40.37098927333763,-3.668623215656468],[-40.37099289013821,-3.668623888840739],[-40.37099648203012,-3.668624685339019],[-40.37100004484904,-3.668625604227877],[-40.37100357446442,-3.668626644442001],[-40.37100706678416,-3.66862780477542],[-40.37101051775941,-3.668629083882868],[-40.37101392338928,-3.668630480281435],[-40.37101727972541,-3.668631992352171],[-40.3710205828766,-3.668633618342043],[-40.3710307897669,-3.668639237535931],[-40.37096185392257,-3.668756964088506],[-40.37092141173065,-3.668832393659533],[-40.37089472264741,-3.66887830681795],[-40.37078706670599,-3.66906350700978]]]},"properties":{"name":"ZEIS","description":{"@type":"html","value":"<table>\n<tr style=\"background-color:#DDDDFF;\"><td>id</td><td>148</td></tr>\n<tr><td>zona</td><td>Zona Especial de Interesse Social</td></tr>\n<tr style=\"background-color:#DDDDFF;\"><td>sigla</td><td>ZEIS</td></tr>\n<tr><td>zona_sigla</td><td>Zona Especial de Interesse Social - ZEIS 3 / Vazio 20 - Parque Boa Esperança II</td></tr>\n<tr style=\"background-color:#DDDDFF;\"><td>taxa_perm</td><td>25.0</td></tr>\n<tr><td>taxa_ocu</td><td>65</td></tr>\n<tr style=\"background-color:#DDDDFF;\"><td>to_sub</td><td>Não permitido</td></tr>\n<tr><td>indice_apr</td><td>2</td></tr>\n<tr style=\"background-color:#DDDDFF;\"><td>rec_frente</td><td>2,5 m</td></tr>\n<tr><td>rec_fundo</td><td>2 m</td></tr>\n<tr style=\"background-color:#DDDDFF;\"><td>rec_latera</td><td>1,5 m</td></tr>\n<tr><td>area_min_l</td><td>90 m²</td></tr>\n<tr style=\"background-color:#DDDDFF;\"><td>testada_mi</td><td>5 m</td></tr>\n<tr><td>altura_max</td><td>15 m</td></tr>\n<tr style=\"background-color:#DDDDFF;\"><td>subzona</td><td>ZEIS 3</td></tr>\n<tr><td>area_max_l</td><td>22.500 m²</td></tr>\n<tr style=\"background-color:#DDDDFF;\"><td>testada_ma</td><td>150 m</td></tr>\n<tr><td>indice_a_1</td><td>0,2</td></tr>\n</table>"},"styleUrl":"#21","fill-opacity":0.596078431372549,"fill":"#5e3625","stroke-opacity":0,"stroke":"#232323","stroke-width":0.52,"id":"148","zona":"Zona Especial de Interesse Social","sigla":"ZEIS","zona_sigla":"Zona Especial de Interesse Social - ZEIS 3 / Vazio 20 - Parque Boa Esperança II","taxa_perm":"25.0","taxa_ocu":"65","to_sub":"Não permitido","indice_apr":"2","rec_frente":"2,5 m","rec_fundo":"2 m","rec_latera":"1,5 m","area_min_l":"90 m²","testada_mi":"5 m","altura_max":"15 m","subzona":"ZEIS 3","area_max_l":"22.500 m²","testada_ma":"150 m","indice_a_1":"0,2"},"id":"5268"},
{"type":"Feature","geometry":{"type":"Polygon","coordinates":[[[-40.34047924658593,-3.671377138036692],[-40.34047924658585,-3.671377137915883],[-40.3405277991316,-3.671372054907797],[-40.3405504606409,-3.671470974430009],[-40.34057555788272,-3.671574535521698],[-40.34070150639514,-3.672018832262908],[-40.3407045705007,-3.672029641210858],[-40.34073710342206,-3.672127201578224],[-40.34024652544161,-3.672361584080063],[-40.33980995171948,-3.672089662981386],[-40.33953817565777,-3.671920386315727],[-40.33943462349201,-3.671956719657405],[-40.33854285047823,-3.672249908660481],[-40.33779785864922,-3.672492379881256],[-40.33782413158483,-3.672577868714095],[-40.33783545447239,-3.672612253542892],[-40.33784780074323,-3.672650439958574],[-40.33787672470517,-3.672640989266308],[-40.33798122619417,-3.672605513811198],[-40.33804411938684,-3.672582887329825],[-40.33805789801291,-3.67262040349049],[-40.33832644437652,-3.67317246627045],[-40.33824923009288,-3.6731934968206],[-40.33816282228921,-3.673212871822757],[-40.33808723071895,-3.673229821521446],[-40.33789373474591,-3.673268681680517],[-40.33783142284707,-3.673278422187904],[-40.33777594414518,-3.673283441151502],[-40.33770687904978,-3.673283317039623],[-40.33765758078584,-3.673278734132317],[-40.33760826565996,-3.673271896458732],[-40.33753668664686,-3.673255805369488],[-40.33749514713903,-3.673242926953296],[-40.33744664974788,-3.673224191836299],[-40.33741280792646,-3.673208557752676],[-40.33735193724805,-3.673177113829254],[-40.33728756005625,-3.673132986666914],[-40.33705081363221,-3.672968189209736],[-40.3369849891866,-3.672920062909715],[-40.33692670295854,-3.672871515565078],[-40.33689091658043,-3.672837733907361],[-40.33682261925534,-3.672772154547353],[-40.33692678048848,-3.672800849848322],[-40.33695845870333,-3.672800802268736],[-40.3369951987176,-3.672791481665604],[-40.33747260627032,-3.672612865358681],[-40.33757077371093,-3.672569778314388],[-40.33760631766587,-3.672519436566938],[-40.3376496502873,-3.672464019512959],[-40.33769253981856,-3.672416419114297],[-40.33771105700201,-3.672398727475483],[-40.33780020098582,-3.672325522027945],[-40.33788282429099,-3.672254491890049],[-40.33793779823174,-3.672218915108522],[-40.33797710554047,-3.672196044199663],[-40.33806546739289,-3.672134744308771],[-40.33810059136633,-3.67211199725039],[-40.33815007447597,-3.672075454468878],[-40.338200633752,-3.672044196717046],[-40.33821455486552,-3.672032620185758],[-40.3382301942724,-3.672015719672542],[-40.33823019427248,-3.672015719793382],[-40.33824888983581,-3.67198941110078],[-40.33826680527986,-3.671953164771101],[-40.33828012650729,-3.671921300879911],[-40.33828888397941,-3.671894024514169],[-40.33829688650793,-3.67184824619374],[-40.33830030767997,-3.671787001749281],[-40.3383048860978,-3.671739040996128],[-40.33831716067365,-3.671668752892469],[-40.33832082592792,-3.671660138880708],[-40.33832657414363,-3.671651504736682],[-40.33833772687847,-3.671639988786711],[-40.33835032985434,-3.671629918601995],[-40.33841409877706,-3.671590704066074],[-40.33845077950918,-3.671572894988385],[-40.3384639800946,-3.671567861682006],[-40.33848092998298,-3.671565061584289],[-40.33859806312998,-3.671554509855915],[-40.33861077889416,-3.671555992107407],[-40.33865188108822,-3.671565091278523],[-40.33875670526906,-3.671576814278151],[-40.33880182530231,-3.671585899825059],[-40.33883372540487,-3.671596365428587],[-40.33884370547361,-3.671602106903413],[-40.33885199605043,-3.671611286545847],[-40.33886032503832,-3.671626423992969],[-40.33886937434784,-3.671635282704679],[-40.33887663990026,-3.671637042229943],[-40.338876719422,-3.671637077059329],[-40.33888563743928,-3.671634118477326],[-40.33889295339837,-3.671626994431432],[-40.33889907204809,-3.671616241414593],[-40.33891876280708,-3.671567617276292],[-40.33894365115898,-3.671512245287532],[-40.33895914841696,-3.671481654634384],[-40.33897048976296,-3.671453322841598],[-40.33897655801832,-3.671435457068362],[-40.33899710568964,-3.671358178198379],[-40.33901209752857,-3.671308408709],[-40.33902719331969,-3.671264822289496],[-40.33904819104746,-3.671218505456786],[-40.33905861478495,-3.671206692050251],[-40.33910054475195,-3.671171939634999],[-40.33913192521726,-3.671148645731463],[-40.33915967305597,-3.671131050825829],[-40.33917966921185,-3.671119767088523],[-40.3391925077182,-3.67111453644415],[-40.33921622466676,-3.671107886513268],[-40.339232666713,-3.671104989297448],[-40.33927759405993,-3.671104839896681],[-40.33938951295671,-3.671111699639179],[-40.33942449391714,-3.671109523051323],[-40.33946251674688,-3.671105118118678],[-40.33948041717976,-3.671104786847351],[-40.339522790705,-3.671108752643502],[-40.33954787804799,-3.671114001386159],[-40.33957574322567,-3.67111516759002],[-40.33959755056108,-3.671119378182308],[-40.33968510229654,-3.671155340406002],[-40.3397327175779,-3.671180153277108],[-40.33980934373913,-3.671227450735511],[-40.3399180141399,-3.671304538966574],[-40.33999956439286,-3.671350980328381],[-40.34002995998529,-3.671364659800144],[-40.34016146654695,-3.67140704181549],[-40.34022480522896,-3.671432386599111],[-40.34025132043241,-3.671439603288526],[-40.34027105352145,-3.671442485654733],[-40.34028348466938,-3.671441789138046],[-40.34033645434921,-3.671429907609849],[-40.34044467813681,-3.671394296015894],[-40.34047924658593,-3.671377138036692]]]},"properties":{"name":"ZEIS","description":{"@type":"html","value":"<table>\n<tr style=\"background-color:#DDDDFF;\"><td>id</td><td>150</td></tr>\n<tr><td>zona</td><td>Zona Especial de Interesse Social</td></tr>\n<tr style=\"background-color:#DDDDFF;\"><td>sigla</td><td>ZEIS</td></tr>\n<tr><td>zona_sigla</td><td>Zona Especial de Interesse Social - ZEIS 3/ Vazio 8 - Paraíso das Flores II</td></tr>\n<tr style=\"background-color:#DDDDFF;\"><td>taxa_perm</td><td>25.0</td></tr>\n<tr><td>taxa_ocu</td><td>65</td></tr>\n<tr style=\"background-color:#DDDDFF;\"><td>to_sub</td><td>Não permitido</td></tr>\n<tr><td>indice_apr</td><td>2</td></tr>\n<tr style=\"background-color:#DDDDFF;\"><td>rec_frente</td><td>2,5 m</td></tr>\n<tr><td>rec_fundo</td><td>2 m</td></tr>\n<tr style=\"background-color:#DDDDFF;\"><td>rec_latera</td><td>1,5 m</td></tr>\n<tr><td>area_min_l</td><td>90 m²</td></tr>\n<tr style=\"background-color:#DDDDFF;\"><td>testada_mi</td><td>5 m</td></tr>\n<tr><td>altura_max</td><td>15 m</td></tr>\n<tr style=\"background-color:#DDDDFF;\"><td>subzona</td><td>ZEIS 3</td></tr>\n<tr><td>area_max_l</td><td>22.500 m²</td></tr>\n<tr style=\"background-color:#DDDDFF;\"><td>testada_ma</td><td>150 m</td></tr>\n<tr><td>indice_a_1</td><td>0,2</td></tr>\n</table>"},"styleUrl":"#21","fill-opacity":0.596078431372549,"fill":"#5e3625","stroke-opacity":0,"stroke":"#232323","stroke-width":0.52,"id":"150","zona":"Zona Especial de Interesse Social","sigla":"ZEIS","zona_sigla":"Zona Especial de Interesse Social - ZEIS 3/ Vazio 8 - Paraíso das Flores II","taxa_perm":"25.0","taxa_ocu":"65","to_sub":"Não permitido","indice_apr":"2","rec_frente":"2,5 m","rec_fundo":"2 m","rec_latera":"1,5 m","area_min_l":"90 m²","testada_mi":"5 m","altura_max":"15 m","subzona":"ZEIS 3","area_max_l":"22.500 m²","testada_ma":"150 m","indice_a_1":"0,2"},"id":"5295"},
{"type":"Feature","geometry":{"type":"Polygon","coordinates":[[[-40.34581016814896,-3.695787221104957],[-40.34560070692812,-3.696161832280173],[-40.34532114742569,-3.696714332644158],[-40.3452259490828,-3.696899513756966],[-40.34490119488583,-3.697510343964148],[-40.3445134855214,-3.697300322755667],[-40.34469758944524,-3.696940650533531],[-40.34492442320477,-3.696499468412016],[-40.34496787613906,-3.696422041495777],[-40.34519130349233,-3.695982242434106],[-40.3453455755549,-3.695652829422038],[-40.34544698350697,-3.695463307641274],[-40.34571646502326,-3.695703036405922],[-40.34581016814896,-3.695787221104957]]]},"properties":{"name":"ZEIS","description":{"@type":"html","value":"<table>\n<tr style=\"background-color:#DDDDFF;\"><td>id</td><td>45</td></tr>\n<tr><td>zona</td><td>Zona Especial de Interesse Social</td></tr>\n<tr style=\"background-color:#DDDDFF;\"><td>sigla</td><td>ZEIS</td></tr>\n<tr><td>zona_sigla</td><td>Zona Especial de Interesse Social - ZEIS 3 / Vazio 12 - Dom Expedito II</td></tr>\n<tr style=\"background-color:#DDDDFF;\"><td>taxa_perm</td><td>25.0</td></tr>\n<tr><td>taxa_ocu</td><td>65</td></tr>\n<tr style=\"background-color:#DDDDFF;\"><td>to_sub</td><td>Não permitido</td></tr>\n<tr><td>indice_apr</td><td>2</td></tr>\n<tr style=\"background-color:#DDDDFF;\"><td>rec_frente</td><td>2,5 m</td></tr>\n<tr><td>rec_fundo</td><td>2 m</td></tr>\n<tr style=\"background-color:#DDDDFF;\"><td>rec_latera</td><td>1,5 m</td></tr>\n<tr><td>area_min_l</td><td>90 m²</td></tr>\n<tr style=\"background-color:#DDDDFF;\"><td>testada_mi</td><td>5 m</td></tr>\n<tr><td>altura_max</td><td>15 m</td></tr>\n<tr style=\"background-color:#DDDDFF;\"><td>subzona</td><td>ZEIS 3</td></tr>\n<tr><td>area_max_l</td><td>22.500 m²</td></tr>\n<tr style=\"background-color:#DDDDFF;\"><td>testada_ma</td><td>150 m</td></tr>\n<tr><td>indice_a_1</td><td>0,2</td></tr>\n</table>"},"styleUrl":"#21","fill-opacity":0.596078431372549,"fill":"#5e3625","stroke-opacity":0,"stroke":"#232323","stroke-width":0.52,"id":"45","zona":"Zona Especial de Interesse Social","sigla":"ZEIS","zona_sigla":"Zona Especial de Interesse Social - ZEIS 3 / Vazio 12 - Dom Expedito II","taxa_perm":"25.0","taxa_ocu":"65","to_sub":"Não permitido","indice_apr":"2","rec_frente":"2,5 m","rec_fundo":"2 m","rec_latera":"1,5 m","area_min_l":"90 m²","testada_mi":"5 m","altura_max":"15 m","subzona":"ZEIS 3","area_max_l":"22.500 m²","testada_ma":"150 m","indice_a_1":"0,2"},"id":"5322"},
{"type":"Feature","geometry":{"type":"Polygon","coordinates":[[[-40.34491129070015,-3.658377091870718],[-40.34508271643125,-3.658287368711436],[-40.34530413528606,-3.659605103293341],[-40.34492835458107,-3.659697473430017],[-40.34469150710828,-3.659753804989943],[-40.34459274013776,-3.659779587596518],[-40.34452804003876,-3.659552834837712],[-40.34421819747225,-3.658466934869949],[-40.3443105941839,-3.658453190351155],[-40.34484349245,-3.658384264570926],[-40.34491129070015,-3.658377091870718]]]},"properties":{"name":"ZEIS","description":{"@type":"html","value":"<table>\n<tr style=\"background-color:#DDDDFF;\"><td>id</td><td>59</td></tr>\n<tr><td>zona</td><td>Zona Especial de Interesse Social</td></tr>\n<tr style=\"background-color:#DDDDFF;\"><td>sigla</td><td>ZEIS</td></tr>\n<tr><td>zona_sigla</td><td>Zona Especial de Interesse Social - ZEIS 3 / Vazio 24 - Juvêncio de Andrade</td></tr>\n<tr style=\"background-color:#DDDDFF;\"><td>taxa_perm</td><td>25.0</td></tr>\n<tr><td>taxa_ocu</td><td>65</td></tr>\n<tr style=\"background-color:#DDDDFF;\"><td>to_sub</td><td>Não permitido</td></tr>\n<tr><td>indice_apr</td><td>2</td></tr>\n<tr style=\"background-color:#DDDDFF;\"><td>rec_frente</td><td>2,5 m</td></tr>\n<tr><td>rec_fundo</td><td>2 m</td></tr>\n<tr style=\"background-color:#DDDDFF;\"><td>rec_latera</td><td>1,5 m</td></tr>\n<tr><td>area_min_l</td><td>90 m²</td></tr>\n<tr style=\"background-color:#DDDDFF;\"><td>testada_mi</td><td>5 m</td></tr>\n<tr><td>altura_max</td><td>15 m</td></tr>\n<tr style=\"background-color:#DDDDFF;\"><td>subzona</td><td>ZEIS 3</td></tr>\n<tr><td>area_max_l</td><td>22.500 m²</td></tr>\n<tr style=\"background-color:#DDDDFF;\"><td>testada_ma</td><td>150 m</td></tr>\n<tr><td>indice_a_1</td><td>0,2</td></tr>\n</table>"},"styleUrl":"#21","fill-opacity":0.596078431372549,"fill":"#5e3625","stroke-opacity":0,"stroke":"#232323","stroke-width":0.52,"id":"59","zona":"Zona Especial de Interesse Social","sigla":"ZEIS","zona_sigla":"Zona Especial de Interesse Social - ZEIS 3 / Vazio 24 - Juvêncio de Andrade","taxa_perm":"25.0","taxa_ocu":"65","to_sub":"Não permitido","indice_apr":"2","rec_frente":"2,5 m","rec_fundo":"2 m","rec_latera":"1,5 m","area_min_l":"90 m²","testada_mi":"5 m","altura_max":"15 m","subzona":"ZEIS 3","area_max_l":"22.500 m²","testada_ma":"150 m","indice_a_1":"0,2"},"id":"5349"},
{"type":"Feature","geometry":{"type":"Polygon","coordinates":[[[-40.32529205030455,-3.707324449554638],[-40.32473932258458,-3.707382395799804],[-40.32449602758945,-3.707406751831708],[-40.3241756068891,-3.707444424093594],[-40.32401211238019,-3.707459148953105],[-40.32377704066685,-3.707485314021588],[-40.32361098211681,-3.707499482804665],[-40.32362305261439,-3.707310056980877],[-40.3236298282488,-3.707142917576041],[-40.32362959735843,-3.706937401013507],[-40.32362166605688,-3.706742709638677],[-40.32361783789928,-3.706599170646272],[-40.32373893546531,-3.706575625105716],[-40.32392222937552,-3.706537296086724],[-40.32440501612654,-3.706450461157774],[-40.32468642329356,-3.70639388931344],[-40.32523464454636,-3.706276147138588],[-40.3252658068018,-3.706805370668822],[-40.32529205030455,-3.707324449554638]]]},"properties":{"name":"ZEIS","description":{"@type":"html","value":"<table>\n<tr style=\"background-color:#DDDDFF;\"><td>id</td><td>72</td></tr>\n<tr><td>zona</td><td>Zona Especial de Interesse Social</td></tr>\n<tr style=\"background-color:#DDDDFF;\"><td>sigla</td><td>ZEIS</td></tr>\n<tr><td>zona_sigla</td><td>Zona Especial de Interesse Social - ZEIS 3/ Vazio 17 - Jatobá Residence II</td></tr>\n<tr style=\"background-color:#DDDDFF;\"><td>taxa_perm</td><td>25.0</td></tr>\n<tr><td>taxa_ocu</td><td>65</td></tr>\n<tr style=\"background-color:#DDDDFF;\"><td>to_sub</td><td>Não permitido</td></tr>\n<tr><td>indice_apr</td><td>2</td></tr>\n<tr style=\"background-color:#DDDDFF;\"><td>rec_frente</td><td>2,5 m</td></tr>\n<tr><td>rec_fundo</td><td>2 m</td></tr>\n<tr style=\"background-color:#DDDDFF;\"><td>rec_latera</td><td>1,5 m</td></tr>\n<tr><td>area_min_l</td><td>90 m²</td></tr>\n<tr style=\"background-color:#DDDDFF;\"><td>testada_mi</td><td>5 m</td></tr>\n<tr><td>altura_max</td><td>15 m</td></tr>\n<tr style=\"background-color:#DDDDFF;\"><td>subzona</td><td>ZEIS 3</td></tr>\n<tr><td>area_max_l</td><td>22.500 m²</td></tr>\n<tr style=\"background-color:#DDDDFF;\"><td>testada_ma</td><td>150 m</td></tr>\n<tr><td>indice_a_1</td><td>0,2</td></tr>\n</table>"},"styleUrl":"#21","fill-opacity":0.596078431372549,"fill":"#5e3625","stroke-opacity":0,"stroke":"#232323","stroke-width":0.52,"id":"72","zona":"Zona Especial de Interesse Social","sigla":"ZEIS","zona_sigla":"Zona Especial de Interesse Social - ZEIS 3/ Vazio 17 - Jatobá Residence II","taxa_perm":"25.0","taxa_ocu":"65","to_sub":"Não permitido","indice_apr":"2","rec_frente":"2,5 m","rec_fundo":"2 m","rec_latera":"1,5 m","area_min_l":"90 m²","testada_mi":"5 m","altura_max":"15 m","subzona":"ZEIS 3","area_max_l":"22.500 m²","testada_ma":"150 m","indice_a_1":"0,2"},"id":"5403"},
{"type":"Feature","geometry":{"type":"Polygon","coordinates":[[[-40.33970297151286,-3.661537936106753],[-40.33981118240463,-3.661512402240738],[-40.33989234601446,-3.661493250548555],[-40.33991546331956,-3.661487795694792],[-40.33992013786905,-3.661486692668912],[-40.33997889226837,-3.661472828737717],[-40.33998557808438,-3.661471251124657],[-40.33999709055429,-3.661468534594057],[-40.33993002839635,-3.661533627822301],[-40.33990848106919,-3.661558357395429],[-40.33990293059438,-3.66156585537647],[-40.33988870520405,-3.661585072057369],[-40.33983529922233,-3.661663047583527],[-40.33982870398516,-3.661673300104355],[-40.33977100262445,-3.661762998826886],[-40.33976645381506,-3.661769331458252],[-40.33976426622199,-3.661771064091083],[-40.33976190742837,-3.66177256112744],[-40.33975940327775,-3.661773806165378],[-40.33975678120627,-3.6617747855639],[-40.33975406994202,-3.661775488592481],[-40.33975129919032,-3.661775907548599],[-40.33974849930825,-3.661776037841992],[-40.33974570097205,-3.661775878045171],[-40.33974395535636,-3.661775629562556],[-40.33967796648504,-3.661728536772492],[-40.33966342377953,-3.661717023092204],[-40.33961307621348,-3.661677162156415],[-40.33957490229092,-3.661646939274635],[-40.33957979061622,-3.661642802608568],[-40.3395951405033,-3.661629734926919],[-40.33961796587064,-3.661610303210798],[-40.33970297151286,-3.661537936106753]]]},"properties":{"name":"ZEIS","description":{"@type":"html","value":"<table>\n<tr style=\"background-color:#DDDDFF;\"><td>id</td><td>61</td></tr>\n<tr><td>zona</td><td>Zona Especial de Interesse Social</td></tr>\n<tr style=\"background-color:#DDDDFF;\"><td>sigla</td><td>ZEIS</td></tr>\n<tr><td>zona_sigla</td><td>Zona Especial de Interesse Social - ZEIS 3 / Vazio 26 - Residencial Meruoca II</td></tr>\n<tr style=\"background-color:#DDDDFF;\"><td>taxa_perm</td><td>25.0</td></tr>\n<tr><td>taxa_ocu</td><td>65</td></tr>\n<tr style=\"background-color:#DDDDFF;\"><td>to_sub</td><td>Não permitido</td></tr>\n<tr><td>indice_apr</td><td>2</td></tr>\n<tr style=\"background-color:#DDDDFF;\"><td>rec_frente</td><td>2,5 m</td></tr>\n<tr><td>rec_fundo</td><td>2 m</td></tr>\n<tr style=\"background-color:#DDDDFF;\"><td>rec_latera</td><td>1,5 m</td></tr>\n<tr><td>area_min_l</td><td>90 m²</td></tr>\n<tr style=\"background-color:#DDDDFF;\"><td>testada_mi</td><td>5 m</td></tr>\n<tr><td>altura_max</td><td>15 m</td></tr>\n<tr style=\"background-color:#DDDDFF;\"><td>subzona</td><td>ZEIS 3</td></tr>\n<tr><td>area_max_l</td><td>22.500 m²</td></tr>\n<tr style=\"background-color:#DDDDFF;\"><td>testada_ma</td><td>150 m</td></tr>\n<tr><td>indice_a_1</td><td>0,2</td></tr>\n</table>"},"styleUrl":"#21","fill-opacity":0.596078431372549,"fill":"#5e3625","stroke-opacity":0,"stroke":"#232323","stroke-width":0.52,"id":"61","zona":"Zona Especial de Interesse Social","sigla":"ZEIS","zona_sigla":"Zona Especial de Interesse Social - ZEIS 3 / Vazio 26 - Residencial Meruoca II","taxa_perm":"25.0","taxa_ocu":"65","to_sub":"Não permitido","indice_apr":"2","rec_frente":"2,5 m","rec_fundo":"2 m","rec_latera":"1,5 m","area_min_l":"90 m²","testada_mi":"5 m","altura_max":"15 m","subzona":"ZEIS 3","area_max_l":"22.500 m²","testada_ma":"150 m","indice_a_1":"0,2"},"id":"5631"},
{"type":"Feature","geometry":{"type":"Polygon","coordinates":[[[-40.35094285983162,-3.69965009357181],[-40.35125068281,-3.699377298565018],[-40.35126689051321,-3.699395740133108],[-40.35128519830081,-3.699419785682915],[-40.35130370374565,-3.699441779654465],[-40.35131041469282,-3.699451416175203],[-40.35137603573401,-3.699534536286126],[-40.35139587108876,-3.699561995574159],[-40.35142726919389,-3.699602750569768],[-40.35144827647403,-3.699627071457349],[-40.35147850283332,-3.6996639481839],[-40.35152343368446,-3.69972047675216],[-40.35155272777867,-3.699758823713863],[-40.35158013405272,-3.699798413551435],[-40.35159865364015,-3.699823194075981],[-40.35163126491095,-3.699871972317647],[-40.35167229988065,-3.69992826805718],[-40.35168817048579,-3.69994866789413],[-40.35174680566683,-3.700025455783723],[-40.3517610167977,-3.700044506015684],[-40.3517747806639,-3.700062486071914],[-40.35186432557549,-3.700181494858327],[-40.35190125188301,-3.700232001197411],[-40.35191280059046,-3.700249088336504],[-40.35199702348774,-3.700362683351587],[-40.35202714355196,-3.700451859087262],[-40.3520367282872,-3.700477631766856],[-40.35208245287234,-3.700590028333316],[-40.35209641871143,-3.700620982460115],[-40.35212197309525,-3.70067239137178],[-40.35213662257278,-3.700699506778017],[-40.35214675047575,-3.700716817146276],[-40.35219128332981,-3.700779885422503],[-40.352207664082,-3.700799321012514],[-40.35225724449023,-3.700849580527065],[-40.35226688954305,-3.700857935672806],[-40.35226812248413,-3.700858815709812],[-40.35226889663759,-3.700860190252452],[-40.35229413385228,-3.700899998702202],[-40.35231079785342,-3.700923482475852],[-40.35240357355371,-3.701019953578295],[-40.35240799521502,-3.701023356886973],[-40.35240960737529,-3.701034582388784],[-40.35241318165536,-3.701043660839569],[-40.35245917387889,-3.701121315225483],[-40.35244959126977,-3.70113255778671],[-40.35240778113666,-3.701176629229415],[-40.3523754277517,-3.701212461198477],[-40.35234092169904,-3.701253587448297],[-40.35228847080194,-3.701311162218646],[-40.35210610317213,-3.701494947253695],[-40.35197414087079,-3.701621106377782],[-40.35180934945791,-3.70178943470899],[-40.3515895947689,-3.702031090688527],[-40.35132604866594,-3.702302495068994],[-40.35127564871715,-3.702253139472689],[-40.34966601231701,-3.700950343841108],[-40.35000802206826,-3.70050131666245],[-40.3507008576132,-3.699588800617129],[-40.35081859831392,-3.699697445698296],[-40.35089592969756,-3.699618796234337],[-40.35094285983162,-3.69965009357181]]]},"properties":{"name":"ZEIS","description":{"@type":"html","value":"<table>\n<tr style=\"background-color:#DDDDFF;\"><td>id</td><td>64</td></tr>\n<tr><td>zona</td><td>Zona Especial de Interesse Social</td></tr>\n<tr style=\"background-color:#DDDDFF;\"><td>sigla</td><td>ZEIS</td></tr>\n<tr><td>zona_sigla</td><td>Zona Especial de Interesse Social - ZEIS 3 / Vazio 11 - Gaviões II</td></tr>\n<tr style=\"background-color:#DDDDFF;\"><td>taxa_perm</td><td>25.0</td></tr>\n<tr><td>taxa_ocu</td><td>65</td></tr>\n<tr style=\"background-color:#DDDDFF;\"><td>to_sub</td><td>Não permitido</td></tr>\n<tr><td>indice_apr</td><td>2</td></tr>\n<tr style=\"background-color:#DDDDFF;\"><td>rec_frente</td><td>2,5 m</td></tr>\n<tr><td>rec_fundo</td><td>2 m</td></tr>\n<tr style=\"background-color:#DDDDFF;\"><td>rec_latera</td><td>1,5 m</td></tr>\n<tr><td>area_min_l</td><td>90 m²</td></tr>\n<tr style=\"background-color:#DDDDFF;\"><td>testada_mi</td><td>5 m</td></tr>\n<tr><td>altura_max</td><td>15 m</td></tr>\n<tr style=\"background-color:#DDDDFF;\"><td>subzona</td><td>ZEIS 3</td></tr>\n<tr><td>area_max_l</td><td>22.500 m²</td></tr>\n<tr style=\"background-color:#DDDDFF;\"><td>testada_ma</td><td>150 m</td></tr>\n<tr><td>indice_a_1</td><td>0,2</td></tr>\n</table>"},"styleUrl":"#21","fill-opacity":0.596078431372549,"fill":"#5e3625","stroke-opacity":0,"stroke":"#232323","stroke-width":0.52,"id":"64","zona":"Zona Especial de Interesse Social","sigla":"ZEIS","zona_sigla":"Zona Especial de Interesse Social - ZEIS 3 / Vazio 11 - Gaviões II","taxa_perm":"25.0","taxa_ocu":"65","to_sub":"Não permitido","indice_apr":"2","rec_frente":"2,5 m","rec_fundo":"2 m","rec_latera":"1,5 m","area_min_l":"90 m²","testada_mi":"5 m","altura_max":"15 m","subzona":"ZEIS 3","area_max_l":"22.500 m²","testada_ma":"150 m","indice_a_1":"0,2"},"id":"5940"},
{"type":"Feature","geometry":{"type":"Polygon","coordinates":[[[-40.34019080799797,-3.700037749988959],[-40.33988854780219,-3.70048872882045],[-40.33979401877422,-3.700443107252649],[-40.33934626541727,-3.700264053053977],[-40.3392629686548,-3.70021403228124],[-40.339459586045,-3.699912940744874],[-40.33966770669898,-3.69959875519965],[-40.33980345672724,-3.699400178991787],[-40.33986023577887,-3.699303219787548],[-40.33990740352843,-3.699207855562803],[-40.33993364963683,-3.699148228558215],[-40.33995837804869,-3.699086730779916],[-40.33998378312421,-3.699010247373025],[-40.34000767226236,-3.698933063861549],[-40.34003176315546,-3.698835042081202],[-40.34005096403953,-3.698739837328161],[-40.3401454346867,-3.698239911605357],[-40.34023345695128,-3.697782727778423],[-40.34023899360066,-3.697753970660644],[-40.34032050349856,-3.697331178940716],[-40.34051239213672,-3.696335852771491],[-40.34074339017069,-3.6963874215421],[-40.34085335657523,-3.696409960966079],[-40.3408757073719,-3.69641010073589],[-40.34088246347611,-3.696407924344676],[-40.34088715572206,-3.696403687135872],[-40.34089301954979,-3.696391861655573],[-40.34097149807484,-3.696120560748986],[-40.34099088961389,-3.696069756643388],[-40.34103038566611,-3.695919566831805],[-40.34105045712717,-3.69585991078595],[-40.34111904262461,-3.695886076448395],[-40.34127415005993,-3.695958767676978],[-40.34143527043675,-3.696037380203396],[-40.34152899598948,-3.6960799695219],[-40.34166267511378,-3.69614568460451],[-40.34179768954112,-3.696208511547005],[-40.342023276352,-3.696368116622955],[-40.34219771145664,-3.696469117509242],[-40.34223164957558,-3.696507058144225],[-40.34237965450812,-3.69637125548912],[-40.34246236472026,-3.696448019529236],[-40.34262432954777,-3.696603912369766],[-40.34248318348378,-3.696721887549934],[-40.34245546340642,-3.696748709359956],[-40.34243748733529,-3.696763078441816],[-40.34241154927398,-3.696788334664226],[-40.34236041384109,-3.696833895952641],[-40.34228759994883,-3.696904344313069],[-40.34224610585245,-3.696938630615719],[-40.34222610010271,-3.696952721493815],[-40.34219892546659,-3.69696150420656],[-40.34218122687525,-3.696962236535903],[-40.34216665618278,-3.696960769027757],[-40.34211534516071,-3.696945855711686],[-40.34202179350907,-3.696904634662148],[-40.34196807088929,-3.696861162594517],[-40.34183213604017,-3.696732921255669],[-40.34180177973436,-3.696786517930957],[-40.3417439273602,-3.696911414012847],[-40.34144629231312,-3.69749722229229],[-40.34019080799797,-3.700037749988959]]]},"properties":{"name":"ZEIS","description":{"@type":"html","value":"<table>\n<tr style=\"background-color:#DDDDFF;\"><td>id</td><td>19</td></tr>\n<tr><td>zona</td><td>Zona Especial de Interesse Social</td></tr>\n<tr style=\"background-color:#DDDDFF;\"><td>sigla</td><td>ZEIS</td></tr>\n<tr><td>zona_sigla</td><td>Zona Especial de Interesse Social - ZEIS 1 / Ocupação</td></tr>\n<tr style=\"background-color:#DDDDFF;\"><td>taxa_perm</td><td>15.0</td></tr>\n<tr><td>taxa_ocu</td><td>80</td></tr>\n<tr style=\"background-color:#DDDDFF;\"><td>to_sub</td><td>Não permitido</td></tr>\n<tr><td>indice_apr</td><td>1,5</td></tr>\n<tr style=\"background-color:#DDDDFF;\"><td>rec_frente</td><td>1,5 m</td></tr>\n<tr><td>rec_fundo</td><td>1,5 m</td></tr>\n<tr style=\"background-color:#DDDDFF;\"><td>rec_latera</td><td>0,00 m</td></tr>\n<tr><td>area_min_l</td><td>90 m²</td></tr>\n<tr style=\"background-color:#DDDDFF;\"><td>testada_mi</td><td>5 m</td></tr>\n<tr><td>altura_max</td><td>9 m</td></tr>\n<tr style=\"background-color:#DDDDFF;\"><td>subzona</td><td>ZEIS 1</td></tr>\n<tr><td>area_max_l</td><td>22.500 m²</td></tr>\n<tr style=\"background-color:#DDDDFF;\"><td>testada_ma</td><td>150 m</td></tr>\n<tr><td>indice_a_1</td><td>-</td></tr>\n</table>"},"styleUrl":"#21","fill-opacity":0.596078431372549,"fill":"#5e3625","stroke-opacity":0,"stroke":"#232323","stroke-width":0.52,"id":"19","zona":"Zona Especial de Interesse Social","sigla":"ZEIS","zona_sigla":"Zona Especial de Interesse Social - ZEIS 1 / Ocupação","taxa_perm":"15.0","taxa_ocu":"80","to_sub":"Não permitido","indice_apr":"1,5","rec_frente":"1,5 m","rec_fundo":"1,5 m","rec_latera":"0,00 m","area_min_l":"90 m²","testada_mi":"5 m","altura_max":"9 m","subzona":"ZEIS 1","area_max_l":"22.500 m²","testada_ma":"150 m","indice_a_1":"-"},"id":"5994"},
{"type":"Feature","geometry":{"type":"Polygon","coordinates":[[[-40.34146400850987,-3.708990154397782],[-40.34144702543571,-3.709019197105109],[-40.34137907951405,-3.709116437082897],[-40.34122193326738,-3.709309705767618],[-40.34115391472422,-3.709418179722457],[-40.34129622226425,-3.709524299850791],[-40.34151593762468,-3.709665451969809],[-40.34148367019144,-3.710072476216414],[-40.34084071424086,-3.710051067263829],[-40.34071367178297,-3.710366106888147],[-40.34065164547806,-3.710560865192754],[-40.3406039597478,-3.710718960761568],[-40.3403470667099,-3.71135423212517],[-40.34027533106577,-3.711498582350607],[-40.34020453461546,-3.71156960497966],[-40.34006065075552,-3.71173690908596],[-40.3397554591164,-3.712467185720021],[-40.33855485697616,-3.71229560821483],[-40.33784338054235,-3.712193022913615],[-40.33797932861277,-3.711835062063245],[-40.33800017543938,-3.711784250037756],[-40.33804448872339,-3.711676103448684],[-40.33807149182855,-3.711607819061007],[-40.33827257108958,-3.711147085693937],[-40.33847339914559,-3.710627481679426],[-40.33874010970708,-3.710051217921746],[-40.33928217142412,-3.709072819889804],[-40.33975085967352,-3.708844483961277],[-40.33997875354877,-3.708685255054934],[-40.34013011300922,-3.708691808998722],[-40.34037679356932,-3.708699895060315],[-40.34060216680839,-3.708702103802834],[-40.3407191177448,-3.708710014514047],[-40.34080263240014,-3.708715746391284],[-40.34091550839273,-3.70872931143149],[-40.3410024118988,-3.70873652153222],[-40.3411471174947,-3.708753891965346],[-40.34130360831126,-3.708774428994964],[-40.34142989371892,-3.70878821142983],[-40.3415698921491,-3.708787418634448],[-40.34152722535224,-3.708859863649987],[-40.34148943643419,-3.708946670173274],[-40.34146400850987,-3.708990154397782]]]},"properties":{"name":"ZEIS","description":{"@type":"html","value":"<table>\n<tr style=\"background-color:#DDDDFF;\"><td>id</td><td>70</td></tr>\n<tr><td>zona</td><td>Zona Especial de Interesse Social</td></tr>\n<tr style=\"background-color:#DDDDFF;\"><td>sigla</td><td>ZEIS</td></tr>\n<tr><td>zona_sigla</td><td>Zona Especial de Interesse Social - ZEIS 3 / Vazio 14 - Alto da Rolinha</td></tr>\n<tr style=\"background-color:#DDDDFF;\"><td>taxa_perm</td><td>25.0</td></tr>\n<tr><td>taxa_ocu</td><td>65</td></tr>\n<tr style=\"background-color:#DDDDFF;\"><td>to_sub</td><td>Não permitido</td></tr>\n<tr><td>indice_apr</td><td>2</td></tr>\n<tr style=\"background-color:#DDDDFF;\"><td>rec_frente</td><td>2,5 m</td></tr>\n<tr><td>rec_fundo</td><td>2 m</td></tr>\n<tr style=\"background-color:#DDDDFF;\"><td>rec_latera</td><td>1,5 m</td></tr>\n<tr><td>area_min_l</td><td>90 m²</td></tr>\n<tr style=\"background-color:#DDDDFF;\"><td>testada_mi</td><td>5 m</td></tr>\n<tr><td>altura_max</td><td>15 m</td></tr>\n<tr style=\"background-color:#DDDDFF;\"><td>subzona</td><td>ZEIS 3</td></tr>\n<tr><td>area_max_l</td><td>22.500 m²</td></tr>\n<tr style=\"background-color:#DDDDFF;\"><td>testada_ma</td><td>150 m</td></tr>\n<tr><td>indice_a_1</td><td>0,2</td></tr>\n</table>"},"styleUrl":"#21","fill-opacity":0.596078431372549,"fill":"#5e3625","stroke-opacity":0,"stroke":"#232323","stroke-width":0.52,"id":"70","zona":"Zona Especial de Interesse Social","sigla":"ZEIS","zona_sigla":"Zona Especial de Interesse Social - ZEIS 3 / Vazio 14 - Alto da Rolinha","taxa_perm":"25.0","taxa_ocu":"65","to_sub":"Não permitido","indice_apr":"2","rec_frente":"2,5 m","rec_fundo":"2 m","rec_latera":"1,5 m","area_min_l":"90 m²","testada_mi":"5 m","altura_max":"15 m","subzona":"ZEIS 3","area_max_l":"22.500 m²","testada_ma":"150 m","indice_a_1":"0,2"},"id":"6075"},
{"type":"Feature","geometry":{"type":"Polygon","coordinates":[[[-40.34209616686774,-3.673642075472006],[-40.34190368846815,-3.673031196059671],[-40.34269121425292,-3.672766881056559],[-40.34276066379741,-3.673006549939648],[-40.34281537979351,-3.673167743684775],[-40.3428533376855,-3.673293613336742],[-40.34288693176314,-3.673392221425554],[-40.34209616686774,-3.673642075472006]]]},"properties":{"name":"ZEIS","description":{"@type":"html","value":"<table>\n<tr style=\"background-color:#DDDDFF;\"><td>id</td><td>62</td></tr>\n<tr><td>zona</td><td>Zona Especial de Interesse Social</td></tr>\n<tr style=\"background-color:#DDDDFF;\"><td>sigla</td><td>ZEIS</td></tr>\n<tr><td>zona_sigla</td><td>Zona Especial de Interesse Social - ZEIS 3 / Vazio 6 - Nova Betânia</td></tr>\n<tr style=\"background-color:#DDDDFF;\"><td>taxa_perm</td><td>25.0</td></tr>\n<tr><td>taxa_ocu</td><td>65</td></tr>\n<tr style=\"background-color:#DDDDFF;\"><td>to_sub</td><td>Não permitido</td></tr>\n<tr><td>indice_apr</td><td>2</td></tr>\n<tr style=\"background-color:#DDDDFF;\"><td>rec_frente</td><td>2,5 m</td></tr>\n<tr><td>rec_fundo</td><td>2 m</td></tr>\n<tr style=\"background-color:#DDDDFF;\"><td>rec_latera</td><td>1,5 m</td></tr>\n<tr><td>area_min_l</td><td>90 m²</td></tr>\n<tr style=\"background-color:#DDDDFF;\"><td>testada_mi</td><td>5 m</td></tr>\n<tr><td>altura_max</td><td>15 m</td></tr>\n<tr style=\"background-color:#DDDDFF;\"><td>subzona</td><td>ZEIS 3</td></tr>\n<tr><td>area_max_l</td><td>22.500 m²</td></tr>\n<tr style=\"background-color:#DDDDFF;\"><td>testada_ma</td><td>150 m</td></tr>\n<tr><td>indice_a_1</td><td>0,2</td></tr>\n</table>"},"styleUrl":"#21","fill-opacity":0.596078431372549,"fill":"#5e3625","stroke-opacity":0,"stroke":"#232323","stroke-width":0.52,"id":"62","zona":"Zona Especial de Interesse Social","sigla":"ZEIS","zona_sigla":"Zona Especial de Interesse Social - ZEIS 3 / Vazio 6 - Nova Betânia","taxa_perm":"25.0","taxa_ocu":"65","to_sub":"Não permitido","indice_apr":"2","rec_frente":"2,5 m","rec_fundo":"2 m","rec_latera":"1,5 m","area_min_l":"90 m²","testada_mi":"5 m","altura_max":"15 m","subzona":"ZEIS 3","area_max_l":"22.500 m²","testada_ma":"150 m","indice_a_1":"0,2"},"id":"6731"},
{"type":"Feature","geometry":{"type":"Polygon","coordinates":[[[-40.32967868489815,-3.705690438964934],[-40.32915790113196,-3.704918874635852],[-40.32911367455314,-3.70486751238817],[-40.32908598807015,-3.704823816672462],[-40.32906209355257,-3.704778236700439],[-40.3291583929058,-3.704718126601799],[-40.32950126713209,-3.704483820575759],[-40.32978739417945,-3.704293145357942],[-40.33037773836435,-3.705213967350232],[-40.33029649611314,-3.705265397522203],[-40.33013660917536,-3.70537359190807],[-40.32967868489815,-3.705690438964934]]]},"properties":{"name":"ZEIS","description":{"@type":"html","value":"<table>\n<tr style=\"background-color:#DDDDFF;\"><td>id</td><td>66</td></tr>\n<tr><td>zona</td><td>Zona Especial de Interesse Social</td></tr>\n<tr style=\"background-color:#DDDDFF;\"><td>sigla</td><td>ZEIS</td></tr>\n<tr><td>zona_sigla</td><td>Zona Especial de Interesse Social - ZEIS 3 / Vazio 15 - Cohab I</td></tr>\n<tr style=\"background-color:#DDDDFF;\"><td>taxa_perm</td><td>25.0</td></tr>\n<tr><td>taxa_ocu</td><td>65</td></tr>\n<tr style=\"background-color:#DDDDFF;\"><td>to_sub</td><td>Não permitido</td></tr>\n<tr><td>indice_apr</td><td>2</td></tr>\n<tr style=\"background-color:#DDDDFF;\"><td>rec_frente</td><td>2,5 m</td></tr>\n<tr><td>rec_fundo</td><td>2 m</td></tr>\n<tr style=\"background-color:#DDDDFF;\"><td>rec_latera</td><td>1,5 m</td></tr>\n<tr><td>area_min_l</td><td>90 m²</td></tr>\n<tr style=\"background-color:#DDDDFF;\"><td>testada_mi</td><td>5 m</td></tr>\n<tr><td>altura_max</td><td>15 m</td></tr>\n<tr style=\"background-color:#DDDDFF;\"><td>subzona</td><td>ZEIS 3</td></tr>\n<tr><td>area_max_l</td><td>22.500 m²</td></tr>\n<tr style=\"background-color:#DDDDFF;\"><td>testada_ma</td><td>150 m</td></tr>\n<tr><td>indice_a_1</td><td>0,2</td></tr>\n</table>"},"styleUrl":"#21","fill-opacity":0.596078431372549,"fill":"#5e3625","stroke-opacity":0,"stroke":"#232323","stroke-width":0.52,"id":"66","zona":"Zona Especial de Interesse Social","sigla":"ZEIS","zona_sigla":"Zona Especial de Interesse Social - ZEIS 3 / Vazio 15 - Cohab I","taxa_perm":"25.0","taxa_ocu":"65","to_sub":"Não permitido","indice_apr":"2","rec_frente":"2,5 m","rec_fundo":"2 m","rec_latera":"1,5 m","area_min_l":"90 m²","testada_mi":"5 m","altura_max":"15 m","subzona":"ZEIS 3","area_max_l":"22.500 m²","testada_ma":"150 m","indice_a_1":"0,2"},"id":"7109"},
{"type":"Feature","geometry":{"type":"Polygon","coordinates":[[[-40.36998554378092,-3.68570932948077],[-40.36926247738186,-3.68607454035622],[-40.36851481284533,-3.686452174628863],[-40.36851480973145,-3.686452176193546],[-40.3682877973959,-3.685997846534804],[-40.36874399872254,-3.685766356152049],[-40.36844720642557,-3.685184348723357],[-40.3684677553088,-3.68517412136883],[-40.36848468332192,-3.685163109974248],[-40.36849922702321,-3.685155958773437],[-40.36851029515478,-3.685149046278386],[-40.36853205430784,-3.68513823364229],[-40.36854087661866,-3.685131548911595],[-40.3685545266604,-3.685124598969209],[-40.36856204533811,-3.685119651862454],[-40.36863621693673,-3.685080997606738],[-40.36867826155799,-3.685061179858389],[-40.36869021396041,-3.685053816493066],[-40.36872999168076,-3.685033983247248],[-40.36874192602852,-3.685026588254125],[-40.36880870269925,-3.684993162185709],[-40.36881976901937,-3.684986246073469],[-40.36883431451967,-3.684979098484164],[-40.36885124071683,-3.684968083470653],[-40.36887389134326,-3.684956825375757],[-40.36888138383478,-3.684951829468313],[-40.36889413093651,-3.684945491410165],[-40.36891285372316,-3.684933663249266],[-40.36895259888823,-3.68491374322162],[-40.36896008595509,-3.684908732851189],[-40.36897805304599,-3.684899607405963],[-40.36899310320296,-3.684893382465539],[-40.36905141967575,-3.684863842235015],[-40.3690673387477,-3.684857132079683],[-40.36913546026561,-3.684822449467887],[-40.36915137844515,-3.684815745643984],[-40.36920451192908,-3.684789059665227],[-40.36922546008184,-3.684777175608942],[-40.36925618237306,-3.684761718417399],[-40.36926371824561,-3.684756835495659],[-40.36929444053514,-3.684741378303293],[-40.36930641824832,-3.684734089962217],[-40.36938665503052,-3.684693777520307],[-40.36940414387988,-3.684682762536765],[-40.36945189754565,-3.684658560292914],[-40.36947257105391,-3.684698444755874],[-40.36952386434416,-3.684810664858158],[-40.36958482977,-3.68493266053909],[-40.36964046618727,-3.685037949558827],[-40.36965492538534,-3.685073265350759],[-40.36969266820533,-3.685152723263506],[-40.36973989938382,-3.685245409269968],[-40.36974696753183,-3.685257961371698],[-40.36976067367962,-3.685282301686872],[-40.36976759258986,-3.685296834247413],[-40.36978722687132,-3.68533807431935],[-40.36986225845005,-3.685487906660537],[-40.36987979122438,-3.685525602692951],[-40.36994980267443,-3.685661135499801],[-40.36995953935597,-3.68567426462539],[-40.36998554378092,-3.68570932948077]]]},"properties":{"name":"ZEIS","description":{"@type":"html","value":"<table>\n<tr style=\"background-color:#DDDDFF;\"><td>id</td><td>57</td></tr>\n<tr><td>zona</td><td>Zona Especial de Interesse Social</td></tr>\n<tr style=\"background-color:#DDDDFF;\"><td>sigla</td><td>ZEIS</td></tr>\n<tr><td>zona_sigla</td><td>Zona Especial de Interesse Social - ZEIS 3 / Vazio 4 - Padre Ibiapina</td></tr>\n<tr style=\"background-color:#DDDDFF;\"><td>taxa_perm</td><td>25.0</td></tr>\n<tr><td>taxa_ocu</td><td>65</td></tr>\n<tr style=\"background-color:#DDDDFF;\"><td>to_sub</td><td>Não permitido</td></tr>\n<tr><td>indice_apr</td><td>2</td></tr>\n<tr style=\"background-color:#DDDDFF;\"><td>rec_frente</td><td>2,5 m</td></tr>\n<tr><td>rec_fundo</td><td>2 m</td></tr>\n<tr style=\"background-color:#DDDDFF;\"><td>rec_latera</td><td>1,5 m</td></tr>\n<tr><td>area_min_l</td><td>90 m²</td></tr>\n<tr style=\"background-color:#DDDDFF;\"><td>testada_mi</td><td>5 m</td></tr>\n<tr><td>altura_max</td><td>15 m</td></tr>\n<tr style=\"background-color:#DDDDFF;\"><td>subzona</td><td>ZEIS 3</td></tr>\n<tr><td>area_max_l</td><td>22.500 m²</td></tr>\n<tr style=\"background-color:#DDDDFF;\"><td>testada_ma</td><td>150 m</td></tr>\n<tr><td>indice_a_1</td><td>0,2</td></tr>\n</table>"},"styleUrl":"#21","fill-opacity":0.596078431372549,"fill":"#5e3625","stroke-opacity":0,"stroke":"#232323","stroke-width":0.52,"id":"57","zona":"Zona Especial de Interesse Social","sigla":"ZEIS","zona_sigla":"Zona Especial de Interesse Social - ZEIS 3 / Vazio 4 - Padre Ibiapina","taxa_perm":"25.0","taxa_ocu":"65","to_sub":"Não permitido","indice_apr":"2","rec_frente":"2,5 m","rec_fundo":"2 m","rec_latera":"1,5 m","area_min_l":"90 m²","testada_mi":"5 m","altura_max":"15 m","subzona":"ZEIS 3","area_max_l":"22.500 m²","testada_ma":"150 m","indice_a_1":"0,2"},"id":"7885"},
{"type":"Feature","geometry":{"type":"Polygon","coordinates":[[[-40.37255300955287,-3.697077581282588],[-40.37278347572121,-3.697423738957493],[-40.37305075893794,-3.697827728967059],[-40.37320499703088,-3.698205434572222],[-40.37213502019598,-3.69856591322696],[-40.37157359020298,-3.698755059824633],[-40.37153803996245,-3.698673101744875],[-40.37153075806501,-3.698658182634047],[-40.37148932104731,-3.698516000133143],[-40.37145149968914,-3.698407274295558],[-40.37113792668478,-3.697561873458716],[-40.37113367508692,-3.697544570070861],[-40.37112698065935,-3.697499034213649],[-40.37255300955287,-3.697077581282588]]]},"properties":{"name":"ZEIS","description":{"@type":"html","value":"<table>\n<tr style=\"background-color:#DDDDFF;\"><td>id</td><td>533</td></tr>\n<tr><td>zona</td><td>Zona Especial de Interesse Social</td></tr>\n<tr style=\"background-color:#DDDDFF;\"><td>sigla</td><td>ZEIS</td></tr>\n<tr><td>zona_sigla</td><td>Zona Especial de Interesse Social - ZEIS 3 / Vazio 31 - Padre Palhano</td></tr>\n<tr style=\"background-color:#DDDDFF;\"><td>taxa_perm</td><td>25.0</td></tr>\n<tr><td>taxa_ocu</td><td>65</td></tr>\n<tr style=\"background-color:#DDDDFF;\"><td>to_sub</td><td>Não permitido</td></tr>\n<tr><td>indice_apr</td><td>2</td></tr>\n<tr style=\"background-color:#DDDDFF;\"><td>rec_frente</td><td>2,5 m</td></tr>\n<tr><td>rec_fundo</td><td>2 m</td></tr>\n<tr style=\"background-color:#DDDDFF;\"><td>rec_latera</td><td>1,5 m</td></tr>\n<tr><td>area_min_l</td><td>90 m²</td></tr>\n<tr style=\"background-color:#DDDDFF;\"><td>testada_mi</td><td>5 m</td></tr>\n<tr><td>altura_max</td><td>15 m</td></tr>\n<tr style=\"background-color:#DDDDFF;\"><td>subzona</td><td>ZEIS 3</td></tr>\n<tr><td>area_max_l</td><td>22.500 m²</td></tr>\n<tr style=\"background-color:#DDDDFF;\"><td>testada_ma</td><td>150 m</td></tr>\n<tr><td>indice_a_1</td><td>0,2</td></tr>\n</table>"},"styleUrl":"#21","fill-opacity":0.596078431372549,"fill":"#5e3625","stroke-opacity":0,"stroke":"#232323","stroke-width":0.52,"id":"533","zona":"Zona Especial de Interesse Social","sigla":"ZEIS","zona_sigla":"Zona Especial de Interesse Social - ZEIS 3 / Vazio 31 - Padre Palhano","taxa_perm":"25.0","taxa_ocu":"65","to_sub":"Não permitido","indice_apr":"2","rec_frente":"2,5 m","rec_fundo":"2 m","rec_latera":"1,5 m","area_min_l":"90 m²","testada_mi":"5 m","altura_max":"15 m","subzona":"ZEIS 3","area_max_l":"22.500 m²","testada_ma":"150 m","indice_a_1":"0,2"},"id":"8425"},
{"type":"Feature","geometry":{"type":"Polygon","coordinates":[[[-40.34224610585245,-3.696938630615719],[-40.34234122858639,-3.696968342525348],[-40.342769464305,-3.697235639842427],[-40.34125059873783,-3.700342114459193],[-40.34019080799797,-3.700037749988959],[-40.34033986804791,-3.699734545402036],[-40.34144629231312,-3.69749722229229],[-40.3417439273602,-3.696911414012847],[-40.34180177973436,-3.696786517930957],[-40.34183213604017,-3.696732921255669],[-40.34196807088929,-3.696861162594517],[-40.34202179350907,-3.696904634662148],[-40.34211534516071,-3.696945855711686],[-40.34216665618278,-3.696960769027757],[-40.34218122687525,-3.696962236535903],[-40.34219892546659,-3.69696150420656],[-40.34222610010271,-3.696952721493815],[-40.34224610585245,-3.696938630615719]]]},"properties":{"name":"ZEIS","description":{"@type":"html","value":"<table>\n<tr style=\"background-color:#DDDDFF;\"><td>id</td><td>65</td></tr>\n<tr><td>zona</td><td>Zona Especial de Interesse Social</td></tr>\n<tr style=\"background-color:#DDDDFF;\"><td>sigla</td><td>ZEIS</td></tr>\n<tr><td>zona_sigla</td><td>Zona Especial de Interesse Social - ZEIS 3 / Vazio 13 - Campo Grande</td></tr>\n<tr style=\"background-color:#DDDDFF;\"><td>taxa_perm</td><td>25.0</td></tr>\n<tr><td>taxa_ocu</td><td>65</td></tr>\n<tr style=\"background-color:#DDDDFF;\"><td>to_sub</td><td>Não permitido</td></tr>\n<tr><td>indice_apr</td><td>2</td></tr>\n<tr style=\"background-color:#DDDDFF;\"><td>rec_frente</td><td>2,5 m</td></tr>\n<tr><td>rec_fundo</td><td>2 m</td></tr>\n<tr style=\"background-color:#DDDDFF;\"><td>rec_latera</td><td>1,5 m</td></tr>\n<tr><td>area_min_l</td><td>90 m²</td></tr>\n<tr style=\"background-color:#DDDDFF;\"><td>testada_mi</td><td>5 m</td></tr>\n<tr><td>altura_max</td><td>15 m</td></tr>\n<tr style=\"background-color:#DDDDFF;\"><td>subzona</td><td>ZEIS 3</td></tr>\n<tr><td>area_max_l</td><td>22.500 m²</td></tr>\n<tr style=\"background-color:#DDDDFF;\"><td>testada_ma</td><td>150 m</td></tr>\n<tr><td>indice_a_1</td><td>0,2</td></tr>\n</table>"},"styleUrl":"#21","fill-opacity":0.596078431372549,"fill":"#5e3625","stroke-opacity":0,"stroke":"#232323","stroke-width":0.52,"id":"65","zona":"Zona Especial de Interesse Social","sigla":"ZEIS","zona_sigla":"Zona Especial de Interesse Social - ZEIS 3 / Vazio 13 - Campo Grande","taxa_perm":"25.0","taxa_ocu":"65","to_sub":"Não permitido","indice_apr":"2","rec_frente":"2,5 m","rec_fundo":"2 m","rec_latera":"1,5 m","area_min_l":"90 m²","testada_mi":"5 m","altura_max":"15 m","subzona":"ZEIS 3","area_max_l":"22.500 m²","testada_ma":"150 m","indice_a_1":"0,2"},"id":"9355"},
{"type":"Feature","geometry":{"type":"Polygon","coordinates":[[[-40.37616602151721,-3.661772543115244],[-40.37619510562876,-3.661615484498174],[-40.37619948484,-3.661555052529589],[-40.37625283324796,-3.661230305722628],[-40.37627097154581,-3.661149699052007],[-40.37630616539121,-3.661017531461607],[-40.37633961492868,-3.660915667804176],[-40.37637168686013,-3.660828389360266],[-40.37642382334216,-3.660702888752014],[-40.37661157332153,-3.660753712514232],[-40.37708406815067,-3.660867947825109],[-40.37713126879773,-3.660706258480254],[-40.37718570965514,-3.660544283620881],[-40.37720341816657,-3.66049470861358],[-40.37767489643496,-3.660713036247636],[-40.37783579138153,-3.66078990632463],[-40.37808254117938,-3.660900738401673],[-40.37808248831156,-3.661642333733782],[-40.37805304781315,-3.662968518474643],[-40.37804653657854,-3.66326182926062],[-40.37805166552158,-3.664212252992964],[-40.37794836987594,-3.664069833969025],[-40.37791521169996,-3.664004403397494],[-40.37742669961342,-3.663201088304904],[-40.37715754041782,-3.662862796357849],[-40.37739922470825,-3.662532566761109],[-40.37654133388126,-3.661993393133177],[-40.37632533613766,-3.661857640984311],[-40.37616602151721,-3.661772543115244]]]},"properties":{"name":"ZEIS","description":{"@type":"html","value":"<table>\n<tr style=\"background-color:#DDDDFF;\"><td>id</td><td>52</td></tr>\n<tr><td>zona</td><td>Zona Especial de Interesse Social</td></tr>\n<tr style=\"background-color:#DDDDFF;\"><td>sigla</td><td>ZEIS</td></tr>\n<tr><td>zona_sigla</td><td>Zona Especial de Interesse Social - ZEIS 3 / Vazio 30 - Renato Parente</td></tr>\n<tr style=\"background-color:#DDDDFF;\"><td>taxa_perm</td><td>25.0</td></tr>\n<tr><td>taxa_ocu</td><td>65</td></tr>\n<tr style=\"background-color:#DDDDFF;\"><td>to_sub</td><td>Não permitido</td></tr>\n<tr><td>indice_apr</td><td>2</td></tr>\n<tr style=\"background-color:#DDDDFF;\"><td>rec_frente</td><td>2,5 m</td></tr>\n<tr><td>rec_fundo</td><td>2 m</td></tr>\n<tr style=\"background-color:#DDDDFF;\"><td>rec_latera</td><td>1,5 m</td></tr>\n<tr><td>area_min_l</td><td>90 m²</td></tr>\n<tr style=\"background-color:#DDDDFF;\"><td>testada_mi</td><td>5 m</td></tr>\n<tr><td>altura_max</td><td>15 m</td></tr>\n<tr style=\"background-color:#DDDDFF;\"><td>subzona</td><td>ZEIS 3</td></tr>\n<tr><td>area_max_l</td><td>22.500 m²</td></tr>\n<tr style=\"background-color:#DDDDFF;\"><td>testada_ma</td><td>150 m</td></tr>\n<tr><td>indice_a_1</td><td>0,2</td></tr>\n</table>"},"styleUrl":"#21","fill-opacity":0.596078431372549,"fill":"#5e3625","stroke-opacity":0,"stroke":"#232323","stroke-width":0.52,"id":"52","zona":"Zona Especial de Interesse Social","sigla":"ZEIS","zona_sigla":"Zona Especial de Interesse Social - ZEIS 3 / Vazio 30 - Renato Parente","taxa_perm":"25.0","taxa_ocu":"65","to_sub":"Não permitido","indice_apr":"2","rec_frente":"2,5 m","rec_fundo":"2 m","rec_latera":"1,5 m","area_min_l":"90 m²","testada_mi":"5 m","altura_max":"15 m","subzona":"ZEIS 3","area_max_l":"22.500 m²","testada_ma":"150 m","indice_a_1":"0,2"},"id":"9826"},
{"type":"Feature","geometry":{"type":"Polygon","coordinates":[[[-40.39148603625196,-3.666084131804224],[-40.39147055927739,-3.666087111661601],[-40.39144779340659,-3.666093070389231],[-40.39144779340669,-3.666093070509867],[-40.39133590989518,-3.666130368224078],[-40.39117144090137,-3.666197499044608],[-40.39108670536632,-3.666237357774973],[-40.39107021580757,-3.666246191567156],[-40.39099005575492,-3.666294670759012],[-40.39089718111858,-3.666357668174973],[-40.39086954484058,-3.666376414023153],[-40.3908629576252,-3.666380882169466],[-40.39084422903461,-3.66639168412887],[-40.39077436951032,-3.666424180933021],[-40.3907500412929,-3.666435946039384],[-40.39074521186235,-3.666438371827798],[-40.39072124577419,-3.6664508646055],[-40.3906254254119,-3.666502659597051],[-40.39060212168102,-3.666515707229828],[-40.39059750044112,-3.666518385556757],[-40.39057459177307,-3.666532121193399],[-40.39055772535701,-3.666542201802448],[-40.39095103332089,-3.665647688003157],[-40.39118394180096,-3.665117975757419],[-40.39157159267732,-3.665294544632941],[-40.39176246151206,-3.66538148228382],[-40.39176526566796,-3.665382910809773],[-40.39176793522557,-3.665384579435133],[-40.39177044986792,-3.66538647546065],[-40.3917727904571,-3.66538858445644],[-40.39177493917978,-3.665390890371756],[-40.3917768796829,-3.665393375657202],[-40.39177859719807,-3.665396021398232],[-40.39178007865394,-3.665398807459195],[-40.39178131277576,-3.66540171263648],[-40.3917822901711,-3.665404714819917],[-40.39178300340139,-3.665407791161087],[-40.39178344703852,-3.665410918247196],[-40.39178361770614,-3.665414072279201],[-40.39178351410536,-3.665417229253046],[-40.39178313702465,-3.665420365142231],[-40.39178248933381,-3.665423456080756],[-40.39178157596216,-3.665426478544715],[-40.39178040386099,-3.665429409531362],[-40.39148603625196,-3.666084131804224]]]},"properties":{"name":"ZEIS","description":{"@type":"html","value":"<table>\n<tr style=\"background-color:#DDDDFF;\"><td>id</td><td>51</td></tr>\n<tr><td>zona</td><td>Zona Especial de Interesse Social</td></tr>\n<tr style=\"background-color:#DDDDFF;\"><td>sigla</td><td>ZEIS</td></tr>\n<tr><td>zona_sigla</td><td>Zona Especial de Interesse Social - ZEIS 3/ Vazio 22 - Rosário de Fátima I</td></tr>\n<tr style=\"background-color:#DDDDFF;\"><td>taxa_perm</td><td>25.0</td></tr>\n<tr><td>taxa_ocu</td><td>65</td></tr>\n<tr style=\"background-color:#DDDDFF;\"><td>to_sub</td><td>Não permitido</td></tr>\n<tr><td>indice_apr</td><td>2</td></tr>\n<tr style=\"background-color:#DDDDFF;\"><td>rec_frente</td><td>2,5 m</td></tr>\n<tr><td>rec_fundo</td><td>2 m</td></tr>\n<tr style=\"background-color:#DDDDFF;\"><td>rec_latera</td><td>1,5 m</td></tr>\n<tr><td>area_min_l</td><td>90 m²</td></tr>\n<tr style=\"background-color:#DDDDFF;\"><td>testada_mi</td><td>5 m</td></tr>\n<tr><td>altura_max</td><td>15 m</td></tr>\n<tr style=\"background-color:#DDDDFF;\"><td>subzona</td><td>ZEIS 3</td></tr>\n<tr><td>area_max_l</td><td>22.500 m²</td></tr>\n<tr style=\"background-color:#DDDDFF;\"><td>testada_ma</td><td>150 m</td></tr>\n<tr><td>indice_a_1</td><td>0,2</td></tr>\n</table>"},"styleUrl":"#21","fill-opacity":0.596078431372549,"fill":"#5e3625","stroke-opacity":0,"stroke":"#232323","stroke-width":0.52,"id":"51","zona":"Zona Especial de Interesse Social","sigla":"ZEIS","zona_sigla":"Zona Especial de Interesse Social - ZEIS 3/ Vazio 22 - Rosário de Fátima I","taxa_perm":"25.0","taxa_ocu":"65","to_sub":"Não permitido","indice_apr":"2","rec_frente":"2,5 m","rec_fundo":"2 m","rec_latera":"1,5 m","area_min_l":"90 m²","testada_mi":"5 m","altura_max":"15 m","subzona":"ZEIS 3","area_max_l":"22.500 m²","testada_ma":"150 m","indice_a_1":"0,2"},"id":"10231"},
{"type":"Feature","geometry":{"type":"Polygon","coordinates":[[[-40.33540258619605,-3.680433136959983],[-40.33326210061402,-3.681148583438361],[-40.3331656832007,-3.681016770501218],[-40.33311018463463,-3.680955753543913],[-40.33300776428874,-3.680859429653245],[-40.3329859221583,-3.680841886200285],[-40.33294242001019,-3.680806945561678],[-40.33295343892679,-3.680803352355825],[-40.33296540870742,-3.680798308366544],[-40.3329963709056,-3.680787937609023],[-40.33301489149253,-3.68078013154822],[-40.33306381927827,-3.680762879003733],[-40.33308217993403,-3.680754682459814],[-40.33312668218632,-3.680724871038874],[-40.33311095146637,-3.680715057856729],[-40.33308389897481,-3.680690179971808],[-40.33306208686395,-3.680645840417376],[-40.33288917527442,-3.680223777146875],[-40.33265015592364,-3.679657733965753],[-40.33269474726474,-3.679643519752407],[-40.33410437321005,-3.679654606632122],[-40.33530828827936,-3.679664073794115],[-40.3353672114397,-3.679936530731536],[-40.3352570153833,-3.679973788522833],[-40.33526971792076,-3.680012721338],[-40.33528294533621,-3.680052876448717],[-40.33540258619605,-3.680433136959983]]]},"properties":{"name":"ZEIS","description":{"@type":"html","value":"<table>\n<tr style=\"background-color:#DDDDFF;\"><td>id</td><td>151</td></tr>\n<tr><td>zona</td><td>Zona Especial de Interesse Social</td></tr>\n<tr style=\"background-color:#DDDDFF;\"><td>sigla</td><td>ZEIS</td></tr>\n<tr><td>zona_sigla</td><td>Zona Especial de Interesse Social - ZEIS 3 / Vazio 9 - Derby</td></tr>\n<tr style=\"background-color:#DDDDFF;\"><td>taxa_perm</td><td>25.0</td></tr>\n<tr><td>taxa_ocu</td><td>65</td></tr>\n<tr style=\"background-color:#DDDDFF;\"><td>to_sub</td><td>Não permitido</td></tr>\n<tr><td>indice_apr</td><td>2</td></tr>\n<tr style=\"background-color:#DDDDFF;\"><td>rec_frente</td><td>2,5 m</td></tr>\n<tr><td>rec_fundo</td><td>2 m</td></tr>\n<tr style=\"background-color:#DDDDFF;\"><td>rec_latera</td><td>1,5 m</td></tr>\n<tr><td>area_min_l</td><td>90 m²</td></tr>\n<tr style=\"background-color:#DDDDFF;\"><td>testada_mi</td><td>5 m</td></tr>\n<tr><td>altura_max</td><td>15 m</td></tr>\n<tr style=\"background-color:#DDDDFF;\"><td>subzona</td><td>ZEIS 3</td></tr>\n<tr><td>area_max_l</td><td>22.500 m²</td></tr>\n<tr style=\"background-color:#DDDDFF;\"><td>testada_ma</td><td>150 m</td></tr>\n<tr><td>indice_a_1</td><td>0,2</td></tr>\n</table>"},"styleUrl":"#21","fill-opacity":0.596078431372549,"fill":"#5e3625","stroke-opacity":0,"stroke":"#232323","stroke-width":0.52,"id":"151","zona":"Zona Especial de Interesse Social","sigla":"ZEIS","zona_sigla":"Zona Especial de Interesse Social - ZEIS 3 / Vazio 9 - Derby","taxa_perm":"25.0","taxa_ocu":"65","to_sub":"Não permitido","indice_apr":"2","rec_frente":"2,5 m","rec_fundo":"2 m","rec_latera":"1,5 m","area_min_l":"90 m²","testada_mi":"5 m","altura_max":"15 m","subzona":"ZEIS 3","area_max_l":"22.500 m²","testada_ma":"150 m","indice_a_1":"0,2"},"id":"10258"},
{"type":"Feature","geometry":{"type":"Polygon","coordinates":[[[-40.36987433625274,-3.673638889787094],[-40.36984444556192,-3.673658480056133],[-40.36980653982354,-3.673631020036057],[-40.3695675325241,-3.673473854133361],[-40.36949701753561,-3.673433272069078],[-40.36940670477746,-3.673372447524923],[-40.36929351413589,-3.673288789498184],[-40.36902102645067,-3.673073710473526],[-40.36926846175733,-3.672633715095103],[-40.36929682766581,-3.672570952432798],[-40.36933301436859,-3.672505421923807],[-40.36936342021127,-3.672462127729749],[-40.369446474566,-3.67232391557436],[-40.36959970106921,-3.672072903772766],[-40.36966532045182,-3.671973576244278],[-40.36971451744358,-3.671905589172722],[-40.36978372064636,-3.671823934236703],[-40.36991188851627,-3.671697296902896],[-40.36998175624122,-3.671638783647317],[-40.37008784467159,-3.671557771081303],[-40.37017513005784,-3.671498391701999],[-40.37021289897788,-3.671475637438258],[-40.37022700723047,-3.671467137779756],[-40.37029326759883,-3.671431963357298],[-40.37034073402099,-3.671496852575322],[-40.3709668998485,-3.672231976135519],[-40.37120896269065,-3.672516159232297],[-40.37121045911839,-3.672518306144905],[-40.37121273847694,-3.67252301666942],[-40.3712134964345,-3.672525528671629],[-40.37121398789547,-3.672528108820283],[-40.37121420747526,-3.672530728846655],[-40.37121415276812,-3.672533360044994],[-40.37121382437341,-3.672535973587289],[-40.37121322588912,-3.672538540838814],[-40.37120988980338,-3.672545687950199],[-40.37102276978093,-3.672731255433176],[-40.37057528571773,-3.673109926804594],[-40.3701333166215,-3.673471412736269],[-40.36987433625274,-3.673638889787094]]]},"properties":{"name":"ZEIS","description":{"@type":"html","value":"<table>\n<tr style=\"background-color:#DDDDFF;\"><td>id</td><td>53</td></tr>\n<tr><td>zona</td><td>Zona Especial de Interesse Social</td></tr>\n<tr style=\"background-color:#DDDDFF;\"><td>sigla</td><td>ZEIS</td></tr>\n<tr><td>zona_sigla</td><td>Zona Especial de Interesse Social - ZEIS 3 / Vazio 19 - José Euclides</td></tr>\n<tr style=\"background-color:#DDDDFF;\"><td>taxa_perm</td><td>25.0</td></tr>\n<tr><td>taxa_ocu</td><td>65</td></tr>\n<tr style=\"background-color:#DDDDFF;\"><td>to_sub</td><td>Não permitido</td></tr>\n<tr><td>indice_apr</td><td>2</td></tr>\n<tr style=\"background-color:#DDDDFF;\"><td>rec_frente</td><td>2,5 m</td></tr>\n<tr><td>rec_fundo</td><td>2 m</td></tr>\n<tr style=\"background-color:#DDDDFF;\"><td>rec_latera</td><td>1,5 m</td></tr>\n<tr><td>area_min_l</td><td>90 m²</td></tr>\n<tr style=\"background-color:#DDDDFF;\"><td>testada_mi</td><td>5 m</td></tr>\n<tr><td>altura_max</td><td>15 m</td></tr>\n<tr style=\"background-color:#DDDDFF;\"><td>subzona</td><td>ZEIS 3</td></tr>\n<tr><td>area_max_l</td><td>22.500 m²</td></tr>\n<tr style=\"background-color:#DDDDFF;\"><td>testada_ma</td><td>150 m</td></tr>\n<tr><td>indice_a_1</td><td>0,2</td></tr>\n</table>"},"styleUrl":"#21","fill-opacity":0.596078431372549,"fill":"#5e3625","stroke-opacity":0,"stroke":"#232323","stroke-width":0.52,"id":"53","zona":"Zona Especial de Interesse Social","sigla":"ZEIS","zona_sigla":"Zona Especial de Interesse Social - ZEIS 3 / Vazio 19 - José Euclides","taxa_perm":"25.0","taxa_ocu":"65","to_sub":"Não permitido","indice_apr":"2","rec_frente":"2,5 m","rec_fundo":"2 m","rec_latera":"1,5 m","area_min_l":"90 m²","testada_mi":"5 m","altura_max":"15 m","subzona":"ZEIS 3","area_max_l":"22.500 m²","testada_ma":"150 m","indice_a_1":"0,2"},"id":"10339"},
{"type":"Feature","geometry":{"type":"Polygon","coordinates":[[[-40.36916970314376,-3.684066562204396],[-40.36894100295345,-3.684180784434921],[-40.36871308206262,-3.684301318390143],[-40.36851420759623,-3.684398471248808],[-40.36844536392446,-3.68443719684936],[-40.36821834512377,-3.684553140224779],[-40.36814277140883,-3.68458735272141],[-40.36810891947734,-3.684602677611836],[-40.36804367509959,-3.684634374695066],[-40.36786747833515,-3.684732213331765],[-40.3677086378869,-3.684813613287337],[-40.36743570045667,-3.684961250040453],[-40.3673636785023,-3.684997470677096],[-40.36724305846221,-3.685053869120242],[-40.36702601763319,-3.685161203023185],[-40.36696072589253,-3.685188107464279],[-40.36692958272442,-3.685203911644121],[-40.36685848434117,-3.685235379824744],[-40.36671005443243,-3.685307974309848],[-40.36659536993508,-3.685369208619341],[-40.36652709791623,-3.685408051729408],[-40.36652126785577,-3.685411002716858],[-40.36647844805805,-3.685432676707759],[-40.36642590607666,-3.685462442168442],[-40.36638853821713,-3.685480469986304],[-40.36628775905412,-3.685533335803598],[-40.36621667001447,-3.68557332825546],[-40.36619373743142,-3.685583930113522],[-40.36616315593501,-3.685601648813024],[-40.36613460691301,-3.685618189910109],[-40.36594065916907,-3.685310143349686],[-40.36583468903174,-3.685129307824914],[-40.36580584868097,-3.685064069784403],[-40.36577377643591,-3.684991521050258],[-40.36573510305505,-3.684883152125311],[-40.36569070233607,-3.684743599778332],[-40.36566625853539,-3.684677083481402],[-40.36565661143574,-3.684611081643987],[-40.36564868666265,-3.684517404991815],[-40.3656441296853,-3.6843652383548],[-40.36569471357678,-3.684352438133719],[-40.36598242585174,-3.684287538706053],[-40.36602634853496,-3.684213886970799],[-40.36620110904088,-3.684171921190164],[-40.3663978922724,-3.684149575074774],[-40.36663252526326,-3.684077535138316],[-40.36669865088693,-3.684057808482196],[-40.366829754253,-3.684020125325994],[-40.36693294953998,-3.683988936460603],[-40.36697594089321,-3.683991166672927],[-40.36702218656674,-3.683993565703449],[-40.36715627334,-3.684000521545873],[-40.36733926170445,-3.683985155531239],[-40.36747107864856,-3.683963602401063],[-40.36771147514366,-3.683924295591292],[-40.36802150435744,-3.683832484814149],[-40.36810538809473,-3.683807646330434],[-40.36808028018186,-3.683779932482087],[-40.36810467483484,-3.683771763993648],[-40.36811894140951,-3.683765902055192],[-40.36828596477607,-3.683724978391976],[-40.36846463304067,-3.683671076176145],[-40.3685246091551,-3.683649303321583],[-40.36867713103307,-3.683976022028321],[-40.36903316219941,-3.68379951266291],[-40.36916970314376,-3.684066562204396]]]},"properties":{"name":"ZEIS","description":{"@type":"html","value":"<table>\n<tr style=\"background-color:#DDDDFF;\"><td>id</td><td>56</td></tr>\n<tr><td>zona</td><td>Zona Especial de Interesse Social</td></tr>\n<tr style=\"background-color:#DDDDFF;\"><td>sigla</td><td>ZEIS</td></tr>\n<tr><td>zona_sigla</td><td>Zona Especial de Interesse Social - ZEIS 3 / Vazio 3 - Domingos Olímpio</td></tr>\n<tr style=\"background-color:#DDDDFF;\"><td>taxa_perm</td><td>25.0</td></tr>\n<tr><td>taxa_ocu</td><td>65</td></tr>\n<tr style=\"background-color:#DDDDFF;\"><td>to_sub</td><td>Não permitido</td></tr>\n<tr><td>indice_apr</td><td>2</td></tr>\n<tr style=\"background-color:#DDDDFF;\"><td>rec_frente</td><td>2,5 m</td></tr>\n<tr><td>rec_fundo</td><td>2 m</td></tr>\n<tr style=\"background-color:#DDDDFF;\"><td>rec_latera</td><td>1,5 m</td></tr>\n<tr><td>area_min_l</td><td>90 m²</td></tr>\n<tr style=\"background-color:#DDDDFF;\"><td>testada_mi</td><td>5 m</td></tr>\n<tr><td>altura_max</td><td>15 m</td></tr>\n<tr style=\"background-color:#DDDDFF;\"><td>subzona</td><td>ZEIS 3</td></tr>\n<tr><td>area_max_l</td><td>22.500 m²</td></tr>\n<tr style=\"background-color:#DDDDFF;\"><td>testada_ma</td><td>150 m</td></tr>\n<tr><td>indice_a_1</td><td>0,2</td></tr>\n</table>"},"styleUrl":"#21","fill-opacity":0.596078431372549,"fill":"#5e3625","stroke-opacity":0,"stroke":"#232323","stroke-width":0.52,"id":"56","zona":"Zona Especial de Interesse Social","sigla":"ZEIS","zona_sigla":"Zona Especial de Interesse Social - ZEIS 3 / Vazio 3 - Domingos Olímpio","taxa_perm":"25.0","taxa_ocu":"65","to_sub":"Não permitido","indice_apr":"2","rec_frente":"2,5 m","rec_fundo":"2 m","rec_latera":"1,5 m","area_min_l":"90 m²","testada_mi":"5 m","altura_max":"15 m","subzona":"ZEIS 3","area_max_l":"22.500 m²","testada_ma":"150 m","indice_a_1":"0,2"},"id":"10366"},
{"type":"Feature","geometry":{"type":"Polygon","coordinates":[[[-40.33231513811105,-3.702684345786109],[-40.33234821954664,-3.702603019342647],[-40.33241304360752,-3.702417447020195],[-40.33245240694418,-3.702312989759737],[-40.33246322194198,-3.702276666134465],[-40.33251198218794,-3.702161103435873],[-40.3325968849941,-3.701936746698597],[-40.3326310272414,-3.701848858979961],[-40.33267676871337,-3.701720017197079],[-40.33283712139221,-3.70124836276922],[-40.33300666774701,-3.701299922814894],[-40.33331766085845,-3.701402744226371],[-40.33349456906797,-3.701460456436354],[-40.33362510695414,-3.701093755137336],[-40.33388390513803,-3.700352277154108],[-40.33390285380398,-3.700301554805542],[-40.33399395688282,-3.699979252622538],[-40.33405864593683,-3.700125214611565],[-40.3340803333187,-3.700175445770867],[-40.33413375302304,-3.700731811137102],[-40.33414342442027,-3.700843636290739],[-40.33331044369001,-3.703059179599184],[-40.33321771859907,-3.703023960706153],[-40.3326829995752,-3.702821763468944],[-40.33231513811105,-3.702684345786109]]]},"properties":{"name":"ZEIS","description":{"@type":"html","value":"<table>\n<tr style=\"background-color:#DDDDFF;\"><td>id</td><td>21</td></tr>\n<tr><td>zona</td><td>Zona Especial de Interesse Social</td></tr>\n<tr style=\"background-color:#DDDDFF;\"><td>sigla</td><td>ZEIS</td></tr>\n<tr><td>zona_sigla</td><td>Zona Especial de Interesse Social - ZEIS 1 / Ocupação</td></tr>\n<tr style=\"background-color:#DDDDFF;\"><td>taxa_perm</td><td>15.0</td></tr>\n<tr><td>taxa_ocu</td><td>80</td></tr>\n<tr style=\"background-color:#DDDDFF;\"><td>to_sub</td><td>Não permitido</td></tr>\n<tr><td>indice_apr</td><td>1,5</td></tr>\n<tr style=\"background-color:#DDDDFF;\"><td>rec_frente</td><td>1,5 m</td></tr>\n<tr><td>rec_fundo</td><td>1,5 m</td></tr>\n<tr style=\"background-color:#DDDDFF;\"><td>rec_latera</td><td>0,00 m</td></tr>\n<tr><td>area_min_l</td><td>90 m²</td></tr>\n<tr style=\"background-color:#DDDDFF;\"><td>testada_mi</td><td>5 m</td></tr>\n<tr><td>altura_max</td><td>9 m</td></tr>\n<tr style=\"background-color:#DDDDFF;\"><td>subzona</td><td>ZEIS 1</td></tr>\n<tr><td>area_max_l</td><td>22.500 m²</td></tr>\n<tr style=\"background-color:#DDDDFF;\"><td>testada_ma</td><td>150 m</td></tr>\n<tr><td>indice_a_1</td><td>-</td></tr>\n</table>"},"styleUrl":"#21","fill-opacity":0.596078431372549,"fill":"#5e3625","stroke-opacity":0,"stroke":"#232323","stroke-width":0.52,"id":"21","zona":"Zona Especial de Interesse Social","sigla":"ZEIS","zona_sigla":"Zona Especial de Interesse Social - ZEIS 1 / Ocupação","taxa_perm":"15.0","taxa_ocu":"80","to_sub":"Não permitido","indice_apr":"1,5","rec_frente":"1,5 m","rec_fundo":"1,5 m","rec_latera":"0,00 m","area_min_l":"90 m²","testada_mi":"5 m","altura_max":"9 m","subzona":"ZEIS 1","area_max_l":"22.500 m²","testada_ma":"150 m","indice_a_1":"-"},"id":"10447"},
{"type":"Feature","geometry":{"type":"Polygon","coordinates":[[[-40.32967868489815,-3.705690438964934],[-40.32974047868354,-3.705782896337944],[-40.32922861594288,-3.706131307290145],[-40.32920537685542,-3.706139549342439],[-40.32918279425023,-3.70614128438288],[-40.32915609244915,-3.706141480862458],[-40.32914208274296,-3.706139013827629],[-40.3291320210061,-3.706136036160982],[-40.32911392430292,-3.706127190767904],[-40.32893953244425,-3.706034073506971],[-40.32887997470073,-3.705994288713831],[-40.32881795478293,-3.7059552085725],[-40.32867608451432,-3.705865025129295],[-40.32857004999493,-3.705792974382118],[-40.32848212876224,-3.70572398594524],[-40.32847907490571,-3.705721434476357],[-40.3284550372732,-3.70570135125559],[-40.32845109493292,-3.705698247070419],[-40.32842715633555,-3.705679397900173],[-40.32835142224018,-3.705615646855433],[-40.32831222803487,-3.705584599995118],[-40.32824419675173,-3.705526148273413],[-40.32816192085766,-3.70544615319791],[-40.32812783756798,-3.705413014744181],[-40.32817449064959,-3.70539025727605],[-40.32811343965585,-3.705304784509762],[-40.32811163844639,-3.705248386387486],[-40.32804675995506,-3.705181910198457],[-40.32792520016746,-3.705053433583937],[-40.32776561956701,-3.704893597276283],[-40.32748290880203,-3.704550681038228],[-40.32725013582134,-3.704241350477181],[-40.32712026323586,-3.704030603856638],[-40.32711647454867,-3.703986476316589],[-40.32712166214774,-3.703970012055944],[-40.32714283888363,-3.703940433388722],[-40.32720754892924,-3.703893958795631],[-40.32742627604547,-3.703771702494242],[-40.32789573504575,-3.703518913423276],[-40.32813965323503,-3.703388767415597],[-40.32816040741671,-3.703422653911851],[-40.3284570843951,-3.70386752829511],[-40.32883028229723,-3.704427886895942],[-40.32897796358522,-3.704645280745252],[-40.32906209355257,-3.704778236700439],[-40.32908598807015,-3.704823816672462],[-40.32911367455314,-3.70486751238817],[-40.32915790113196,-3.704918874635852],[-40.32967868489815,-3.705690438964934]]]},"properties":{"name":"ZEIS","description":{"@type":"html","value":"<table>\n<tr style=\"background-color:#DDDDFF;\"><td>id</td><td>23</td></tr>\n<tr><td>zona</td><td>Zona Especial de Interesse Social</td></tr>\n<tr style=\"background-color:#DDDDFF;\"><td>sigla</td><td>ZEIS</td></tr>\n<tr><td>zona_sigla</td><td>Zona Especial de Interesse Social - ZEIS 2 / Conjunto</td></tr>\n<tr style=\"background-color:#DDDDFF;\"><td>taxa_perm</td><td>25.0</td></tr>\n<tr><td>taxa_ocu</td><td>70</td></tr>\n<tr style=\"background-color:#DDDDFF;\"><td>to_sub</td><td>Não permitido</td></tr>\n<tr><td>indice_apr</td><td>1,5</td></tr>\n<tr style=\"background-color:#DDDDFF;\"><td>rec_frente</td><td>1,5 m</td></tr>\n<tr><td>rec_fundo</td><td>2 m</td></tr>\n<tr style=\"background-color:#DDDDFF;\"><td>rec_latera</td><td>1,5 m</td></tr>\n<tr><td>area_min_l</td><td>90 m²</td></tr>\n<tr style=\"background-color:#DDDDFF;\"><td>testada_mi</td><td>5 m</td></tr>\n<tr><td>altura_max</td><td>15 m</td></tr>\n<tr style=\"background-color:#DDDDFF;\"><td>subzona</td><td>ZEIS 2</td></tr>\n<tr><td>area_max_l</td><td>22.500 m²</td></tr>\n<tr style=\"background-color:#DDDDFF;\"><td>testada_ma</td><td>150 m</td></tr>\n<tr><td>indice_a_1</td><td>-</td></tr>\n</table>"},"styleUrl":"#21","fill-opacity":0.596078431372549,"fill":"#5e3625","stroke-opacity":0,"stroke":"#232323","stroke-width":0.52,"id":"23","zona":"Zona Especial de Interesse Social","sigla":"ZEIS","zona_sigla":"Zona Especial de Interesse Social - ZEIS 2 / Conjunto","taxa_perm":"25.0","taxa_ocu":"70","to_sub":"Não permitido","indice_apr":"1,5","rec_frente":"1,5 m","rec_fundo":"2 m","rec_latera":"1,5 m","area_min_l":"90 m²","testada_mi":"5 m","altura_max":"15 m","subzona":"ZEIS 2","area_max_l":"22.500 m²","testada_ma":"150 m","indice_a_1":"-"},"id":"10474"},
{"type":"Feature","geometry":{"type":"Polygon","coordinates":[[[-40.3797968995456,-3.671847831531725],[-40.37928997021447,-3.672118219011964],[-40.37913547701015,-3.67245932295959],[-40.37911552959329,-3.672754290903336],[-40.37920855568539,-3.673164906603104],[-40.37938287906935,-3.673397554420141],[-40.37933488788715,-3.673600359059682],[-40.3793635700948,-3.673958297899421],[-40.37943904466481,-3.674133508244416],[-40.37944242309762,-3.674208116635641],[-40.37945640593613,-3.674516909156302],[-40.37938841925492,-3.674733750223815],[-40.37935644102043,-3.674950964324645],[-40.3793570043056,-3.675111318592593],[-40.37941571824229,-3.675528790507125],[-40.37903396404489,-3.676407036634932],[-40.37900079170634,-3.676452300570365],[-40.37901046600817,-3.676500148958512],[-40.37902677717428,-3.676551464688484],[-40.37903508841045,-3.676631854314538],[-40.3790003452824,-3.676647787207798],[-40.3789566778506,-3.676663799132342],[-40.37891386923206,-3.676677394295131],[-40.37887447577381,-3.676688437514735],[-40.37885981444833,-3.676690400854046],[-40.37883140312924,-3.676694205492964],[-40.37880879369543,-3.676701022767274],[-40.37877941255926,-3.676705750030372],[-40.37876303913453,-3.676709562775129],[-40.37873178167064,-3.67671684144283],[-40.37869874962843,-3.676724533340728],[-40.37868740502063,-3.676728306407884],[-40.37862022410525,-3.676757859439043],[-40.37859317948465,-3.676766696181345],[-40.37856068641748,-3.676773475240218],[-40.37853050935485,-3.676774662553266],[-40.37850650570931,-3.676772808229731],[-40.37847750352731,-3.676768346890212],[-40.37843732885751,-3.676760096377452],[-40.37842061196619,-3.67675348581708],[-40.378406826707,-3.676743548397329],[-40.37837907294207,-3.67671949244841],[-40.37835251352882,-3.676703169543211],[-40.37830711928493,-3.67667203001942],[-40.37828169599507,-3.676651990546787],[-40.37825825381613,-3.676636181778765],[-40.37825038976254,-3.676629250084396],[-40.37823410157788,-3.676609637639092],[-40.37822633839429,-3.676603908417065],[-40.37821818324749,-3.676601161024915],[-40.37818250238264,-3.676592725059278],[-40.37817395294761,-3.676593115821688],[-40.37815855097615,-3.676598982388266],[-40.3781456296746,-3.676600448778669],[-40.37812648447547,-3.676597601832114],[-40.37806509967484,-3.676592595576259],[-40.37805570385967,-3.676595532382254],[-40.37803523366974,-3.676611628486097],[-40.37801280992324,-3.676624304961897],[-40.37797297247297,-3.676639796021941],[-40.37793501163343,-3.676647233135438],[-40.37791813313475,-3.676649089541829],[-40.37788290735264,-3.676650759413695],[-40.37784918402397,-3.676647277599995],[-40.37783012583911,-3.676642023206076],[-40.37779875208982,-3.67662679289656],[-40.37773122229282,-3.676586907263472],[-40.37771822228135,-3.67657738293196],[-40.37769889712125,-3.676559943130515],[-40.3776684708843,-3.676536481709481],[-40.37764549469156,-3.676514340066123],[-40.37763210961875,-3.67649632698066],[-40.3776199641629,-3.676469123269135],[-40.3776133351504,-3.676459729981405],[-40.37760469460338,-3.676460085588929],[-40.37758154057114,-3.676471962064942],[-40.37755760974314,-3.67647888643667],[-40.37752000372819,-3.67648384385225],[-40.37747620635702,-3.676486136285269],[-40.37747287118619,-3.676487883032233],[-40.37747256775064,-3.676490606999691],[-40.37747467749079,-3.676495767327986],[-40.37748087054878,-3.676505548690149],[-40.37748478086925,-3.676515145931294],[-40.37748808055512,-3.676537355404401],[-40.37749799057791,-3.676580982406544],[-40.37750696882851,-3.676613791082894],[-40.37751432709214,-3.67663204208871],[-40.37753022133931,-3.676655758225559],[-40.37757655647123,-3.67671016843637],[-40.37761338082148,-3.676772510226387],[-40.37764774390139,-3.676840058742713],[-40.37766326986397,-3.676875694078159],[-40.37767167138399,-3.676906785412865],[-40.37767299664775,-3.676939441275462],[-40.377675150863,-3.676948938169711],[-40.37768097389868,-3.676958430250846],[-40.37770709095028,-3.676987620436214],[-40.37773673038051,-3.677029343920251],[-40.3777500061068,-3.677051920052793],[-40.37776868131463,-3.677096536569289],[-40.37778554790264,-3.677152538220397],[-40.3777936648908,-3.677184480124938],[-40.37780385597807,-3.677246034491317],[-40.37781220691696,-3.677392785359616],[-40.37781978015555,-3.677482541607939],[-40.37782215206155,-3.67759077686024],[-40.37782469574131,-3.677598962106641],[-40.37783244848208,-3.677612769915364],[-40.37787149551045,-3.677663756980215],[-40.37788381320352,-3.677679841249904],[-40.37789591900595,-3.677698712980955],[-40.37790508355136,-3.67772539642118],[-40.37791638056719,-3.677770541000249],[-40.37791833044882,-3.677789488509336],[-40.37792012558866,-3.677867534312885],[-40.37792008169351,-3.677871565137121],[-40.37791953918179,-3.677921383213377],[-40.37791794422048,-3.677942993943072],[-40.37791298133563,-3.677964403932293],[-40.37789984924552,-3.678005776896515],[-40.37788497421855,-3.678052641023118],[-40.37786903246941,-3.678102865881101],[-40.37785613219194,-3.678151403319776],[-40.37784914306204,-3.678184441835347],[-40.3778407473575,-3.678207422223132],[-40.37784070666283,-3.678238960890849],[-40.37783289536872,-3.678264431186872],[-40.37783195312828,-3.678274808908609],[-40.37783407016613,-3.678282207224537],[-40.37784997271231,-3.678309154383487],[-40.37785216402674,-3.678316920146214],[-40.37785104853934,-3.678332298725237],[-40.37784405844474,-3.678352924389818],[-40.3778411124236,-3.67835816852815],[-40.37783346777483,-3.678364566902764],[-40.37780536800901,-3.678376892012646],[-40.37779074635117,-3.678378980948152],[-40.37776831377059,-3.678377751357416],[-40.37775453214478,-3.678378457044599],[-40.37774658578007,-3.678380229805037],[-40.37774404233856,-3.678381502817762],[-40.37774781302168,-3.678383149910627],[-40.37796773275065,-3.678480688915377],[-40.37765058100857,-3.67889452652152],[-40.37761141359496,-3.678946849741497],[-40.37742158548102,-3.679116216800409],[-40.37739520338691,-3.679198954127363],[-40.37698630796355,-3.679660764366319],[-40.37623589037527,-3.679116686813193],[-40.37627667045894,-3.679073375457849],[-40.37635044619866,-3.67898037859884],[-40.37651101459602,-3.678785078900052],[-40.37644897818071,-3.678717873391825],[-40.37635059008566,-3.678600696347448],[-40.37627408266228,-3.678495167965359],[-40.37621105668847,-3.678400243073982],[-40.37614043270433,-3.678285464960874],[-40.37610425051248,-3.678252653869542],[-40.37603620649353,-3.678178240228354],[-40.37602564496658,-3.678164936987089],[-40.37594016941319,-3.678040726884919],[-40.37576205795534,-3.677768965234265],[-40.37559320102371,-3.677548716581494],[-40.37556038019434,-3.67750282304091],[-40.37555474194178,-3.67749229239942],[-40.37554778010963,-3.677469885878222],[-40.37554768062351,-3.677449621290943],[-40.3755525881886,-3.677425127964257],[-40.37556614170914,-3.67739351150662],[-40.37564959272272,-3.677292415024137],[-40.37569428437504,-3.677247317736496],[-40.37573551682274,-3.6771949053153],[-40.37577262328988,-3.677154172803195],[-40.37578466412267,-3.677138249705852],[-40.37588316945962,-3.677029110311519],[-40.37590602359386,-3.676999890682302],[-40.37594531639704,-3.676958915110495],[-40.37594531639658,-3.676958915110058],[-40.37589947693112,-3.676923563002736],[-40.37583181353676,-3.676887097839654],[-40.37576424603085,-3.676853279798159],[-40.3757439719592,-3.676844283111396],[-40.3757212434267,-3.676836225406024],[-40.37569313589158,-3.676823490151609],[-40.37565368721765,-3.676809186065894],[-40.37556162942851,-3.676772035973697],[-40.3754448574972,-3.676727643407712],[-40.37536118442754,-3.676693246076705],[-40.37518615328143,-3.676624172945753],[-40.3750938891275,-3.676585698114077],[-40.37507573553363,-3.676576939611903],[-40.37506779537065,-3.676571717931644],[-40.37506320212962,-3.676565756675344],[-40.37506196178433,-3.676559429365037],[-40.37506254973986,-3.676553023255031],[-40.37506701581648,-3.676539445318303],[-40.37508540648744,-3.676494348938895],[-40.37513050752969,-3.676396212334852],[-40.37514148816467,-3.676369905270941],[-40.37518511384947,-3.676282456835859],[-40.37508917160089,-3.67628355666041],[-40.37504362114813,-3.676281679847472],[-40.37497734552107,-3.676284264089881],[-40.37491649511107,-3.676291140522988],[-40.37464193007953,-3.676319768858065],[-40.37450419599282,-3.676331389385004],[-40.37445279396382,-3.676332520690278],[-40.37427510944365,-3.676365490597562],[-40.37408307016777,-3.676394845925246],[-40.37401675386343,-3.676407931549532],[-40.37383365800491,-3.676433954641223],[-40.37365589535481,-3.676461813602447],[-40.37354835925267,-3.676470391857988],[-40.37372613281652,-3.676681388596523],[-40.37395655331299,-3.676941047496968],[-40.37432242144185,-3.677390637016345],[-40.37453421871528,-3.67765972510941],[-40.37463040372332,-3.677778767216917],[-40.37466375718184,-3.677828575276449],[-40.37475042167988,-3.677996172148855],[-40.37480761721487,-3.67811681114901],[-40.37488178739389,-3.678256996736455],[-40.37492989771766,-3.678347948795465],[-40.37504208720679,-3.678635364024859],[-40.37508497656333,-3.678746776318348],[-40.37513141281386,-3.678867402212336],[-40.37590797131407,-3.679351962999609],[-40.37620625177192,-3.679733113123148],[-40.37617383333758,-3.679754336923081],[-40.37616175815736,-3.679768788735683],[-40.37614719761299,-3.67978621508025],[-40.37613304146691,-3.679799154336661],[-40.37611656174991,-3.679809453731573],[-40.37608844900092,-3.679821583971986],[-40.37606446814718,-3.67982672611975],[-40.37603326044366,-3.67982796696125],[-40.37593476624014,-3.679820632799661],[-40.37592632982634,-3.679822207297837],[-40.37591236010182,-3.679830282281048],[-40.37590443056303,-3.679832526401622],[-40.37589503431639,-3.679830930268233],[-40.3758862478635,-3.679826349921502],[-40.37586730675075,-3.679811476036771],[-40.37583559217452,-3.679779216551522],[-40.37581075477829,-3.679748703764617],[-40.37573248190201,-3.679673934278415],[-40.37570137356452,-3.679655200406973],[-40.37565216811431,-3.679633453462213],[-40.37564406272166,-3.679627143241029],[-40.37563463603805,-3.679615416215672],[-40.37560169081529,-3.679547369602777],[-40.3755912655715,-3.67952028145437],[-40.37547205594468,-3.679442617144071],[-40.37522281992708,-3.679355412884975],[-40.37509274786776,-3.67950384352062],[-40.37487848023664,-3.679727962909585],[-40.37482818120158,-3.679742796555407],[-40.37476553886879,-3.679747113205811],[-40.3747168744451,-3.679696329231104],[-40.37442412710305,-3.679974952850502],[-40.37427823715736,-3.679804811011709],[-40.37406676970767,-3.679980799549384],[-40.37555579483108,-3.68102953558522],[-40.37532796484541,-3.681451061582177],[-40.37531433427391,-3.681503728310211],[-40.37526008236511,-3.681606539197459],[-40.37503657587653,-3.681855766086858],[-40.37487989860077,-3.682029528296464],[-40.37484803847524,-3.68205729703685],[-40.3748177476842,-3.682079826675955],[-40.37475239999875,-3.682124689551738],[-40.37470214112403,-3.682151946107382],[-40.37444583078927,-3.682260034136218],[-40.37406670704361,-3.682406190305304],[-40.37397779917885,-3.682444034287397],[-40.37391252388713,-3.682482539957186],[-40.37382156620014,-3.682543429892468],[-40.373757695969,-3.682591709111606],[-40.37366486362233,-3.68267275273005],[-40.37319740041316,-3.683124951386139],[-40.37311222253236,-3.683021770699562],[-40.37306106154202,-3.683061435118263],[-40.37304072948123,-3.683034029866957],[-40.37291161285025,-3.683116017705867],[-40.37290491377545,-3.683105816783292],[-40.37288135729173,-3.683069946477462],[-40.37283182851498,-3.683008947514828],[-40.37281143071274,-3.682988045921877],[-40.37280304621252,-3.68297548543864],[-40.37275805881738,-3.682926523800684],[-40.37273807308672,-3.682909570329473],[-40.37268600910699,-3.682854395308646],[-40.37264774398853,-3.682890045792072],[-40.37261816364244,-3.682910958649066],[-40.37252372039077,-3.682992547218165],[-40.3725042042617,-3.683011220507123],[-40.37237827889445,-3.683115239793873],[-40.3723183493863,-3.683159443542773],[-40.3722158366397,-3.683227862436977],[-40.372177981553,-3.683252050376044],[-40.37213859990428,-3.68328171702726],[-40.37207208391674,-3.683322317732661],[-40.37182771112423,-3.683464893440775],[-40.37180650902246,-3.683477263608621],[-40.37177876182621,-3.683494815451454],[-40.37157511566519,-3.683623637741182],[-40.37142234588172,-3.683701139712063],[-40.37138211135768,-3.683727100384409],[-40.37136255665093,-3.683738833087101],[-40.37138363959076,-3.683783277011747],[-40.37136626110695,-3.683792842038823],[-40.37134960150457,-3.683803890132938],[-40.37133594290178,-3.683815209442435],[-40.37132657631177,-3.683824469052211],[-40.37131723804257,-3.683830469937867],[-40.37130387964039,-3.683842647092281],[-40.3712936773959,-3.683849418987366],[-40.37128040572299,-3.683861794983372],[-40.37126762183311,-3.683871125896784],[-40.3712187007881,-3.683912477195558],[-40.37117881312662,-3.683942735204519],[-40.37116802167674,-3.683952167048854],[-40.37115880041268,-3.683958150568883],[-40.37114553686894,-3.683970546449139],[-40.37113281040298,-3.683979753365349],[-40.3711118976273,-3.683997655507925],[-40.37109911373472,-3.684006987324699],[-40.37108689130184,-3.684018471734245],[-40.37107563890905,-3.684026136119381],[-40.37106335773276,-3.684037473196618],[-40.37105316000446,-3.684044257745542],[-40.37104087883036,-3.684055596631528],[-40.37103068110164,-3.684062381180331],[-40.37101840354189,-3.684073729104969],[-40.37100918679462,-3.684079724374945],[-40.37099839534385,-3.684089158027342],[-40.37098777028355,-3.684096723763755],[-40.37095348346879,-3.684124243529662],[-40.37094281696343,-3.68413414096406],[-40.37093090653806,-3.684142435851923],[-40.37087764977644,-3.6841884905739],[-40.37086039621433,-3.684202042153881],[-40.37085068366041,-3.684211136784487],[-40.37081620629468,-3.684238862149411],[-40.37080481936054,-3.684246855955278],[-40.37079110030076,-3.684259858508967],[-40.37078241003982,-3.684265157453746],[-40.37077123763631,-3.68427509094187],[-40.37075986876462,-3.684283122705863],[-40.37074972535598,-3.684292462199179],[-40.37073738713843,-3.684301239810748],[-40.37072724825417,-3.684310594672372],[-40.37069918248683,-3.684332967631387],[-40.37068993975041,-3.684341396775599],[-40.37068028465892,-3.684347451509387],[-40.37066746083575,-3.684359522919912],[-40.37065786416276,-3.684365513348439],[-40.37064360508238,-3.684379197775303],[-40.37063307781072,-3.684385957506822],[-40.37061935513119,-3.684398951020775],[-40.37060798083391,-3.68440696922575],[-40.3705968093295,-3.684416904520509],[-40.37058820812662,-3.684422160818343],[-40.3705765281809,-3.684432821351129],[-40.37056885037535,-3.684437309261317],[-40.37055095276819,-3.684451812395194],[-40.37054053066316,-3.684459054027845],[-40.37052943235964,-3.684469172809588],[-40.37051805174062,-3.684477179266136],[-40.37049461790453,-3.684496069322633],[-40.37048447269955,-3.684505415148618],[-40.37047212723778,-3.684514169254394],[-40.37045395986868,-3.684531823857297],[-40.37044066855152,-3.684541378944727],[-40.37041569826036,-3.684563408860154],[-40.37040702154874,-3.684568741246329],[-40.37039575063839,-3.684578433400497],[-40.37038902978726,-3.684582315669012],[-40.37037785738181,-3.684592253677408],[-40.37033148336856,-3.684626717364059],[-40.37032031005049,-3.684636648138072],[-40.37031265392395,-3.684641185757643],[-40.37030096131956,-3.684651814653349],[-40.37029140069372,-3.684657833061774],[-40.37024414879918,-3.684697517599693],[-40.37023590850012,-3.684702710027994],[-40.37022512064893,-3.684712153619929],[-40.37019648141621,-3.684733370684763],[-40.37018569174979,-3.684742805234952],[-40.37017647499126,-3.684748802309723],[-40.37016312918951,-3.684760997526876],[-40.37015399424261,-3.684766921215918],[-40.37014072163707,-3.684779296302569],[-40.3701279386213,-3.684788628111776],[-40.37010702670825,-3.684806532956878],[-40.37009532256061,-3.684814916155756],[-40.37008349922034,-3.684825419535697],[-40.37007180506919,-3.684833864220635],[-40.37005763373116,-3.684847243713774],[-40.37003971318993,-3.684861479165822],[-40.37002671991938,-3.684874021141102],[-40.37000815548893,-3.684888716136035],[-40.3699859274385,-3.684910777989694],[-40.36997318519207,-3.684921457344111],[-40.36995445515387,-3.684940888219433],[-40.36986163234053,-3.684994953100346],[-40.37019133550914,-3.68560593836968],[-40.36998554378092,-3.68570932948077],[-40.36995953935597,-3.68567426462539],[-40.36994980267443,-3.685661135499801],[-40.36987979122438,-3.685525602692951],[-40.36986225845005,-3.685487906660537],[-40.36978722687132,-3.68533807431935],[-40.36976759258986,-3.685296834247413],[-40.36976067367962,-3.685282301686872],[-40.36974696753183,-3.685257961371698],[-40.36973989938382,-3.685245409269968],[-40.36969266820533,-3.685152723263506],[-40.36965492538534,-3.685073265350759],[-40.36964046618727,-3.685037949558827],[-40.36958482977,-3.68493266053909],[-40.36952386434416,-3.684810664858158],[-40.36947257105391,-3.684698444755874],[-40.36945189754565,-3.684658560292914],[-40.3693962962915,-3.684545025447277],[-40.36936968809994,-3.684483270025785],[-40.36928175100545,-3.684294898675644],[-40.36925092387137,-3.68423941568682],[-40.36920176095418,-3.684138551066563],[-40.36916970314376,-3.684066562204396],[-40.36889232115232,-3.683524052626425],[-40.36870796261027,-3.683585170230642],[-40.36860138271135,-3.683309934669823],[-40.3685705250847,-3.683236789844498],[-40.3685482433605,-3.683186604473844],[-40.36845560800592,-3.682959238163283],[-40.36840990445636,-3.682844942979492],[-40.36833207075981,-3.68265029679257],[-40.36825456633641,-3.682465982686479],[-40.36837318190521,-3.682459052775933],[-40.36843829386981,-3.682446269505931],[-40.36848110138987,-3.682430295392951],[-40.36852581982066,-3.682409376493222],[-40.3685798215074,-3.682381793866679],[-40.36864031531963,-3.682346168027702],[-40.36859672325132,-3.682261068085526],[-40.36845504100967,-3.682048613710811],[-40.36833269939662,-3.68187400456375],[-40.36829430884433,-3.681803465231535],[-40.36836224419873,-3.681768997390623],[-40.36841415397174,-3.681732782452174],[-40.36866836662926,-3.681532665822042],[-40.36901879927402,-3.681261758951668],[-40.36937486725157,-3.680994333550049],[-40.36951913425531,-3.680880475968232],[-40.36968747767329,-3.680754715955036],[-40.36974636570199,-3.680707596289396],[-40.36979162351486,-3.680670932118011],[-40.37002616550561,-3.680500754439813],[-40.37016609197316,-3.680395606891027],[-40.37018638090269,-3.680384227641541],[-40.37023364255785,-3.68036339975067],[-40.3702251679907,-3.680342523072861],[-40.3702178767209,-3.680322465797169],[-40.37007465082338,-3.679981052403909],[-40.37001455687358,-3.679832207124345],[-40.36981292731594,-3.679374491833899],[-40.36969870615143,-3.679124841023427],[-40.36955767766601,-3.67880481482],[-40.36941945695987,-3.678490509307847],[-40.36928542378883,-3.678197039108871],[-40.36921136780065,-3.678033290180101],[-40.36901587061032,-3.677576497415405],[-40.36966459710367,-3.67738605318492],[-40.37002237756828,-3.677285361864202],[-40.37021487245509,-3.677257409371383],[-40.3701768078456,-3.677133698721136],[-40.37017111451556,-3.677079985821988],[-40.37016574621715,-3.677057546000246],[-40.37009779098646,-3.676899473952598],[-40.37002436151697,-3.676748611442686],[-40.36971471179987,-3.676149103799815],[-40.36966492351226,-3.676049542310502],[-40.36965205713401,-3.676027902257068],[-40.36976889047513,-3.675912684921341],[-40.369926008926,-3.675745155753912],[-40.36994607018438,-3.675720911297875],[-40.37001640427135,-3.675647530094033],[-40.37008111491799,-3.675586851307278],[-40.37014304810471,-3.675529019439073],[-40.37023345085092,-3.675433322923671],[-40.37032282259068,-3.675343987986252],[-40.37036181559422,-3.67529749690015],[-40.37046865217415,-3.675182721315056],[-40.37054166458466,-3.675109433653368],[-40.37074370438292,-3.67492520538077],[-40.37084082049466,-3.674840678254697],[-40.37062090608332,-3.674583346989165],[-40.37038012371143,-3.674293252944957],[-40.37014106740644,-3.674010312013788],[-40.36984482287318,-3.673658927596501],[-40.36984438766479,-3.673658526361788],[-40.36987433625274,-3.673638889787094],[-40.3701333166215,-3.673471412736269],[-40.37057528571773,-3.673109926804594],[-40.37102276978093,-3.672731255433176],[-40.37120988980338,-3.672545687950199],[-40.37121322588912,-3.672538540838814],[-40.37121382437341,-3.672535973587289],[-40.37121415276812,-3.672533360044994],[-40.37121420747526,-3.672530728846655],[-40.37121398789547,-3.672528108820283],[-40.3712134964345,-3.672525528671629],[-40.37121273847694,-3.67252301666942],[-40.37121045911839,-3.672518306144905],[-40.37120896269065,-3.672516159232297],[-40.37034073402099,-3.671496852575322],[-40.37029326759883,-3.671431963357298],[-40.37032230475025,-3.671416548937021],[-40.37044514111406,-3.67136248898977],[-40.37071374884038,-3.671261000352873],[-40.37098654267324,-3.671168375916403],[-40.37109528700002,-3.671133609313145],[-40.37119735199981,-3.671098620544369],[-40.37128370015422,-3.671069977067495],[-40.37134223536405,-3.671048656214204],[-40.37139517906274,-3.671029080484669],[-40.37145447968566,-3.671008484708898],[-40.37150024083036,-3.670990461193794],[-40.37161875797153,-3.670939002608962],[-40.37169668164837,-3.670898341216638],[-40.37179607093059,-3.670845304959181],[-40.3719491307019,-3.670765534964431],[-40.37213946244953,-3.670659668844798],[-40.37255805840265,-3.670419976261317],[-40.37262975190535,-3.670372918370655],[-40.37273853191132,-3.67029032505413],[-40.37280155447271,-3.67023403176898],[-40.37284991578457,-3.670185566351407],[-40.37292916492666,-3.670093618748591],[-40.37296266317777,-3.67005052325647],[-40.37300992895511,-3.669982662112553],[-40.37306794517583,-3.669887456901884],[-40.37314326004273,-3.669734113286779],[-40.37317590452353,-3.669647779895383],[-40.37321133292873,-3.66951864436282],[-40.37323342071634,-3.669403195403234],[-40.37325846335915,-3.669198291488847],[-40.37326532933455,-3.669097327904103],[-40.37327004213786,-3.668920455719459],[-40.37326753111788,-3.668731050157948],[-40.3732716451505,-3.668690296320573],[-40.37327903002942,-3.668507599076124],[-40.37337249916584,-3.668530492794572],[-40.37345851539038,-3.66854647634973],[-40.37470567405445,-3.668945453717965],[-40.37495928777273,-3.669044382835742],[-40.37525000581905,-3.669192513681884],[-40.37587739344076,-3.669492234021133],[-40.37546537242408,-3.670306527871815],[-40.37621781276257,-3.671059506688235],[-40.37755292862291,-3.6722307069324],[-40.37852982291015,-3.672419095334908],[-40.3797968995456,-3.671847831531725]]]},"properties":{"name":"ZEIS","description":{"@type":"html","value":"<table>\n<tr style=\"background-color:#DDDDFF;\"><td>id</td><td>145</td></tr>\n<tr><td>zona</td><td>Zona Especial de Interesse Social</td></tr>\n<tr style=\"background-color:#DDDDFF;\"><td>sigla</td><td>ZEIS</td></tr>\n<tr><td>zona_sigla</td><td>Zona Especial de Interesse Social - ZEIS 1 / Ocupação</td></tr>\n<tr style=\"background-color:#DDDDFF;\"><td>taxa_perm</td><td>15.0</td></tr>\n<tr><td>taxa_ocu</td><td>80</td></tr>\n<tr style=\"background-color:#DDDDFF;\"><td>to_sub</td><td>Não permitido</td></tr>\n<tr><td>indice_apr</td><td>1,5</td></tr>\n<tr style=\"background-color:#DDDDFF;\"><td>rec_frente</td><td>1,5 m</td></tr>\n<tr><td>rec_fundo</td><td>1,5 m</td></tr>\n<tr style=\"background-color:#DDDDFF;\"><td>rec_latera</td><td>0,00 m</td></tr>\n<tr><td>area_min_l</td><td>90 m²</td></tr>\n<tr style=\"background-color:#DDDDFF;\"><td>testada_mi</td><td>5 m</td></tr>\n<tr><td>altura_max</td><td>9 m</td></tr>\n<tr style=\"background-color:#DDDDFF;\"><td>subzona</td><td>ZEIS 1</td></tr>\n<tr><td>area_max_l</td><td>22.500 m²</td></tr>\n<tr style=\"background-color:#DDDDFF;\"><td>testada_ma</td><td>150 m</td></tr>\n<tr><td>indice_a_1</td><td>-</td></tr>\n</table>"},"styleUrl":"#21","fill-opacity":0.596078431372549,"fill":"#5e3625","stroke-opacity":0,"stroke":"#232323","stroke-width":0.52,"id":"145","zona":"Zona Especial de Interesse Social","sigla":"ZEIS","zona_sigla":"Zona Especial de Interesse Social - ZEIS 1 / Ocupação","taxa_perm":"15.0","taxa_ocu":"80","to_sub":"Não permitido","indice_apr":"1,5","rec_frente":"1,5 m","rec_fundo":"1,5 m","rec_latera":"0,00 m","area_min_l":"90 m²","testada_mi":"5 m","altura_max":"9 m","subzona":"ZEIS 1","area_max_l":"22.500 m²","testada_ma":"150 m","indice_a_1":"-"},"id":"10906"},
{"type":"Feature","geometry":{"type":"Polygon","coordinates":[[[-40.33997875354877,-3.708685255054934],[-40.33984938226893,-3.708686228381579],[-40.33959049911807,-3.708683026634077],[-40.33936240375028,-3.708673356463528],[-40.33898130652678,-3.708636218143853],[-40.33875741898635,-3.708616875595578],[-40.33870438537416,-3.708613626861441],[-40.33861621988922,-3.708602939729898],[-40.33862711930171,-3.708553588522711],[-40.33863885941903,-3.70852438148239],[-40.33872233118737,-3.708362967441462],[-40.33885423284997,-3.708092627880917],[-40.33888825744554,-3.708034840853655],[-40.33901439451452,-3.707789106485318],[-40.33913255517372,-3.707551357837896],[-40.33925731493423,-3.707305083697739],[-40.33930040823225,-3.707215783182887],[-40.33932467771003,-3.70716549051124],[-40.33944942260715,-3.706932833863009],[-40.33960202196734,-3.706626416801164],[-40.33965624927858,-3.706521892411294],[-40.3400676271502,-3.705716069214306],[-40.33989215061392,-3.705629239341527],[-40.33981541161769,-3.705588422439195],[-40.33964219280418,-3.705505007877965],[-40.3395034465748,-3.705432438614646],[-40.33939881847093,-3.705383462479655],[-40.33918058634678,-3.705272366796035],[-40.33898007817262,-3.705172315969807],[-40.33974316937488,-3.703613847230078],[-40.34014788969483,-3.702769875978897],[-40.34043552102266,-3.702167109958533],[-40.34074720067459,-3.70229859893108],[-40.34079341337154,-3.702310321840425],[-40.34085785782381,-3.702333328972176],[-40.34088865022196,-3.702346820870719],[-40.34101255620597,-3.702395366082419],[-40.3410685149267,-3.702406704255269],[-40.34117708600768,-3.702436584157398],[-40.34125344779018,-3.70245487817354],[-40.34129191224395,-3.702460415556181],[-40.34137342529533,-3.702464206180025],[-40.34140156223769,-3.702450455655088],[-40.34141685197211,-3.702446827573586],[-40.34158595253356,-3.702503618337394],[-40.34161879077147,-3.70252631978154],[-40.34165395374328,-3.702547339944819],[-40.34185627925443,-3.702645619813748],[-40.34198471936718,-3.702713421753868],[-40.34204296448612,-3.702738267892832],[-40.34212655023338,-3.702778662725887],[-40.34223004993173,-3.702833010910294],[-40.34233371686238,-3.702892583806294],[-40.34245310821891,-3.702947876455141],[-40.34264234169606,-3.703040137906087],[-40.34270549718002,-3.703077016497112],[-40.34304959179215,-3.703260303556791],[-40.34310144656128,-3.703285085158737],[-40.34340475442656,-3.703442184359051],[-40.34376212414092,-3.703626086657656],[-40.34410234339971,-3.703802548277881],[-40.34426584953165,-3.703887479410011],[-40.34417589876539,-3.704054867250358],[-40.34412398211577,-3.704165129410748],[-40.34406125518582,-3.704312706440204],[-40.34399836976783,-3.704482344935415],[-40.34399141037963,-3.704504953995594],[-40.34396491578462,-3.704591026053646],[-40.34386465031658,-3.704958948691945],[-40.34358248145254,-3.705906780086385],[-40.34339110914422,-3.706773982203587],[-40.34324312328759,-3.707215182706483],[-40.34315355595042,-3.707453072999544],[-40.34294426873686,-3.708107256101708],[-40.34292251596847,-3.708229741178252],[-40.34291206285477,-3.708289578016528],[-40.34288318202331,-3.708483392178236],[-40.34287558516688,-3.708638403968919],[-40.34287342880125,-3.708769532829634],[-40.34286973675209,-3.70906184703575],[-40.34287083502446,-3.709120828762796],[-40.3428393909897,-3.709121204970887],[-40.34276480042407,-3.709114848846074],[-40.34203702316861,-3.70905283203648],[-40.34188428371658,-3.709028009614455],[-40.34165048912996,-3.70897639126929],[-40.34159230524468,-3.708980383755383],[-40.3415581101041,-3.70898065526693],[-40.34148182677192,-3.708994431401389],[-40.34148098294605,-3.708994583789272],[-40.34146400850987,-3.708990154397782],[-40.34148943643419,-3.708946670173274],[-40.34152722535224,-3.708859863649987],[-40.3415698921491,-3.708787418634448],[-40.34142989371892,-3.70878821142983],[-40.34130360831126,-3.708774428994964],[-40.3411471174947,-3.708753891965346],[-40.3410024118988,-3.70873652153222],[-40.34091550839273,-3.70872931143149],[-40.34080263240014,-3.708715746391284],[-40.3407191177448,-3.708710014514047],[-40.34060216680839,-3.708702103802834],[-40.34037679356932,-3.708699895060315],[-40.34013011300922,-3.708691808998722],[-40.33997875354877,-3.708685255054934]]]},"properties":{"name":"ZEIS","description":{"@type":"html","value":"<table>\n<tr style=\"background-color:#DDDDFF;\"><td>id</td><td>20</td></tr>\n<tr><td>zona</td><td>Zona Especial de Interesse Social</td></tr>\n<tr style=\"background-color:#DDDDFF;\"><td>sigla</td><td>ZEIS</td></tr>\n<tr><td>zona_sigla</td><td>Zona Especial de Interesse Social - ZEIS 2 / Conjunto</td></tr>\n<tr style=\"background-color:#DDDDFF;\"><td>taxa_perm</td><td>25.0</td></tr>\n<tr><td>taxa_ocu</td><td>70</td></tr>\n<tr style=\"background-color:#DDDDFF;\"><td>to_sub</td><td>Não permitido</td></tr>\n<tr><td>indice_apr</td><td>1,5</td></tr>\n<tr style=\"background-color:#DDDDFF;\"><td>rec_frente</td><td>1,5 m</td></tr>\n<tr><td>rec_fundo</td><td>2 m</td></tr>\n<tr style=\"background-color:#DDDDFF;\"><td>rec_latera</td><td>1,5 m</td></tr>\n<tr><td>area_min_l</td><td>90 m²</td></tr>\n<tr style=\"background-color:#DDDDFF;\"><td>testada_mi</td><td>5 m</td></tr>\n<tr><td>altura_max</td><td>15 m</td></tr>\n<tr style=\"background-color:#DDDDFF;\"><td>subzona</td><td>ZEIS 2</td></tr>\n<tr><td>area_max_l</td><td>22.500 m²</td></tr>\n<tr style=\"background-color:#DDDDFF;\"><td>testada_ma</td><td>150 m</td></tr>\n<tr><td>indice_a_1</td><td>-</td></tr>\n</table>"},"styleUrl":"#21","fill-opacity":0.596078431372549,"fill":"#5e3625","stroke-opacity":0,"stroke":"#232323","stroke-width":0.52,"id":"20","zona":"Zona Especial de Interesse Social","sigla":"ZEIS","zona_sigla":"Zona Especial de Interesse Social - ZEIS 2 / Conjunto","taxa_perm":"25.0","taxa_ocu":"70","to_sub":"Não permitido","indice_apr":"1,5","rec_frente":"1,5 m","rec_fundo":"2 m","rec_latera":"1,5 m","area_min_l":"90 m²","testada_mi":"5 m","altura_max":"15 m","subzona":"ZEIS 2","area_max_l":"22.500 m²","testada_ma":"150 m","indice_a_1":"-"},"id":"11886"},
{"type":"Feature","geometry":{"type":"Polygon","coordinates":[[[-40.35477785565756,-3.696668079408271],[-40.35486147821904,-3.69621971161592],[-40.35488975007286,-3.696144128403319],[-40.35490618564211,-3.696109127328857],[-40.35491056178544,-3.69609870211411],[-40.35492633550415,-3.696056263163515],[-40.35496758072056,-3.695992052070184],[-40.35500822194523,-3.695941113047584],[-40.3550545209069,-3.695896587058813],[-40.35511590494252,-3.695861232173476],[-40.35520457005186,-3.695812946047688],[-40.35527197533264,-3.695778045221497],[-40.35536435564599,-3.69574808604446],[-40.35552419132694,-3.695743375621673],[-40.35564906389126,-3.695746478226545],[-40.35578213400464,-3.69574978448949],[-40.35652235818164,-3.695753747578503],[-40.35646994665645,-3.696070193069304],[-40.35645302154857,-3.696172381936154],[-40.356390083178,-3.69652402815337],[-40.35630104438806,-3.697056777077568],[-40.35628339270386,-3.697164132301555],[-40.35626073022862,-3.697263913286758],[-40.35617079281973,-3.697782083043724],[-40.35587566128783,-3.697642783322717],[-40.35545736734898,-3.69743698299317],[-40.35528217632746,-3.697326796116457],[-40.35501700547708,-3.697136403197876],[-40.35470290332498,-3.696862344144804],[-40.35477785565756,-3.696668079408271]]]},"properties":{"name":"ZEIS","description":{"@type":"html","value":"<table>\n<tr style=\"background-color:#DDDDFF;\"><td>id</td><td>17</td></tr>\n<tr><td>zona</td><td>Zona Especial de Interesse Social</td></tr>\n<tr style=\"background-color:#DDDDFF;\"><td>sigla</td><td>ZEIS</td></tr>\n<tr><td>zona_sigla</td><td>Zona Especial de Interesse Social - ZEIS 2 / Conjunto</td></tr>\n<tr style=\"background-color:#DDDDFF;\"><td>taxa_perm</td><td>25.0</td></tr>\n<tr><td>taxa_ocu</td><td>70</td></tr>\n<tr style=\"background-color:#DDDDFF;\"><td>to_sub</td><td>Não permitido</td></tr>\n<tr><td>indice_apr</td><td>1,5</td></tr>\n<tr style=\"background-color:#DDDDFF;\"><td>rec_frente</td><td>1,5 m</td></tr>\n<tr><td>rec_fundo</td><td>2 m</td></tr>\n<tr style=\"background-color:#DDDDFF;\"><td>rec_latera</td><td>1,5 m</td></tr>\n<tr><td>area_min_l</td><td>90 m²</td></tr>\n<tr style=\"background-color:#DDDDFF;\"><td>testada_mi</td><td>5 m</td></tr>\n<tr><td>altura_max</td><td>15 m</td></tr>\n<tr style=\"background-color:#DDDDFF;\"><td>subzona</td><td>ZEIS 2</td></tr>\n<tr><td>area_max_l</td><td>22.500 m²</td></tr>\n<tr style=\"background-color:#DDDDFF;\"><td>testada_ma</td><td>150 m</td></tr>\n<tr><td>indice_a_1</td><td>-</td></tr>\n</table>"},"styleUrl":"#21","fill-opacity":0.596078431372549,"fill":"#5e3625","stroke-opacity":0,"stroke":"#232323","stroke-width":0.52,"id":"17","zona":"Zona Especial de Interesse Social","sigla":"ZEIS","zona_sigla":"Zona Especial de Interesse Social - ZEIS 2 / Conjunto","taxa_perm":"25.0","taxa_ocu":"70","to_sub":"Não permitido","indice_apr":"1,5","rec_frente":"1,5 m","rec_fundo":"2 m","rec_latera":"1,5 m","area_min_l":"90 m²","testada_mi":"5 m","altura_max":"15 m","subzona":"ZEIS 2","area_max_l":"22.500 m²","testada_ma":"150 m","indice_a_1":"-"},"id":"11940"},
{"type":"Feature","geometry":{"type":"Polygon","coordinates":[[[-40.36552621612369,-3.695321078986382],[-40.36469635305398,-3.695498429897532],[-40.3644728565725,-3.695545411046436],[-40.36360590499373,-3.695739401160735],[-40.363469272622,-3.695768015633526],[-40.36344024468445,-3.695776731220042],[-40.36338421460025,-3.695783656935551],[-40.36242190407282,-3.696017269115321],[-40.36217073276354,-3.69607022182875],[-40.36213676780007,-3.69601263291449],[-40.36202635142833,-3.695857033658468],[-40.36198686419834,-3.695805069660713],[-40.36189416503445,-3.69569443232946],[-40.36169119891937,-3.695474939677486],[-40.36124443522463,-3.695017125898512],[-40.36104003647953,-3.69479779899118],[-40.36090174438124,-3.694637399994579],[-40.36079811103374,-3.694507480172121],[-40.360686438674,-3.69434669695075],[-40.36057728793153,-3.694173759615622],[-40.36050414843987,-3.694045738707639],[-40.36039867461844,-3.693841737943666],[-40.36022221972224,-3.693449053118967],[-40.36017080190064,-3.693262247779468],[-40.35989246839916,-3.692178015087913],[-40.35981411501528,-3.691944004240411],[-40.35975664866954,-3.691791294520737],[-40.35972020016919,-3.691704828867713],[-40.35961789175035,-3.691469441803094],[-40.35959757692824,-3.69142350727015],[-40.35944632002058,-3.691107278965517],[-40.35950386685353,-3.691120274062016],[-40.35972030813033,-3.691186123267728],[-40.35978774958403,-3.691197885071046],[-40.35981129278022,-3.691203242097865],[-40.35992100791022,-3.691227602041701],[-40.35999497847683,-3.691237787313296],[-40.36008132034005,-3.691257234936321],[-40.36010318227712,-3.69126289300084],[-40.36027246954966,-3.691306710864558],[-40.36050205632771,-3.691342587005034],[-40.36058886379372,-3.691355883718574],[-40.36098200705891,-3.691393365221492],[-40.36319769890919,-3.69146956260044],[-40.36409858039165,-3.691500329640712],[-40.3649491042633,-3.691519622839106],[-40.36560720330497,-3.691488639428049],[-40.36629910964889,-3.691416396170268],[-40.36697467793106,-3.691329897474856],[-40.36734013960378,-3.691282701253352],[-40.36769792520741,-3.691245880613609],[-40.36777907392041,-3.691623054809996],[-40.36793096940725,-3.692275717369936],[-40.36799812299096,-3.692282050974856],[-40.36815145924119,-3.692294854200795],[-40.3683740235312,-3.692313437760284],[-40.36841441335569,-3.692316103437189],[-40.36841766264897,-3.692335511517189],[-40.36848278989465,-3.692542145050119],[-40.36850398113086,-3.692628920973278],[-40.36854026419796,-3.692629030401929],[-40.36857946774867,-3.692631485039499],[-40.36859057133556,-3.692692936061207],[-40.36859743603866,-3.692725331392214],[-40.36875094498362,-3.693308481499546],[-40.368775772895,-3.693425479832913],[-40.36880409041166,-3.693514942641382],[-40.3688213085473,-3.693561590335174],[-40.36884394724841,-3.693629388923232],[-40.36885964577902,-3.693683710389986],[-40.36887779657483,-3.693751485164749],[-40.36887966906865,-3.69376200718929],[-40.36889586652573,-3.69381996190531],[-40.36891415721841,-3.693877974884283],[-40.36894295510621,-3.693981262140579],[-40.36898357126674,-3.694117658788586],[-40.36901143602746,-3.694204783402489],[-40.36901305951476,-3.694214956698653],[-40.36901619832091,-3.694224054989807],[-40.36902350677283,-3.694273396034017],[-40.36902359910521,-3.694343032023356],[-40.36902291404652,-3.69434835207025],[-40.36901977888972,-3.69435749353105],[-40.36901866309762,-3.694374298770455],[-40.36901556574124,-3.694383432937318],[-40.36900919993546,-3.694414009098574],[-40.3689963702375,-3.69445052202765],[-40.36898698152063,-3.694471844155943],[-40.3689644944123,-3.694517078124747],[-40.36894134319049,-3.694556629646269],[-40.36890927917048,-3.694598496745046],[-40.36886574160597,-3.694649495593037],[-40.36885075930611,-3.69466249290243],[-40.36882532736133,-3.69468774339408],[-40.3688050442444,-3.6947013394997],[-40.36877629164429,-3.69471808619446],[-40.3687703022315,-3.694719935081932],[-40.36875532705503,-3.69472759620769],[-40.36870949962691,-3.694743061498681],[-40.36867111103867,-3.694750204419802],[-40.36863436862265,-3.694752951947837],[-40.36854654050832,-3.694752534274317],[-40.36850117385133,-3.694546987240432],[-40.36843474068415,-3.694361965483499],[-40.36842562161865,-3.694334832936428],[-40.36841937185612,-3.694307190372522],[-40.36840798082496,-3.694253831787758],[-40.36840701701289,-3.694249969527196],[-40.36839359514398,-3.694196143775035],[-40.36838502733032,-3.69417213067846],[-40.36837094473068,-3.694111885354816],[-40.36835005656678,-3.694020248531368],[-40.3683358354926,-3.693968922968047],[-40.36832622124752,-3.693937063695212],[-40.36827652841268,-3.693749406715456],[-40.36825589438572,-3.69366262088488],[-40.36823545187732,-3.693574497999492],[-40.36815622766578,-3.693592210838246],[-40.36789322263817,-3.693660979140886],[-40.36769718429937,-3.693715415310892],[-40.3674446430855,-3.693790661190754],[-40.36715935074681,-3.693867165027755],[-40.36662927650331,-3.694018398732121],[-40.36660982279482,-3.694023948548775],[-40.36619012757652,-3.694142715067856],[-40.36605546754548,-3.694183872220235],[-40.36600561858906,-3.694094610689422],[-40.36590635726443,-3.693814177685045],[-40.36588480518751,-3.693745661854395],[-40.3658122391906,-3.69347918248971],[-40.36578842366884,-3.693483557007734],[-40.36575988136178,-3.693488799757314],[-40.36575749228301,-3.693489550507926],[-40.36574263716125,-3.693494218621691],[-40.36569272397765,-3.69350990347384],[-40.36561939272794,-3.693532947276218],[-40.36556858024638,-3.693548914718595],[-40.36552016857071,-3.693564127722728],[-40.36551836598194,-3.693557769984762],[-40.36547739883267,-3.693570656806691],[-40.36544233741801,-3.693581575371181],[-40.3654498364625,-3.693607510925551],[-40.36550626660562,-3.693831214185868],[-40.36551866651588,-3.693894481236244],[-40.36527072469698,-3.693965821361039],[-40.36509096133663,-3.694011542097201],[-40.36506973892843,-3.69401438763062],[-40.36498791628482,-3.694045044016127],[-40.36471519197917,-3.694125556152528],[-40.36470040610078,-3.694172297669541],[-40.36469992754477,-3.694194355828185],[-40.36470262515191,-3.694213455196287],[-40.36476357098963,-3.694444799515369],[-40.36479219963582,-3.694531262993294],[-40.36506834575353,-3.694443524484603],[-40.3651466757801,-3.694421989290632],[-40.36525324924782,-3.694397452104704],[-40.36531693573045,-3.694588776178541],[-40.36552621612369,-3.695321078986382]]]},"properties":{"name":"ZEIS","description":{"@type":"html","value":"<table>\n<tr style=\"background-color:#DDDDFF;\"><td>id</td><td>41</td></tr>\n<tr><td>zona</td><td>Zona Especial de Interesse Social</td></tr>\n<tr style=\"background-color:#DDDDFF;\"><td>sigla</td><td>ZEIS</td></tr>\n<tr><td>zona_sigla</td><td>Zona Especial de Interesse Social - ZEIS 1 / Ocupação</td></tr>\n<tr style=\"background-color:#DDDDFF;\"><td>taxa_perm</td><td>15.0</td></tr>\n<tr><td>taxa_ocu</td><td>80</td></tr>\n<tr style=\"background-color:#DDDDFF;\"><td>to_sub</td><td>Não permitido</td></tr>\n<tr><td>indice_apr</td><td>1,5</td></tr>\n<tr style=\"background-color:#DDDDFF;\"><td>rec_frente</td><td>1,5 m</td></tr>\n<tr><td>rec_fundo</td><td>1,5 m</td></tr>\n<tr style=\"background-color:#DDDDFF;\"><td>rec_latera</td><td>0,00 m</td></tr>\n<tr><td>area_min_l</td><td>90 m²</td></tr>\n<tr style=\"background-color:#DDDDFF;\"><td>testada_mi</td><td>5 m</td></tr>\n<tr><td>altura_max</td><td>9 m</td></tr>\n<tr style=\"background-color:#DDDDFF;\"><td>subzona</td><td>ZEIS 1</td></tr>\n<tr><td>area_max_l</td><td>22.500 m²</td></tr>\n<tr style=\"background-color:#DDDDFF;\"><td>testada_ma</td><td>150 m</td></tr>\n<tr><td>indice_a_1</td><td>-</td></tr>\n</table>"},"styleUrl":"#21","fill-opacity":0.596078431372549,"fill":"#5e3625","stroke-opacity":0,"stroke":"#232323","stroke-width":0.52,"id":"41","zona":"Zona Especial de Interesse Social","sigla":"ZEIS","zona_sigla":"Zona Especial de Interesse Social - ZEIS 1 / Ocupação","taxa_perm":"15.0","taxa_ocu":"80","to_sub":"Não permitido","indice_apr":"1,5","rec_frente":"1,5 m","rec_fundo":"1,5 m","rec_latera":"0,00 m","area_min_l":"90 m²","testada_mi":"5 m","altura_max":"9 m","subzona":"ZEIS 1","area_max_l":"22.500 m²","testada_ma":"150 m","indice_a_1":"-"},"id":"12087"},
{"type":"Feature","geometry":{"type":"Polygon","coordinates":[[[-40.39230425649696,-3.665566835886608],[-40.39023077120842,-3.664627292989481],[-40.39022168501783,-3.664623175814655],[-40.39038381105769,-3.664264188762729],[-40.39038567896986,-3.66426105006167],[-40.39038854510307,-3.664257533510167],[-40.39039864538533,-3.664249364715505],[-40.39040825401318,-3.664246213951084],[-40.39041412120041,-3.66424570308102],[-40.39042036371307,-3.664245693352399],[-40.390429354868,-3.664246933656092],[-40.39131457889949,-3.664651345160862],[-40.39133240917783,-3.66465769390387],[-40.39134739663619,-3.664661182612013],[-40.39136188159235,-3.66466266519881],[-40.39137286841526,-3.664662648062792],[-40.39138610137982,-3.664661874834024],[-40.39139983219468,-3.664660097376176],[-40.39141156307931,-3.66465681785894],[-40.39142129519671,-3.664652788869871],[-40.39143476972029,-3.664646747138756],[-40.3914467433269,-3.664638951706956],[-40.39146021203488,-3.664629147038332],[-40.39147641543004,-3.664611561348366],[-40.39148688269153,-3.664598500141096],[-40.39182656180189,-3.663846133678911],[-40.3918583535002,-3.663777117817042],[-40.39187596776128,-3.663742826466494],[-40.3918846962193,-3.663735663254323],[-40.39189442832423,-3.66373163426463],[-40.39190691042674,-3.66372973332104],[-40.39194611182564,-3.663727978338378],[-40.39198618287359,-3.663724843262866],[-40.39205396154742,-3.663715079299881],[-40.39210919554684,-3.663704090061192],[-40.39214931424976,-3.663693732613902],[-40.39222256628635,-3.663670190741384],[-40.39226461677986,-3.663655421539348],[-40.39229723802192,-3.663641714342747],[-40.39231410146876,-3.663633643937103],[-40.39233687418918,-3.66362333671574],[-40.39236862960084,-3.663606827713678],[-40.39239816831602,-3.663590693435676],[-40.39242425871022,-3.663575059559034],[-40.39246351499381,-3.663549999736331],[-40.39248923143985,-3.663531520070842],[-40.39252146828176,-3.6635077087532],[-40.39255222579469,-3.663483157211957],[-40.3925732607624,-3.663464313585092],[-40.39259786321146,-3.66344237050908],[-40.39261643607641,-3.663424520766279],[-40.39264705872993,-3.663392420362924],[-40.39267103818747,-3.663365899313701],[-40.39268972791645,-3.663343965464378],[-40.39270706360422,-3.663322652504466],[-40.39272710124865,-3.66329613760671],[-40.39274234246574,-3.66327458040494],[-40.3927541424444,-3.663258102539477],[-40.39276225290835,-3.663245466845177],[-40.39277663051373,-3.663223044704409],[-40.39280182034707,-3.663182661176697],[-40.392824300185,-3.663142281878534],[-40.39285119618577,-3.663090015183594],[-40.39286506938853,-3.663060044759662],[-40.39287881711286,-3.663028589468621],[-40.39289906169074,-3.662976580665743],[-40.392913778026,-3.662934233400961],[-40.39292468645045,-3.662898822373606],[-40.39293289502382,-3.662869974588474],[-40.39294122122913,-3.662837537717532],[-40.39294819492568,-3.662806711775811],[-40.39295320575551,-3.662781086618217],[-40.3929584545287,-3.662750015858232],[-40.39296223698826,-3.662726620212375],[-40.39296528093316,-3.662703596984882],[-40.39296844538066,-3.662678840995868],[-40.39297158284788,-3.662636635558442],[-40.39297312240105,-3.662596660209311],[-40.39297357130835,-3.662568319555988],[-40.39297088786924,-3.66250582734123],[-40.39296725284786,-3.662465241291018],[-40.39296238850067,-3.662426265977333],[-40.39295803333501,-3.662397932820628],[-40.39295045727663,-3.662357847940846],[-40.3929386785108,-3.662308364219502],[-40.39292839973501,-3.662272986255974],[-40.39291985678805,-3.662244907143485],[-40.39290983203011,-3.66221447899302],[-40.39289870284965,-3.662186775181107],[-40.39288707845753,-3.662157463323138],[-40.3928753354765,-3.662131121775933],[-40.39286841474454,-3.66211652945382],[-40.39285618229164,-3.662092292509055],[-40.39284741039632,-3.662075475480147],[-40.39282208819834,-3.662030220563084],[-40.39280183652531,-3.661997952036037],[-40.39277739171403,-3.661962472412918],[-40.39273197030397,-3.6619038832785],[-40.3927277718087,-3.661897207043932],[-40.39272332312525,-3.661888056094282],[-40.39272232925823,-3.661882612412996],[-40.39272256624844,-3.66187654803519],[-40.39272305151412,-3.661871720822738],[-40.3927242747203,-3.661866149927484],[-40.39275656028436,-3.661794197751328],[-40.39307145017398,-3.661104140617876],[-40.39297188197558,-3.66106353071886],[-40.39205058628819,-3.660641510608252],[-40.39203957859729,-3.660627981161816],[-40.39203707036912,-3.660620710043053],[-40.39203679781273,-3.660605909548003],[-40.39223628361186,-3.660157779988774],[-40.39286151356217,-3.660454318730596],[-40.39580661173444,-3.661779699942157],[-40.39630140198219,-3.662002368639932],[-40.39470547547886,-3.661284158038609],[-40.39456668308047,-3.661332052523286],[-40.39454900482203,-3.661338152284046],[-40.39448546005782,-3.661362815872584],[-40.39447295493267,-3.661368224274715],[-40.39441144844494,-3.661397644707776],[-40.39429916837205,-3.661456687084499],[-40.39420655262379,-3.661512752708397],[-40.39418876536814,-3.661525040984697],[-40.39410350856,-3.661591858124913],[-40.39404979530241,-3.661639433660924],[-40.39402668980533,-3.661662896928792],[-40.39388213016128,-3.661728985504435],[-40.3938529651215,-3.661745800244444],[-40.39371502382481,-3.6618436761987],[-40.39366958870765,-3.661882819465248],[-40.39364463827224,-3.661904314764888],[-40.39355642100672,-3.661991582406051],[-40.39354005272824,-3.662010169377636],[-40.39346458721027,-3.662108771453381],[-40.39341832744012,-3.662178683983407],[-40.39334185521241,-3.66232013062344],[-40.39332917766328,-3.662349557860773],[-40.39327887440503,-3.662502383594738],[-40.39326506910945,-3.662561549236135],[-40.39324345114765,-3.662705612117761],[-40.39324145800393,-3.662734586485425],[-40.39324314452094,-3.662880267337565],[-40.39325069026195,-3.662962201906172],[-40.393259250057,-3.663028404358911],[-40.39326144575084,-3.663041563380962],[-40.39327484289442,-3.663106951148374],[-40.39329070925538,-3.663172110888024],[-40.39335213024133,-3.663345407522877],[-40.39335230073778,-3.663345888571067],[-40.39336800046478,-3.663379027174194],[-40.39346340625508,-3.66353663551741],[-40.39349778866109,-3.663582210950779],[-40.39356452351988,-3.663658107636429],[-40.39358711268834,-3.663683797998306],[-40.39360035954363,-3.663696760670007],[-40.39360035954371,-3.663696760790542],[-40.39359957538683,-3.663857715372105],[-40.39362152868424,-3.664060706277843],[-40.3936303957914,-3.664100292401726],[-40.39364900896637,-3.664154100094893],[-40.39369711357374,-3.664293162722541],[-40.39374491588401,-3.664393194960904],[-40.39380671095901,-3.664502362572597],[-40.39382051560845,-3.664523230867775],[-40.39389676702785,-3.664622746206495],[-40.3939471234143,-3.664679788007704],[-40.39397407737479,-3.664722256144097],[-40.39401936546547,-3.664787152009094],[-40.39402002020791,-3.664788007839951],[-40.39402013386368,-3.664796000258809],[-40.39402064011746,-3.664831600646946],[-40.39402483769952,-3.664871490848419],[-40.39402483769191,-3.664871490896055],[-40.39402483769958,-3.664871490969004],[-40.39400969160157,-3.66496656831333],[-40.39400787213479,-3.664980915502715],[-40.39396229694722,-3.66499772226235],[-40.39395062149483,-3.665000231836905],[-40.3938531857979,-3.664999079649399],[-40.39382058333728,-3.664999287287237],[-40.39381406573128,-3.664999447404545],[-40.39378149213194,-3.66500084094009],[-40.39364094366635,-3.665009417687999],[-40.393549211063,-3.665019779072041],[-40.39353101838253,-3.66502278966303],[-40.39344082418026,-3.665042534189554],[-40.39333168721372,-3.665072388352052],[-40.39330599249966,-3.665079830623307],[-40.39330087669274,-3.665081395421044],[-40.39327541333769,-3.66508960112711],[-40.39314932721375,-3.665132318185039],[-40.39306383973797,-3.665157093924503],[-40.39292780718851,-3.665196518477114],[-40.39275101419188,-3.665268924233637],[-40.392717572983,-3.665286988115378],[-40.39255995388821,-3.665395221182041],[-40.39248995527478,-3.665455155200928],[-40.39237680857848,-3.66552029904482],[-40.39232023848556,-3.66555658461325],[-40.39230425649696,-3.665566835886608]]]},"properties":{"name":"ZEIS","description":{"@type":"html","value":"<table>\n<tr style=\"background-color:#DDDDFF;\"><td>id</td><td>49</td></tr>\n<tr><td>zona</td><td>Zona Especial de Interesse Social</td></tr>\n<tr style=\"background-color:#DDDDFF;\"><td>sigla</td><td>ZEIS</td></tr>\n<tr><td>zona_sigla</td><td>Zona Especial de Interesse Social - ZEIS 3/ Vazio 21 - Moradas do Planalto II</td></tr>\n<tr style=\"background-color:#DDDDFF;\"><td>taxa_perm</td><td>25.0</td></tr>\n<tr><td>taxa_ocu</td><td>65</td></tr>\n<tr style=\"background-color:#DDDDFF;\"><td>to_sub</td><td>Não permitido</td></tr>\n<tr><td>indice_apr</td><td>2</td></tr>\n<tr style=\"background-color:#DDDDFF;\"><td>rec_frente</td><td>2,5 m</td></tr>\n<tr><td>rec_fundo</td><td>2 m</td></tr>\n<tr style=\"background-color:#DDDDFF;\"><td>rec_latera</td><td>1,5 m</td></tr>\n<tr><td>area_min_l</td><td>90 m²</td></tr>\n<tr style=\"background-color:#DDDDFF;\"><td>testada_mi</td><td>5 m</td></tr>\n<tr><td>altura_max</td><td>15 m</td></tr>\n<tr style=\"background-color:#DDDDFF;\"><td>subzona</td><td>ZEIS 3</td></tr>\n<tr><td>area_max_l</td><td>22.500 m²</td></tr>\n<tr style=\"background-color:#DDDDFF;\"><td>testada_ma</td><td>150 m</td></tr>\n<tr><td>indice_a_1</td><td>0,2</td></tr>\n</table>"},"styleUrl":"#21","fill-opacity":0.596078431372549,"fill":"#5e3625","stroke-opacity":0,"stroke":"#232323","stroke-width":0.52,"id":"49","zona":"Zona Especial de Interesse Social","sigla":"ZEIS","zona_sigla":"Zona Especial de Interesse Social - ZEIS 3/ Vazio 21 - Moradas do Planalto II","taxa_perm":"25.0","taxa_ocu":"65","to_sub":"Não permitido","indice_apr":"2","rec_frente":"2,5 m","rec_fundo":"2 m","rec_latera":"1,5 m","area_min_l":"90 m²","testada_mi":"5 m","altura_max":"15 m","subzona":"ZEIS 3","area_max_l":"22.500 m²","testada_ma":"150 m","indice_a_1":"0,2"},"id":"12114"},
{"type":"Feature","geometry":{"type":"Polygon","coordinates":[[[-40.31852382159149,-3.706263106118209],[-40.3184369011713,-3.706344492671578],[-40.31808597792978,-3.706044738598355],[-40.31803159268253,-3.705968707489472],[-40.31798156597107,-3.705873769078566],[-40.31780988397161,-3.705423625790182],[-40.31754902713487,-3.704739668260886],[-40.31733018160578,-3.70412704785523],[-40.31721767647531,-3.703832532882109],[-40.31720473667286,-3.703799207312978],[-40.31712030890949,-3.703625931259618],[-40.31721946588183,-3.703571392056919],[-40.31918888428258,-3.702576965275385],[-40.31919764983834,-3.702896209642559],[-40.31926979532646,-3.703524717647067],[-40.31932614218783,-3.703801021064635],[-40.31939621051973,-3.704144609068607],[-40.31954361676976,-3.704642952605342],[-40.31908121221768,-3.704875323051467],[-40.31907742846388,-3.704878143713262],[-40.31907390381776,-3.704881284936881],[-40.31907066510402,-3.704884722815713],[-40.31906773697123,-3.704888431185436],[-40.31906514170424,-3.704892381823121],[-40.3190628990546,-3.704896544662029],[-40.31906102609025,-3.704900888020439],[-40.31905953706558,-3.704905378842769],[-40.31905844331297,-3.704909982951159],[-40.31905775315654,-3.70491466530556],[-40.31905747184882,-3.704919390270424],[-40.31905760153072,-3.704924121885929],[-40.3190581412153,-3.7049288241416],[-40.31905908679524,-3.704933461250425],[-40.3190604310741,-3.704937997921237],[-40.31906216382112,-3.70494239962716],[-40.31937358696334,-3.705642549762],[-40.31937564712948,-3.705645688641797],[-40.31921366747471,-3.705738269535388],[-40.31885732368824,-3.705985569966328],[-40.31852382159149,-3.706263106118209]]]},"properties":{"name":"ZEIS","description":{"@type":"html","value":"<table>\n<tr style=\"background-color:#DDDDFF;\"><td>id</td><td>71</td></tr>\n<tr><td>zona</td><td>Zona Especial de Interesse Social</td></tr>\n<tr style=\"background-color:#DDDDFF;\"><td>sigla</td><td>ZEIS</td></tr>\n<tr><td>zona_sigla</td><td>Zona Especial de Interesse Social - ZEIS 3 / Vazio 29 - Jatobá Residence III</td></tr>\n<tr style=\"background-color:#DDDDFF;\"><td>taxa_perm</td><td>25.0</td></tr>\n<tr><td>taxa_ocu</td><td>65</td></tr>\n<tr style=\"background-color:#DDDDFF;\"><td>to_sub</td><td>Não permitido</td></tr>\n<tr><td>indice_apr</td><td>2</td></tr>\n<tr style=\"background-color:#DDDDFF;\"><td>rec_frente</td><td>2,5 m</td></tr>\n<tr><td>rec_fundo</td><td>2 m</td></tr>\n<tr style=\"background-color:#DDDDFF;\"><td>rec_latera</td><td>1,5 m</td></tr>\n<tr><td>area_min_l</td><td>90 m²</td></tr>\n<tr style=\"background-color:#DDDDFF;\"><td>testada_mi</td><td>5 m</td></tr>\n<tr><td>altura_max</td><td>15 m</td></tr>\n<tr style=\"background-color:#DDDDFF;\"><td>subzona</td><td>ZEIS 3</td></tr>\n<tr><td>area_max_l</td><td>22.500 m²</td></tr>\n<tr style=\"background-color:#DDDDFF;\"><td>testada_ma</td><td>150 m</td></tr>\n<tr><td>indice_a_1</td><td>0,2</td></tr>\n</table>"},"styleUrl":"#21","fill-opacity":0.596078431372549,"fill":"#5e3625","stroke-opacity":0,"stroke":"#232323","stroke-width":0.52,"id":"71","zona":"Zona Especial de Interesse Social","sigla":"ZEIS","zona_sigla":"Zona Especial de Interesse Social - ZEIS 3 / Vazio 29 - Jatobá Residence III","taxa_perm":"25.0","taxa_ocu":"65","to_sub":"Não permitido","indice_apr":"2","rec_frente":"2,5 m","rec_fundo":"2 m","rec_latera":"1,5 m","area_min_l":"90 m²","testada_mi":"5 m","altura_max":"15 m","subzona":"ZEIS 3","area_max_l":"22.500 m²","testada_ma":"150 m","indice_a_1":"0,2"},"id":"12141"},
{"type":"Feature","geometry":{"type":"MultiPolygon","coordinates":[[[[-40.30720776817286,-3.686246172993001],[-40.30806373823703,-3.685838384363294],[-40.30847375066008,-3.686679072072041],[-40.30839682484369,-3.686703485424101],[-40.30835250891113,-3.686722045763184],[-40.30830195779719,-3.686748742587924],[-40.30825761718012,-3.686778082703718],[-40.30819995369073,-3.686825013348119],[-40.30818737331995,-3.686834310221442],[-40.30813561382933,-3.686860405257246],[-40.30809159658476,-3.68688822427346],[-40.30794481078809,-3.687002190396967],[-40.30793718032837,-3.687010642561146],[-40.30788120152856,-3.687072649567824],[-40.30784034316693,-3.68713805535255],[-40.30781275850691,-3.687196863818737],[-40.30779418503727,-3.68725349941436],[-40.30778163612275,-3.687262983606731],[-40.30775887143277,-3.687278680871616],[-40.30774074873577,-3.687291177275505],[-40.30773122035133,-3.687298058139528],[-40.30772333924502,-3.687304018194106],[-40.3077233379309,-3.687304015497836],[-40.30720776817286,-3.686246172993001]]],[[[-40.30960161318517,-3.689655156288441],[-40.30900979524125,-3.689943542572809],[-40.30809236688066,-3.688061184146898],[-40.3080040578532,-3.687879993053238],[-40.30801952266229,-3.687847517252585],[-40.30804464745648,-3.687757063098604],[-40.30804608723355,-3.687742380955239],[-40.30805272337989,-3.687734261219786],[-40.30809215709512,-3.687707069905334],[-40.30814981344165,-3.687663814961773],[-40.30818378711533,-3.687633305744677],[-40.30822708281432,-3.687587257981703],[-40.30828790554445,-3.687483858684991],[-40.30831446106372,-3.687401039584295],[-40.30840124429536,-3.687333660074893],[-40.30845011497932,-3.687309021441736],[-40.30848901312134,-3.687285080317678],[-40.3085350847027,-3.687250666784836],[-40.30857691766093,-3.687216620130619],[-40.30858252254028,-3.687213660105394],[-40.30861201166339,-3.687204301363096],[-40.30866061705364,-3.687201357000617],[-40.3087077777238,-3.687194263262273],[-40.30872319127817,-3.687190522821136],[-40.30945523352729,-3.688691490179414],[-40.30948854155562,-3.689480779058103],[-40.30960161318517,-3.689655156288441]]]]},"properties":{"name":"ZEIS","description":{"@type":"html","value":"<table>\n<tr style=\"background-color:#DDDDFF;\"><td>id</td><td>74</td></tr>\n<tr><td>zona</td><td>Zona Especial de Interesse Social</td></tr>\n<tr style=\"background-color:#DDDDFF;\"><td>sigla</td><td>ZEIS</td></tr>\n<tr><td>zona_sigla</td><td>Zona Especial de Interesse Social - ZEIS 3 / Vazio 27 - Moradas da Boa Vizinhança I</td></tr>\n<tr style=\"background-color:#DDDDFF;\"><td>taxa_perm</td><td>25.0</td></tr>\n<tr><td>taxa_ocu</td><td>65</td></tr>\n<tr style=\"background-color:#DDDDFF;\"><td>to_sub</td><td>Não permitido</td></tr>\n<tr><td>indice_apr</td><td>2</td></tr>\n<tr style=\"background-color:#DDDDFF;\"><td>rec_frente</td><td>2,5 m</td></tr>\n<tr><td>rec_fundo</td><td>2 m</td></tr>\n<tr style=\"background-color:#DDDDFF;\"><td>rec_latera</td><td>1,5 m</td></tr>\n<tr><td>area_min_l</td><td>90 m²</td></tr>\n<tr style=\"background-color:#DDDDFF;\"><td>testada_mi</td><td>5 m</td></tr>\n<tr><td>altura_max</td><td>15 m</td></tr>\n<tr style=\"background-color:#DDDDFF;\"><td>subzona</td><td>ZEIS 3</td></tr>\n<tr><td>area_max_l</td><td>22.500 m²</td></tr>\n<tr style=\"background-color:#DDDDFF;\"><td>testada_ma</td><td>150 m</td></tr>\n<tr><td>indice_a_1</td><td>0,2</td></tr>\n</table>"},"styleUrl":"#21","fill-opacity":0.596078431372549,"fill":"#5e3625","stroke-opacity":0,"stroke":"#232323","stroke-width":0.52,"id":"74","zona":"Zona Especial de Interesse Social","sigla":"ZEIS","zona_sigla":"Zona Especial de Interesse Social - ZEIS 3 / Vazio 27 - Moradas da Boa Vizinhança I","taxa_perm":"25.0","taxa_ocu":"65","to_sub":"Não permitido","indice_apr":"2","rec_frente":"2,5 m","rec_fundo":"2 m","rec_latera":"1,5 m","area_min_l":"90 m²","testada_mi":"5 m","altura_max":"15 m","subzona":"ZEIS 3","area_max_l":"22.500 m²","testada_ma":"150 m","indice_a_1":"0,2"},"id":"12168"},
{"type":"Feature","geometry":{"type":"Polygon","coordinates":[[[-40.32712026323586,-3.704030603856638],[-40.32710446524111,-3.704008237949267],[-40.32704840067745,-3.703949013978574],[-40.32704840084779,-3.703949014338601],[-40.32704840067743,-3.70394901397859],[-40.32686807854422,-3.703696760736509],[-40.32686807831932,-3.703696760543633],[-40.32686628038616,-3.703695218597298],[-40.32684757530266,-3.70368055335675],[-40.32683893219927,-3.70367437085666],[-40.32682148881558,-3.70366288644508],[-40.3268123064754,-3.703657337871011],[-40.32679816682477,-3.703649364380192],[-40.32678856209817,-3.703644322933356],[-40.32677864858839,-3.703639376495859],[-40.3267687292688,-3.703634679213064],[-40.32676330144019,-3.703632182146641],[-40.32675321134659,-3.703627675055056],[-40.32675145696943,-3.703626898880719],[-40.3267426838886,-3.703623054765286],[-40.32673736446691,-3.703620652221157],[-40.32673620796098,-3.703620090860276],[-40.32673582497583,-3.703619883377585],[-40.32673295067857,-3.703618199974056],[-40.32672715492749,-3.703614742918847],[-40.32672156297128,-3.703611345301726],[-40.32671616336798,-3.703607993599548],[-40.32671069880833,-3.703604528911479],[-40.32670526789186,-3.703601019015974],[-40.32669499886291,-3.703594164015666],[-40.32668876777146,-3.703589866008703],[-40.32668750489007,-3.703589000187228],[-40.3266735991211,-3.703579524346392],[-40.3266707681444,-3.703577621301608],[-40.32665697178226,-3.703568473085324],[-40.32664525559669,-3.703560656700226],[-40.32664214893111,-3.703558499508871],[-40.32664109016393,-3.70355483641743],[-40.32663873042104,-3.703546603371743],[-40.32663819950518,-3.703544775181521],[-40.32663570203152,-3.703536286136345],[-40.32663451044205,-3.703532346104669],[-40.32663188699387,-3.703523902471358],[-40.32663137385165,-3.703522269054665],[-40.32663032410995,-3.703518963936018],[-40.32662945324944,-3.703516142921961],[-40.3266283704071,-3.703512587714086],[-40.32662714619512,-3.703508532611161],[-40.32662680179846,-3.703507400719625],[-40.32662546285,-3.70350303423161],[-40.326625160361,-3.703502054362743],[-40.32662380340656,-3.703497687901794],[-40.32662304013194,-3.703495271546024],[-40.32662164720595,-3.703490932272648],[-40.32662058694133,-3.703487698895037],[-40.32661914002432,-3.703483377791815],[-40.32661787186181,-3.70347967897738],[-40.32661636195078,-3.703475376057836],[-40.32661465498069,-3.703470651576596],[-40.32661112968457,-3.703461169179209],[-40.32660932890696,-3.703456459479715],[-40.32660562363183,-3.703447031619811],[-40.32660362087395,-3.703442079104628],[-40.32659972663031,-3.703432714840208],[-40.32659764407585,-3.703427841493243],[-40.32659356989362,-3.703418558899762],[-40.32659139213701,-3.703413725669459],[-40.32658713801619,-3.703404524746929],[-40.32658491636658,-3.703399837596584],[-40.32658049132365,-3.703390727375946],[-40.32657792935156,-3.703385591494327],[-40.32657332442394,-3.703376599122571],[-40.32657090003364,-3.703371974873536],[-40.32656613321384,-3.703363091279141],[-40.32656349411265,-3.703358289795807],[-40.3265585654276,-3.703349533067719],[-40.32655505995672,-3.703343488178585],[-40.32654822764016,-3.703332048090127],[-40.32654434034021,-3.703325736470165],[-40.326537175142,-3.70331445063845],[-40.32653306148001,-3.703308165158856],[-40.32652557244356,-3.703297060703828],[-40.32652150484729,-3.703291197235347],[-40.32651371899507,-3.703280283160869],[-40.32650953266059,-3.703274573894153],[-40.32650145900904,-3.703263859231196],[-40.32649733123586,-3.703258520716294],[-40.32648899680743,-3.703248014468781],[-40.32648476757048,-3.703242816424151],[-40.3264761903981,-3.703232536653971],[-40.32647192492581,-3.703227548518434],[-40.32646312302892,-3.703217504243038],[-40.32645873444994,-3.703212617036006],[-40.32644972586144,-3.703202826317306],[-40.32644576627542,-3.70319861408163],[-40.32643780426982,-3.703190323179701],[-40.32643391224006,-3.703186352790304],[-40.32642575237072,-3.703178197853162],[-40.32642158612706,-3.703174122824825],[-40.32641323743739,-3.703166130972437],[-40.32640922261074,-3.703162365248296],[-40.32640069409025,-3.703154527422621],[-40.32639625447025,-3.703150536804718],[-40.3263875551758,-3.703142889170216],[-40.3263828048396,-3.703138809622146],[-40.32637392578166,-3.703131361236814],[-40.32636916877404,-3.703127462047652],[-40.32636012797203,-3.703120221928913],[-40.32635484945407,-3.703116101035453],[-40.32634565596497,-3.703109105347784],[-40.32624519929416,-3.702858653190029],[-40.32618006285122,-3.702680164021297],[-40.32607636320266,-3.702357710964362],[-40.32598338356344,-3.70201363850173],[-40.32591771000219,-3.701714891875179],[-40.32587789418015,-3.701512412173718],[-40.32587563129081,-3.701473985418455],[-40.32587420745072,-3.701457922009941],[-40.3258696031689,-3.701419082721337],[-40.32586856408847,-3.701411282621609],[-40.32586365556806,-3.701378102932339],[-40.32587197166266,-3.701369711361083],[-40.32587856030038,-3.701362610569992],[-40.3258852074724,-3.701355437635475],[-40.32589173756209,-3.701348399943277],[-40.32592934567023,-3.701296820930003],[-40.32595389590038,-3.701237833188357],[-40.32598468695273,-3.701129415570987],[-40.32601547471239,-3.701020977848054],[-40.32602376587304,-3.700980062974635],[-40.32603719022199,-3.700871698562187],[-40.32603845918374,-3.700817337179045],[-40.32603015959197,-3.700709159131306],[-40.32602408848442,-3.700669202653835],[-40.32599934052809,-3.700561085469458],[-40.32598305297623,-3.700511968154952],[-40.32593905106737,-3.700412209860938],[-40.325910512597,-3.700362491626321],[-40.3258736777738,-3.700311635316325],[-40.32585583754027,-3.700289539237009],[-40.32581373034225,-3.70024264338328],[-40.32577797367735,-3.700201859916767],[-40.325768242027,-3.700189202127578],[-40.32586990203264,-3.700053852178778],[-40.32591332798678,-3.699997396710755],[-40.32609210683264,-3.700277142858724],[-40.32627099357336,-3.700547765740414],[-40.32631574344118,-3.700630420604775],[-40.32635483580017,-3.700695497802061],[-40.32643640093725,-3.700821870119993],[-40.32660504487826,-3.701069877050585],[-40.32665544746116,-3.701148072581638],[-40.32668742638652,-3.70118819576243],[-40.32672890461751,-3.701241185869992],[-40.32680544389719,-3.701353251184148],[-40.3272827865089,-3.702069925441519],[-40.32756820680938,-3.70250023129423],[-40.32765309584236,-3.702627541718527],[-40.32779262541993,-3.702842106457949],[-40.3278282807785,-3.702894576204562],[-40.32787490607823,-3.702963189092479],[-40.32795754494494,-3.703091428996555],[-40.32813965323503,-3.703388767415597],[-40.32789573504575,-3.703518913423276],[-40.32742627604547,-3.703771702494242],[-40.32720754892924,-3.703893958795631],[-40.32714283888363,-3.703940433388722],[-40.32712166214774,-3.703970012055944],[-40.32711647454867,-3.703986476316589],[-40.32712026323586,-3.704030603856638]]]},"properties":{"name":"ZEIS","description":{"@type":"html","value":"<table>\n<tr style=\"background-color:#DDDDFF;\"><td>id</td><td>67</td></tr>\n<tr><td>zona</td><td>Zona Especial de Interesse Social</td></tr>\n<tr style=\"background-color:#DDDDFF;\"><td>sigla</td><td>ZEIS</td></tr>\n<tr><td>zona_sigla</td><td>Zona Especial de Interesse Social - ZEIS 3 / Vazio 16 - Cohab II</td></tr>\n<tr style=\"background-color:#DDDDFF;\"><td>taxa_perm</td><td>25.0</td></tr>\n<tr><td>taxa_ocu</td><td>65</td></tr>\n<tr style=\"background-color:#DDDDFF;\"><td>to_sub</td><td>Não permitido</td></tr>\n<tr><td>indice_apr</td><td>2</td></tr>\n<tr style=\"background-color:#DDDDFF;\"><td>rec_frente</td><td>2,5 m</td></tr>\n<tr><td>rec_fundo</td><td>2 m</td></tr>\n<tr style=\"background-color:#DDDDFF;\"><td>rec_latera</td><td>1,5 m</td></tr>\n<tr><td>area_min_l</td><td>90 m²</td></tr>\n<tr style=\"background-color:#DDDDFF;\"><td>testada_mi</td><td>5 m</td></tr>\n<tr><td>altura_max</td><td>15 m</td></tr>\n<tr style=\"background-color:#DDDDFF;\"><td>subzona</td><td>ZEIS 3</td></tr>\n<tr><td>area_max_l</td><td>22.500 m²</td></tr>\n<tr style=\"background-color:#DDDDFF;\"><td>testada_ma</td><td>150 m</td></tr>\n<tr><td>indice_a_1</td><td>0,2</td></tr>\n</table>"},"styleUrl":"#21","fill-opacity":0.596078431372549,"fill":"#5e3625","stroke-opacity":0,"stroke":"#232323","stroke-width":0.52,"id":"67","zona":"Zona Especial de Interesse Social","sigla":"ZEIS","zona_sigla":"Zona Especial de Interesse Social - ZEIS 3 / Vazio 16 - Cohab II","taxa_perm":"25.0","taxa_ocu":"65","to_sub":"Não permitido","indice_apr":"2","rec_frente":"2,5 m","rec_fundo":"2 m","rec_latera":"1,5 m","area_min_l":"90 m²","testada_mi":"5 m","altura_max":"15 m","subzona":"ZEIS 3","area_max_l":"22.500 m²","testada_ma":"150 m","indice_a_1":"0,2"},"id":"12417"},
{"type":"Feature","geometry":{"type":"Polygon","coordinates":[[[-40.30772333924502,-3.687304018194106],[-40.30770234356768,-3.68731988257072],[-40.30765597256678,-3.687364529755539],[-40.30762581784146,-3.68740142589668],[-40.30758861529448,-3.687443321227308],[-40.30754649889031,-3.687506892616536],[-40.30752368225607,-3.687579735868745],[-40.30751172743111,-3.687656413373397],[-40.30750047269511,-3.687678232062544],[-40.30745415105373,-3.687731820897222],[-40.30742458383229,-3.687773354656105],[-40.30739094196568,-3.687831489185105],[-40.30737047568625,-3.687875510778639],[-40.30735128106057,-3.687928783592686],[-40.30734312349178,-3.687955714330746],[-40.30732875404381,-3.688013820439277],[-40.30732694226408,-3.688028786947839],[-40.30732078606918,-3.688079641224198],[-40.30713477024459,-3.688163520967858],[-40.30707651378594,-3.687935711040223],[-40.30695564308509,-3.68735492967232],[-40.30684841537257,-3.686839701386795],[-40.30676844969587,-3.68645546622012],[-40.30720776817286,-3.686246172993001],[-40.30772333924502,-3.687304018194106]]]},"properties":{"name":"ZEIS","description":{"@type":"html","value":"<table>\n<tr style=\"background-color:#DDDDFF;\"><td>id</td><td>75</td></tr>\n<tr><td>zona</td><td>Zona Especial de Interesse Social</td></tr>\n<tr style=\"background-color:#DDDDFF;\"><td>sigla</td><td>ZEIS</td></tr>\n<tr><td>zona_sigla</td><td>Zona Especial de Interesse Social - ZEIS 3 / Vazio 28 - Moradas da Boa Vizinhança II</td></tr>\n<tr style=\"background-color:#DDDDFF;\"><td>taxa_perm</td><td>25.0</td></tr>\n<tr><td>taxa_ocu</td><td>65</td></tr>\n<tr style=\"background-color:#DDDDFF;\"><td>to_sub</td><td>Não permitido</td></tr>\n<tr><td>indice_apr</td><td>2</td></tr>\n<tr style=\"background-color:#DDDDFF;\"><td>rec_frente</td><td>2,5 m</td></tr>\n<tr><td>rec_fundo</td><td>2 m</td></tr>\n<tr style=\"background-color:#DDDDFF;\"><td>rec_latera</td><td>1,5 m</td></tr>\n<tr><td>area_min_l</td><td>90 m²</td></tr>\n<tr style=\"background-color:#DDDDFF;\"><td>testada_mi</td><td>5 m</td></tr>\n<tr><td>altura_max</td><td>15 m</td></tr>\n<tr style=\"background-color:#DDDDFF;\"><td>subzona</td><td>ZEIS 3</td></tr>\n<tr><td>area_max_l</td><td>22.500 m²</td></tr>\n<tr style=\"background-color:#DDDDFF;\"><td>testada_ma</td><td>150 m</td></tr>\n<tr><td>indice_a_1</td><td>0,2</td></tr>\n</table>"},"styleUrl":"#21","fill-opacity":0.596078431372549,"fill":"#5e3625","stroke-opacity":0,"stroke":"#232323","stroke-width":0.52,"id":"75","zona":"Zona Especial de Interesse Social","sigla":"ZEIS","zona_sigla":"Zona Especial de Interesse Social - ZEIS 3 / Vazio 28 - Moradas da Boa Vizinhança II","taxa_perm":"25.0","taxa_ocu":"65","to_sub":"Não permitido","indice_apr":"2","rec_frente":"2,5 m","rec_fundo":"2 m","rec_latera":"1,5 m","area_min_l":"90 m²","testada_mi":"5 m","altura_max":"15 m","subzona":"ZEIS 3","area_max_l":"22.500 m²","testada_ma":"150 m","indice_a_1":"0,2"},"id":"12579"},
{"type":"Feature","geometry":{"type":"Polygon","coordinates":[[[-40.3409582408514,-3.672913432057433],[-40.34098503893951,-3.673045431857402],[-40.34105368609736,-3.673277060327302],[-40.3410564476203,-3.673286378297997],[-40.34106045069602,-3.673296959718774],[-40.3410919800025,-3.673380299477222],[-40.34112219588521,-3.673476973957478],[-40.34114771977554,-3.673558636572528],[-40.34117213713385,-3.673619153380165],[-40.34119506504125,-3.673711949416417],[-40.34125232608058,-3.673905192188895],[-40.34126216426328,-3.673938394064886],[-40.34126473531969,-3.673973890621821],[-40.34127077553219,-3.674057295910762],[-40.34126395407736,-3.674160889744849],[-40.34125259726532,-3.674223015209647],[-40.34122613080224,-3.674310144265431],[-40.3412234260985,-3.674342493160954],[-40.34115865010044,-3.674442575564993],[-40.34113228005238,-3.674478925726043],[-40.34104326809503,-3.674601625482492],[-40.34096240986904,-3.674719314570449],[-40.34087837834753,-3.674847966717545],[-40.34058897041116,-3.674286112815964],[-40.34050615081531,-3.674120584536662],[-40.3404958402254,-3.674100794492495],[-40.34048354175496,-3.674081546493034],[-40.3404835417549,-3.674081546492899],[-40.34044897899548,-3.673997902855787],[-40.34043030562022,-3.67395987728721],[-40.34039569802462,-3.673903489218721],[-40.34025594356815,-3.673634608664504],[-40.3402205906941,-3.6735716599399],[-40.34021071723008,-3.673552044722248],[-40.34019136603416,-3.673513600468303],[-40.34015076292548,-3.673439863259879],[-40.34008242497873,-3.673312797294496],[-40.34003782207475,-3.673224017002169],[-40.33998852721864,-3.673132810415081],[-40.33995903387727,-3.673078241076265],[-40.33991076625721,-3.672985998635234],[-40.33985214037001,-3.672879995241467],[-40.33976877734121,-3.672728347255207],[-40.33972926337528,-3.672661676615899],[-40.34024800613711,-3.672417260161076],[-40.34054856133646,-3.672275647149127],[-40.34057586012009,-3.672264811468871],[-40.34059769820039,-3.672260818915844],[-40.34061331293331,-3.672260572003843],[-40.34061501720701,-3.672261223352492],[-40.34062534103195,-3.67226516747431],[-40.34064261340644,-3.672280778445161],[-40.34065613941983,-3.672297959750228],[-40.34075836894772,-3.672494576331569],[-40.34079663758929,-3.672568885019858],[-40.34083352156564,-3.672637117907587],[-40.34086293782833,-3.672696061033514],[-40.34089090143802,-3.672752093380236],[-40.3409582408514,-3.672913432057433]]]},"properties":{"name":"ZEIS","description":{"@type":"html","value":"<table>\n<tr style=\"background-color:#DDDDFF;\"><td>id</td><td>140</td></tr>\n<tr><td>zona</td><td>Zona Especial de Interesse Social</td></tr>\n<tr style=\"background-color:#DDDDFF;\"><td>sigla</td><td>ZEIS</td></tr>\n<tr><td>zona_sigla</td><td>Zona Especial de Interesse Social - ZEIS 2 / Conjunto</td></tr>\n<tr style=\"background-color:#DDDDFF;\"><td>taxa_perm</td><td>25.0</td></tr>\n<tr><td>taxa_ocu</td><td>70</td></tr>\n<tr style=\"background-color:#DDDDFF;\"><td>to_sub</td><td>Não permitido</td></tr>\n<tr><td>indice_apr</td><td>2.5</td></tr>\n<tr style=\"background-color:#DDDDFF;\"><td>rec_frente</td><td>3 m</td></tr>\n<tr><td>rec_fundo</td><td>2 m</td></tr>\n<tr style=\"background-color:#DDDDFF;\"><td>rec_latera</td><td>1.5 m</td></tr>\n<tr><td>area_min_l</td><td>90 m²</td></tr>\n<tr style=\"background-color:#DDDDFF;\"><td>testada_mi</td><td>5 m</td></tr>\n<tr><td>altura_max</td><td>15 m</td></tr>\n<tr style=\"background-color:#DDDDFF;\"><td>subzona</td><td>ZEIS</td></tr>\n<tr><td>area_max_l</td><td>22.500 m²</td></tr>\n<tr style=\"background-color:#DDDDFF;\"><td>testada_ma</td><td>150 m</td></tr>\n<tr><td>indice_a_1</td><td>-</td></tr>\n</table>"},"styleUrl":"#21","fill-opacity":0.596078431372549,"fill":"#5e3625","stroke-opacity":0,"stroke":"#232323","stroke-width":0.52,"id":"140","zona":"Zona Especial de Interesse Social","sigla":"ZEIS","zona_sigla":"Zona Especial de Interesse Social - ZEIS 2 / Conjunto","taxa_perm":"25.0","taxa_ocu":"70","to_sub":"Não permitido","indice_apr":"2.5","rec_frente":"3 m","rec_fundo":"2 m","rec_latera":"1.5 m","area_min_l":"90 m²","testada_mi":"5 m","altura_max":"15 m","subzona":"ZEIS","area_max_l":"22.500 m²","testada_ma":"150 m","indice_a_1":"-"},"id":"12714"},
{"type":"Feature","geometry":{"type":"Polygon","coordinates":[[[-40.36588480518751,-3.693745661854395],[-40.36590635726443,-3.693814177685045],[-40.36600561858906,-3.694094610689422],[-40.36605546754548,-3.694183872220235],[-40.36619012757652,-3.694142715067856],[-40.36660982279482,-3.694023948548775],[-40.36662927650331,-3.694018398732121],[-40.36715935074681,-3.693867165027755],[-40.3674446430855,-3.693790661190754],[-40.36769718429937,-3.693715415310892],[-40.36781108010677,-3.694132251367357],[-40.36783740157964,-3.694214011520975],[-40.36785904010203,-3.694291254919894],[-40.36789046102221,-3.694423738824435],[-40.36800394029033,-3.694844098205635],[-40.36688322885329,-3.695032697628071],[-40.36680471258735,-3.695047807245273],[-40.36669476346308,-3.695073748104257],[-40.36641810661659,-3.695132955654112],[-40.36634469227094,-3.695146347067257],[-40.36615141582918,-3.695188059728934],[-40.3659259973716,-3.695236709183341],[-40.36552621612369,-3.695321078986382],[-40.36541219033445,-3.694922086277211],[-40.36531693573045,-3.694588776178541],[-40.36525324924782,-3.694397452104704],[-40.3651466757801,-3.694421989290632],[-40.36506834575353,-3.694443524484603],[-40.36479219963582,-3.694531262993294],[-40.36476357098963,-3.694444799515369],[-40.36470262515191,-3.694213455196287],[-40.36469992754477,-3.694194355828185],[-40.36470040610078,-3.694172297669541],[-40.36471519197917,-3.694125556152528],[-40.36498791628482,-3.694045044016127],[-40.36506973892843,-3.69401438763062],[-40.36509096133663,-3.694011542097201],[-40.36527072469698,-3.693965821361039],[-40.36551866651588,-3.693894481236244],[-40.36550626660562,-3.693831214185868],[-40.3654498364625,-3.693607510925551],[-40.36544233741801,-3.693581575371181],[-40.36547739883267,-3.693570656806691],[-40.36551836598194,-3.693557769984762],[-40.36552016857071,-3.693564127722728],[-40.36556858024638,-3.693548914718595],[-40.36561939272794,-3.693532947276218],[-40.36569272397765,-3.69350990347384],[-40.36574263716125,-3.693494218621691],[-40.36575749228301,-3.693489550507926],[-40.36575988136178,-3.693488799757314],[-40.36578842366884,-3.693483557007734],[-40.3658122391906,-3.69347918248971],[-40.36585244892699,-3.693626842109853],[-40.3658649067953,-3.693672590318164],[-40.36588480518751,-3.693745661854395]]]},"properties":{"name":"ZEIS","description":{"@type":"html","value":"<table>\n<tr style=\"background-color:#DDDDFF;\"><td>id</td><td>143</td></tr>\n<tr><td>zona</td><td>Zona Especial de Interesse Social</td></tr>\n<tr style=\"background-color:#DDDDFF;\"><td>sigla</td><td>ZEIS</td></tr>\n<tr><td>zona_sigla</td><td>Zona Especial de Interesse Social - ZEIS 2 / Conjunto</td></tr>\n<tr style=\"background-color:#DDDDFF;\"><td>taxa_perm</td><td>25.0</td></tr>\n<tr><td>taxa_ocu</td><td>70</td></tr>\n<tr style=\"background-color:#DDDDFF;\"><td>to_sub</td><td>Não permitido</td></tr>\n<tr><td>indice_apr</td><td>1,5</td></tr>\n<tr style=\"background-color:#DDDDFF;\"><td>rec_frente</td><td>1,5 m</td></tr>\n<tr><td>rec_fundo</td><td>2 m</td></tr>\n<tr style=\"background-color:#DDDDFF;\"><td>rec_latera</td><td>1,5 m</td></tr>\n<tr><td>area_min_l</td><td>90 m²</td></tr>\n<tr style=\"background-color:#DDDDFF;\"><td>testada_mi</td><td>5 m</td></tr>\n<tr><td>altura_max</td><td>15 m</td></tr>\n<tr style=\"background-color:#DDDDFF;\"><td>subzona</td><td>ZEIS 2</td></tr>\n<tr><td>area_max_l</td><td>22.500 m²</td></tr>\n<tr style=\"background-color:#DDDDFF;\"><td>testada_ma</td><td>150 m</td></tr>\n<tr><td>indice_a_1</td><td>-</td></tr>\n</table>"},"styleUrl":"#21","fill-opacity":0.596078431372549,"fill":"#5e3625","stroke-opacity":0,"stroke":"#232323","stroke-width":0.52,"id":"143","zona":"Zona Especial de Interesse Social","sigla":"ZEIS","zona_sigla":"Zona Especial de Interesse Social - ZEIS 2 / Conjunto","taxa_perm":"25.0","taxa_ocu":"70","to_sub":"Não permitido","indice_apr":"1,5","rec_frente":"1,5 m","rec_fundo":"2 m","rec_latera":"1,5 m","area_min_l":"90 m²","testada_mi":"5 m","altura_max":"15 m","subzona":"ZEIS 2","area_max_l":"22.500 m²","testada_ma":"150 m","indice_a_1":"-"},"id":"12772"},
{"type":"Feature","geometry":{"type":"MultiPolygon","coordinates":[[[[-40.38182753364684,-3.669352640514675],[-40.38230328567564,-3.669843133557114],[-40.38202150757614,-3.670423215770466],[-40.38065893472966,-3.669869162196497],[-40.38025241520182,-3.669912334649182],[-40.38018817970109,-3.669839985422404],[-40.38018275434951,-3.669709593415692],[-40.38018475966782,-3.669619139923701],[-40.38011171976679,-3.669434241299091],[-40.38004383818595,-3.669244781472061],[-40.38001683799389,-3.669099222784701],[-40.38001574811642,-3.669000033784449],[-40.38001561225236,-3.668987668861586],[-40.3800248873147,-3.668668603139162],[-40.38003227888429,-3.668453381854158],[-40.38003956603887,-3.668241201284399],[-40.38004531152622,-3.668128173896602],[-40.380061251725,-3.668089609576536],[-40.38006270841863,-3.668086085379528],[-40.38006315789689,-3.668084997951173],[-40.38020877500901,-3.667991738200981],[-40.38042551302856,-3.667895921269484],[-40.38055525439945,-3.667784468676409],[-40.38060709971197,-3.667720301082596],[-40.38060904062768,-3.667716639387735],[-40.38063477454463,-3.667638661899649],[-40.38063724319463,-3.66763118153299],[-40.38063880210822,-3.667626457799261],[-40.38065050990174,-3.667590981490232],[-40.38065124634569,-3.66758874995844],[-40.38066351613105,-3.667579270769024],[-40.38075761634033,-3.6675199575881],[-40.38182753364684,-3.669352640514675]]],[[[-40.38023444956929,-3.667386951941796],[-40.3801534894716,-3.667476899751533],[-40.38015082444884,-3.667517080868299],[-40.38011399052892,-3.667540532432935],[-40.38007304462124,-3.667557060541694],[-40.38003385546715,-3.667577460505539],[-40.37992399377445,-3.667629178245961],[-40.3799114361487,-3.667635089787062],[-40.37991035972392,-3.667635596517344],[-40.37990041644699,-3.667629334253689],[-40.3798855015154,-3.667619940847579],[-40.37978802582421,-3.667558550760598],[-40.3797406418666,-3.667534858045042],[-40.37963400722671,-3.66749408544299],[-40.37954322846988,-3.667413863592342],[-40.37953207644439,-3.667369339644595],[-40.37949743175619,-3.66706418635593],[-40.37950724300666,-3.667001607796054],[-40.37950180581559,-3.66693051219605],[-40.37946397958466,-3.666777526327577],[-40.37932437455823,-3.666594439670697],[-40.3792728416968,-3.666558373451581],[-40.37922601169399,-3.666525598608295],[-40.37907978691618,-3.666264437702151],[-40.37910352378746,-3.666223007271238],[-40.3792877046927,-3.665901508474314],[-40.3794449153586,-3.666104031332481],[-40.3799029396002,-3.666652358334748],[-40.38042469330991,-3.66718200121247],[-40.38029926019799,-3.667302309407153],[-40.38023444956929,-3.667386951941796]]],[[[-40.3797968995456,-3.671847831531725],[-40.37852982291015,-3.672419095334908],[-40.37755292862291,-3.6722307069324],[-40.37621781276257,-3.671059506688235],[-40.37546537242408,-3.670306527871815],[-40.37587739344076,-3.669492234021133],[-40.37525000581905,-3.669192513681884],[-40.37495928777273,-3.669044382835742],[-40.37470567405445,-3.668945453717965],[-40.37345851539038,-3.66854647634973],[-40.37337249916584,-3.668530492794572],[-40.37327903002942,-3.668507599076124],[-40.37328765388499,-3.668335661791544],[-40.37330324477232,-3.668127161043077],[-40.37331933970456,-3.668027097623714],[-40.37333987209202,-3.667941861001437],[-40.37342857652627,-3.667667212114091],[-40.37347702778075,-3.667535631753843],[-40.37349620054952,-3.667490932184173],[-40.3735498938915,-3.66737996124183],[-40.37360358977552,-3.667284814285137],[-40.37367345471264,-3.667185349063491],[-40.37374825528342,-3.667093279937825],[-40.37387125892115,-3.666966567233334],[-40.37394799756562,-3.666896822892737],[-40.37414973112286,-3.666727495798503],[-40.37430035016867,-3.6666046060653],[-40.37437237418791,-3.666539600979009],[-40.37448446206515,-3.666449368248228],[-40.37462972609639,-3.666336336036779],[-40.37477768865175,-3.666207145555549],[-40.37482786808394,-3.666163332467547],[-40.37499348980333,-3.666035905525403],[-40.37519468591935,-3.665869801665248],[-40.37532650307028,-3.665764030136845],[-40.37551384581894,-3.665606595809954],[-40.3755732792132,-3.665561873948077],[-40.37563082772626,-3.665514140229138],[-40.37574938226648,-3.665415016202967],[-40.37584389571536,-3.665328029391174],[-40.3759356698859,-3.665205233937574],[-40.37599765746413,-3.665114725688232],[-40.37602985147682,-3.665037796442443],[-40.37607486285754,-3.664908828918773],[-40.37609157090982,-3.664847251002644],[-40.37610986971394,-3.664750934047253],[-40.37611905957989,-3.664682128642387],[-40.37612083911716,-3.664658406218652],[-40.37612542427416,-3.664597284750678],[-40.37612312082612,-3.664483189468322],[-40.3761071242742,-3.664356464087557],[-40.37608112469857,-3.66425067006748],[-40.37605958661823,-3.664190158683058],[-40.37603210026381,-3.66412705079717],[-40.37592139678743,-3.663916975938223],[-40.37582880276153,-3.66375115510847],[-40.37575902616004,-3.663608784511938],[-40.37572021237448,-3.663497531151187],[-40.3757068877499,-3.663440279321056],[-40.37569801232972,-3.663321267693365],[-40.37569474782369,-3.663277502647052],[-40.37569705946927,-3.663206062371722],[-40.37569961007803,-3.66317142857022],[-40.37570849269827,-3.663107715598041],[-40.37572626930717,-3.66303076428395],[-40.37575155099172,-3.662948344952128],[-40.37578681254803,-3.662849867389548],[-40.37580202857421,-3.662811632507941],[-40.37582735065514,-3.662748005443069],[-40.37601169093714,-3.662306133278009],[-40.37603602658584,-3.662242670536111],[-40.37604857476683,-3.662208289944692],[-40.37605420509737,-3.662191337603033],[-40.37606139704353,-3.662168291492685],[-40.37609915072269,-3.662059393735186],[-40.37612118975785,-3.661987030385134],[-40.37614342084975,-3.661894236485538],[-40.37616602151721,-3.661772543115244],[-40.37632533613766,-3.661857640984311],[-40.37739922470825,-3.662532566761109],[-40.37715754041782,-3.662862796357849],[-40.37742669961342,-3.663201088304904],[-40.37791521169996,-3.664004403397494],[-40.37794836987594,-3.664069833969025],[-40.37899446307109,-3.665512133024663],[-40.3789137474683,-3.665699719334554],[-40.37886642081773,-3.665785582850923],[-40.37879107562996,-3.665892444621178],[-40.37875646139489,-3.665922296673066],[-40.37868904862109,-3.666042592880199],[-40.37864808491094,-3.666139303486138],[-40.3786450962897,-3.666300959268078],[-40.37868585264334,-3.666414679575231],[-40.37883648192061,-3.666709654780862],[-40.37898653342332,-3.666989894554576],[-40.37900423968691,-3.66700467875473],[-40.37906950138478,-3.667059170310205],[-40.37906943230419,-3.667066797097129],[-40.37908182746236,-3.667119915363932],[-40.37908881056673,-3.667168360678592],[-40.37910583629508,-3.667286476686056],[-40.37912789416134,-3.667439503047176],[-40.37918593783291,-3.667677998458907],[-40.37919188745548,-3.667692563123861],[-40.37922799909951,-3.667743324377116],[-40.3793018770137,-3.667907216658171],[-40.37935408882522,-3.667956553963738],[-40.37954467734458,-3.668032926495601],[-40.37955431079439,-3.668051828763536],[-40.37958044608327,-3.668103110098977],[-40.37959437489999,-3.668130440511395],[-40.37959734774842,-3.66813627368228],[-40.37956841585844,-3.668727945712409],[-40.37956399816952,-3.668818289917589],[-40.37956342595587,-3.668829992010108],[-40.37926511911073,-3.669085079001214],[-40.37921212253127,-3.669139342967341],[-40.37905261551283,-3.66930266447216],[-40.37903244190356,-3.669353659870005],[-40.37905649006824,-3.669731899477358],[-40.37907041951274,-3.669780797921379],[-40.37911857607935,-3.66983202765312],[-40.3791387070819,-3.669856000541664],[-40.37924279551591,-3.669979953618618],[-40.37949958854527,-3.670407791446802],[-40.37962019818193,-3.670493849490424],[-40.37946271186419,-3.671291928616349],[-40.3797968995456,-3.671847831531725]]]]},"properties":{"name":"ZEIS","description":{"@type":"html","value":"<table>\n<tr style=\"background-color:#DDDDFF;\"><td>id</td><td>149</td></tr>\n<tr><td>zona</td><td>Zona Especial de Interesse Social</td></tr>\n<tr style=\"background-color:#DDDDFF;\"><td>sigla</td><td>ZEIS</td></tr>\n<tr><td>zona_sigla</td><td>Zona Especial de Interesse Social - ZEIS 2 / Conjunto</td></tr>\n<tr style=\"background-color:#DDDDFF;\"><td>taxa_perm</td><td>25.0</td></tr>\n<tr><td>taxa_ocu</td><td>70</td></tr>\n<tr style=\"background-color:#DDDDFF;\"><td>to_sub</td><td>Não permitido</td></tr>\n<tr><td>indice_apr</td><td>1,5</td></tr>\n<tr style=\"background-color:#DDDDFF;\"><td>rec_frente</td><td>1,5 m</td></tr>\n<tr><td>rec_fundo</td><td>2 m</td></tr>\n<tr style=\"background-color:#DDDDFF;\"><td>rec_latera</td><td>1,5 m</td></tr>\n<tr><td>area_min_l</td><td>90 m²</td></tr>\n<tr style=\"background-color:#DDDDFF;\"><td>testada_mi</td><td>5 m</td></tr>\n<tr><td>altura_max</td><td>15 m</td></tr>\n<tr style=\"background-color:#DDDDFF;\"><td>subzona</td><td>ZEIS 2</td></tr>\n<tr><td>area_max_l</td><td>22.500 m²</td></tr>\n<tr style=\"background-color:#DDDDFF;\"><td>testada_ma</td><td>150 m</td></tr>\n<tr><td>indice_a_1</td><td>-</td></tr>\n</table>"},"styleUrl":"#21","fill-opacity":0.596078431372549,"fill":"#5e3625","stroke-opacity":0,"stroke":"#232323","stroke-width":0.52,"id":"149","zona":"Zona Especial de Interesse Social","sigla":"ZEIS","zona_sigla":"Zona Especial de Interesse Social - ZEIS 2 / Conjunto","taxa_perm":"25.0","taxa_ocu":"70","to_sub":"Não permitido","indice_apr":"1,5","rec_frente":"1,5 m","rec_fundo":"2 m","rec_latera":"1,5 m","area_min_l":"90 m²","testada_mi":"5 m","altura_max":"15 m","subzona":"ZEIS 2","area_max_l":"22.500 m²","testada_ma":"150 m","indice_a_1":"-"},"id":"12799"},
{"type":"Feature","geometry":{"type":"Polygon","coordinates":[[[-40.36217073276354,-3.69607022182875],[-40.36201926182031,-3.696102188204311],[-40.36180628639897,-3.696109232902018],[-40.36152211955356,-3.696124152328537],[-40.36131209523197,-3.696143095271573],[-40.36084893280747,-3.696267939248795],[-40.3605627978846,-3.696342858212558],[-40.36028487502844,-3.696401213629998],[-40.35994926845655,-3.696445175681712],[-40.35973100021868,-3.696459993254493],[-40.35952092836273,-3.696447903051087],[-40.35930166141306,-3.696415210033239],[-40.35905342294004,-3.696322700522654],[-40.35855173220064,-3.696159950237951],[-40.35756466009198,-3.695839651331231],[-40.35756186468469,-3.695838777737252],[-40.35714209757286,-3.695712592774934],[-40.35664937079581,-3.695556676607858],[-40.35663605901078,-3.695553201992332],[-40.35650106946709,-3.695525252469178],[-40.3564823989039,-3.695522734476147],[-40.3564198715617,-3.695518731377705],[-40.35588501752741,-3.695498489525034],[-40.35583453615101,-3.695497050790021],[-40.35579498389647,-3.695480058462582],[-40.3557590394459,-3.695443571526353],[-40.35574467871905,-3.695421442597572],[-40.35576857136883,-3.695413748085969],[-40.35575556252786,-3.695361733734257],[-40.35574819376786,-3.695343389400491],[-40.35573328575309,-3.695264968286717],[-40.35573184593186,-3.695213796328527],[-40.35572737887139,-3.695168824428331],[-40.35574682241191,-3.695076408721459],[-40.35577547928717,-3.694951408866483],[-40.35582321772492,-3.694743176176235],[-40.35582624027064,-3.694716094397299],[-40.35582466044809,-3.694672325502514],[-40.35581611313337,-3.694644430269818],[-40.35580131740162,-3.694617418300195],[-40.35578252891523,-3.694596333821215],[-40.35575298771722,-3.694573639631085],[-40.3557106573725,-3.694557047397288],[-40.35563011477861,-3.694538824204797],[-40.35558790211126,-3.694533329272756],[-40.35560740208748,-3.694459098168847],[-40.35561783497834,-3.694429126201511],[-40.35564113856302,-3.694343572003643],[-40.35567186779589,-3.694244457907896],[-40.35568302968564,-3.694200693910889],[-40.35569559197248,-3.694147148954684],[-40.35572230352882,-3.694056527383976],[-40.35574245184326,-3.693995440433917],[-40.35577423695675,-3.693908097830998],[-40.35578292955632,-3.693891741270073],[-40.35581403884188,-3.69385322684399],[-40.35585724179676,-3.693732392494574],[-40.35592795643237,-3.693368361628483],[-40.35628757916014,-3.693497747152174],[-40.35656810995326,-3.693604262834161],[-40.35686169372601,-3.693711218752519],[-40.35758675425152,-3.693987031141979],[-40.35805835620983,-3.694169262253242],[-40.35816375112644,-3.694206521716987],[-40.35864046319706,-3.694372760424807],[-40.35873563778806,-3.694408597434309],[-40.3589448845821,-3.694479550497745],[-40.3593998795913,-3.694652464241965],[-40.35945590277843,-3.694667585419411],[-40.35945796756967,-3.694648953508671],[-40.35947591653893,-3.69451651871758],[-40.35947966950491,-3.694473734776924],[-40.359506623778,-3.694231744070705],[-40.35953083439555,-3.693977587445855],[-40.35954371454246,-3.69377459156255],[-40.35957053601668,-3.693451161943496],[-40.35959090633261,-3.693205524498139],[-40.35962626536885,-3.692646211907765],[-40.3596304037437,-3.69255969049858],[-40.35962802120886,-3.692519785769238],[-40.35960080884689,-3.692428089891653],[-40.35951873221076,-3.692278561417182],[-40.35949580033826,-3.692189804188306],[-40.35946880054423,-3.692022613881454],[-40.35947450917137,-3.691933220270231],[-40.359514064217,-3.691744699688354],[-40.35952910021298,-3.691704751935179],[-40.35953620171718,-3.691685886184157],[-40.35954712395044,-3.691650415390732],[-40.35955616101727,-3.691622057289892],[-40.35956440991859,-3.691598156572188],[-40.35961789175035,-3.691469441803094],[-40.35972020016919,-3.691704828867713],[-40.35975664866954,-3.691791294520737],[-40.35981411501528,-3.691944004240411],[-40.35989246839916,-3.692178015087913],[-40.36017080190064,-3.693262247779468],[-40.36022221972224,-3.693449053118967],[-40.36039867461844,-3.693841737943666],[-40.36050414843987,-3.694045738707639],[-40.36057728793153,-3.694173759615622],[-40.360686438674,-3.69434669695075],[-40.36079811103374,-3.694507480172121],[-40.36090174438124,-3.694637399994579],[-40.36104003647953,-3.69479779899118],[-40.36124443522463,-3.695017125898512],[-40.36169119891937,-3.695474939677486],[-40.36189416503445,-3.69569443232946],[-40.36198686419834,-3.695805069660713],[-40.36202635142833,-3.695857033658468],[-40.36213676780007,-3.69601263291449],[-40.36217073276354,-3.69607022182875]]]},"properties":{"name":"ZEIS","description":{"@type":"html","value":"<table>\n<tr style=\"background-color:#DDDDFF;\"><td>id</td><td>153</td></tr>\n<tr><td>zona</td><td>Zona Especial de Interesse Social</td></tr>\n<tr style=\"background-color:#DDDDFF;\"><td>sigla</td><td>ZEIS</td></tr>\n<tr><td>zona_sigla</td><td>Zona Especial de Interesse Social - ZEIS 1 / Ocupação</td></tr>\n<tr style=\"background-color:#DDDDFF;\"><td>taxa_perm</td><td>15.0</td></tr>\n<tr><td>taxa_ocu</td><td>80</td></tr>\n<tr style=\"background-color:#DDDDFF;\"><td>to_sub</td><td>Não permitido</td></tr>\n<tr><td>indice_apr</td><td>1,5</td></tr>\n<tr style=\"background-color:#DDDDFF;\"><td>rec_frente</td><td>1,5 m</td></tr>\n<tr><td>rec_fundo</td><td>1,5 m</td></tr>\n<tr style=\"background-color:#DDDDFF;\"><td>rec_latera</td><td>0,00 m</td></tr>\n<tr><td>area_min_l</td><td>90 m²</td></tr>\n<tr style=\"background-color:#DDDDFF;\"><td>testada_mi</td><td>5 m</td></tr>\n<tr><td>altura_max</td><td>9 m</td></tr>\n<tr style=\"background-color:#DDDDFF;\"><td>subzona</td><td>ZEIS 1</td></tr>\n<tr><td>area_max_l</td><td>22.500 m²</td></tr>\n<tr style=\"background-color:#DDDDFF;\"><td>testada_ma</td><td>150 m</td></tr>\n<tr><td>indice_a_1</td><td>-</td></tr>\n</table>"},"styleUrl":"#21","fill-opacity":0.596078431372549,"fill":"#5e3625","stroke-opacity":0,"stroke":"#232323","stroke-width":0.52,"id":"153","zona":"Zona Especial de Interesse Social","sigla":"ZEIS","zona_sigla":"Zona Especial de Interesse Social - ZEIS 1 / Ocupação","taxa_perm":"15.0","taxa_ocu":"80","to_sub":"Não permitido","indice_apr":"1,5","rec_frente":"1,5 m","rec_fundo":"1,5 m","rec_latera":"0,00 m","area_min_l":"90 m²","testada_mi":"5 m","altura_max":"9 m","subzona":"ZEIS 1","area_max_l":"22.500 m²","testada_ma":"150 m","indice_a_1":"-"},"id":"12838"},
{"type":"Feature","geometry":{"type":"Polygon","coordinates":[[[-40.36220025913534,-3.697604291315357],[-40.36222052870648,-3.697598937789356],[-40.36222070432054,-3.697602286027451],[-40.36222416699521,-3.697615972984396],[-40.36222544815207,-3.697628393470882],[-40.36222873331867,-3.697640800920985],[-40.36223021224659,-3.697650081797316],[-40.36223461814652,-3.697665949710518],[-40.36224357434901,-3.697690842333909],[-40.36225513815022,-3.697720111134128],[-40.36226638643745,-3.697744979423236],[-40.36228946539128,-3.697786390652925],[-40.36230080974161,-3.697809313346145],[-40.36230755786036,-3.697820253887175],[-40.36231819932716,-3.697842152029841],[-40.36232282193556,-3.697848412664299],[-40.36235356776439,-3.697899677963734],[-40.36239357304727,-3.697956101829474],[-40.36239312734648,-3.698001631730008],[-40.36239005129982,-3.69831586294477],[-40.36238453977942,-3.698467390168978],[-40.36232318803881,-3.698508772704851],[-40.36218259583045,-3.698773396980722],[-40.36214500230859,-3.698844155922279],[-40.36212571422968,-3.698890562286883],[-40.36212632189931,-3.699288502843005],[-40.36215393307027,-3.699816555564834],[-40.36236423191878,-3.700031658313909],[-40.36243623521554,-3.700024187992337],[-40.36249389962649,-3.700478031895694],[-40.36254101167798,-3.700746161327412],[-40.3625477263624,-3.700769956687449],[-40.36256295150163,-3.700810869883754],[-40.36258293449489,-3.700851678965852],[-40.36270852631336,-3.701067934458417],[-40.36286893517038,-3.701306694683479],[-40.36297139900569,-3.701454982324179],[-40.36303086426379,-3.701541041556539],[-40.36305329453291,-3.701575790944633],[-40.36307001593976,-3.701601696054751],[-40.36311915379527,-3.701701333595115],[-40.36316089360044,-3.701804824599209],[-40.36318225048019,-3.701898016569857],[-40.36325266460742,-3.70225647407513],[-40.36327515725417,-3.702354680293936],[-40.36329578703921,-3.702475723727926],[-40.36332980937338,-3.702638459153092],[-40.36337359963442,-3.702815342351581],[-40.36338531623633,-3.702862669520197],[-40.36344510061267,-3.703104157931395],[-40.36353118313176,-3.703422812151786],[-40.36358039615142,-3.703547300724934],[-40.36359722936072,-3.703584636556311],[-40.36361198195767,-3.703617357613395],[-40.36364215015573,-3.703673520003873],[-40.36370682045403,-3.703782250177751],[-40.36381487296775,-3.703942724926021],[-40.36386982309294,-3.70400671807468],[-40.36390027897591,-3.704042186009594],[-40.36403114234597,-3.704170432002914],[-40.3641215320381,-3.704239674420298],[-40.36420243601662,-3.704289333229937],[-40.36429921645387,-3.704337136001357],[-40.36451500592275,-3.704430678480755],[-40.36458047666335,-3.704464133688108],[-40.36464327844497,-3.704503134502851],[-40.36469340403342,-3.704547926126891],[-40.36472803732325,-3.704593219246292],[-40.36475669691634,-3.704651253363942],[-40.36478493281684,-3.704732421829705],[-40.36475182948721,-3.704753180114269],[-40.36472110004124,-3.704766772488485],[-40.36464051690636,-3.704803752017476],[-40.36462466531616,-3.704811317279777],[-40.36461009137545,-3.704818272776211],[-40.36458986522234,-3.704829857334675],[-40.36389048852999,-3.705156377284539],[-40.36382623959924,-3.705186373328159],[-40.36381070102652,-3.705175786366184],[-40.36376437169724,-3.70514960595495],[-40.3637451528862,-3.705138745525078],[-40.36367675608817,-3.705107329977135],[-40.36365416975595,-3.705099168740555],[-40.36363940169251,-3.705093832519163],[-40.36364788433539,-3.705066541588248],[-40.36364848274229,-3.705064616353197],[-40.36365696177277,-3.705025551887627],[-40.36366287132805,-3.704972470434116],[-40.36366250975178,-3.704919059254126],[-40.3636558820892,-3.704866063457206],[-40.36365496549803,-3.704861117612663],[-40.36364239228399,-3.704810013559645],[-40.36362368086561,-3.704760018207654],[-40.36361151412154,-3.704736414738028],[-40.36359923225749,-3.704712587934303],[-40.36356938752818,-3.704668384412772],[-40.36356653156268,-3.704664649857211],[-40.36356227371816,-3.704659082158305],[-40.3635454107981,-3.704638333763836],[-40.36350826878289,-3.704600115772986],[-40.36346690038673,-3.70456656379856],[-40.36346141326464,-3.704562627559194],[-40.36343019960732,-3.704542142195605],[-40.36340748539772,-3.704528548875095],[-40.36339667165181,-3.704514973722413],[-40.36339545348661,-3.704507707549307],[-40.36338132594394,-3.704436943704976],[-40.3633685683764,-3.704385663756303],[-40.36335838965796,-3.704352305540709],[-40.36334573277588,-3.70431590136903],[-40.36333524049819,-3.704288595710318],[-40.36331522173427,-3.704241130317532],[-40.36331075741467,-3.704229642721175],[-40.3632780572677,-3.704145498621128],[-40.36326577120055,-3.704100871471377],[-40.36325556557185,-3.704063801171507],[-40.3632402533337,-3.704014640239746],[-40.36323943808986,-3.704012353967934],[-40.36323009654738,-3.703986156522347],[-40.36322216988165,-3.70396607031115],[-40.36321415138015,-3.703945751386167],[-40.36317128589619,-3.703848476274951],[-40.36316379118939,-3.70382620986663],[-40.36315774298158,-3.703804008203476],[-40.36315774041935,-3.703803998798091],[-40.36315739675688,-3.703802737287329],[-40.36315417349357,-3.703790905383706],[-40.36314492567666,-3.703765653999797],[-40.36312765469936,-3.703718495180071],[-40.36312592230329,-3.70371477871778],[-40.36311258497398,-3.703686166505539],[-40.3630914495881,-3.703646171135873],[-40.36306896427561,-3.70360832709784],[-40.36306176861469,-3.703596216397115],[-40.36302535864546,-3.703538962434107],[-40.36291826704058,-3.703388218103952],[-40.36291826091897,-3.703388202000462],[-40.36291260981268,-3.703373336222119],[-40.36288271279108,-3.703309940448562],[-40.36285442241144,-3.703263763652595],[-40.36282156069189,-3.703221775349898],[-40.36281537170944,-3.7032147629724],[-40.36281516691287,-3.70321453092928],[-40.3628063552619,-3.703204546957914],[-40.36280488210678,-3.703202877811132],[-40.36277545096496,-3.703172523573742],[-40.36274560632381,-3.703144468915323],[-40.36274528788396,-3.703144169574422],[-40.36271116527927,-3.703078148318667],[-40.36269780061039,-3.703054109108511],[-40.36267534865631,-3.703016464369856],[-40.36258338857739,-3.702874920859037],[-40.36250936591426,-3.702767029204155],[-40.36248532263377,-3.702731984936714],[-40.36247993583765,-3.702724662916412],[-40.36246805435418,-3.702708512970911],[-40.36245573817646,-3.702692855662235],[-40.36244983720045,-3.702685353870248],[-40.36241030831236,-3.702639486878446],[-40.36232363412505,-3.702548285889948],[-40.36228798245001,-3.702512279081319],[-40.36225195654934,-3.702475894313801],[-40.36214753781309,-3.702362390039325],[-40.36213886172888,-3.702352667619709],[-40.36210047937803,-3.702286263800816],[-40.36206798230076,-3.702230041852776],[-40.36206537582043,-3.702224558489544],[-40.36206291693635,-3.702219385629935],[-40.3620589447261,-3.702210011093978],[-40.36205486834751,-3.702200390716386],[-40.36205234495765,-3.702186652021338],[-40.36205098529984,-3.702179249309556],[-40.36204745779377,-3.702166455203773],[-40.36204753532836,-3.702158763260532],[-40.3620475800624,-3.70215432534828],[-40.36204350183866,-3.702105616081796],[-40.36204312379626,-3.702101100838859],[-40.36203245193404,-3.702048775423689],[-40.36203127566976,-3.702044354450064],[-40.36202655075762,-3.70202659593135],[-40.36201938937601,-3.702006842342503],[-40.36200860739023,-3.701977101861544],[-40.36200467909239,-3.701966266243832],[-40.36199944601454,-3.701951831586614],[-40.36199223141586,-3.701936330298846],[-40.36199189171507,-3.701935732802038],[-40.36199173017656,-3.701935448673304],[-40.36196796386623,-3.701893646309436],[-40.36195584562459,-3.701872331633741],[-40.3619433282881,-3.70185611596778],[-40.36192326403462,-3.70183012359667],[-40.36191510993475,-3.701820759297398],[-40.36188370881467,-3.701788154120793],[-40.36184279309332,-3.701754046639302],[-40.36179815975648,-3.701725023509448],[-40.36178823494779,-3.701719375943905],[-40.36177042013599,-3.701710280711604],[-40.36175198715277,-3.701700869875385],[-40.3617418870174,-3.701696981929846],[-40.36169428017044,-3.701584936375548],[-40.36169461912111,-3.701566604769961],[-40.36169278600124,-3.701542429561099],[-40.36169058074496,-3.701513346606618],[-40.36168031991252,-3.701460938274313],[-40.36167415127505,-3.701441750214003],[-40.36166397976812,-3.701410110892315],[-40.36164178826454,-3.701361573524694],[-40.36161405498373,-3.701316003288875],[-40.36158116681757,-3.701274035909452],[-40.3615435825706,-3.701236256849584],[-40.3615002409998,-3.701202205747837],[-40.36145563814711,-3.701174429645004],[-40.36142107946863,-3.701131805583456],[-40.36135870374562,-3.701066158326182],[-40.36130494605692,-3.701009581094889],[-40.36128877762147,-3.700992564636914],[-40.36128045278063,-3.700982203209592],[-40.36122954091058,-3.70092851543765],[-40.36118781660681,-3.700895411366009],[-40.36105108971662,-3.700799537522208],[-40.36103537963633,-3.700789700147916],[-40.36100493878411,-3.700770638623853],[-40.36095598848058,-3.700745499660232],[-40.3608928808738,-3.700717833942826],[-40.36084131249358,-3.700697974349559],[-40.36078106840186,-3.700680465140615],[-40.36069258364946,-3.700661341873793],[-40.36062197339095,-3.700648647105843],[-40.36052829437273,-3.700621170467847],[-40.36048623626382,-3.70060883455891],[-40.3604829812782,-3.700607704341234],[-40.36048027790415,-3.700606765657655],[-40.36047089848196,-3.700602954895751],[-40.3604435661334,-3.700591850044995],[-40.36043817979496,-3.700588387860606],[-40.36041867458311,-3.700576813564382],[-40.36038093869082,-3.700554421270112],[-40.36037157077286,-3.700549369074346],[-40.36034233891837,-3.700533604091865],[-40.36032412547696,-3.70046634659285],[-40.36030294193531,-3.700417356768044],[-40.36029358529943,-3.700398801339507],[-40.3602692786237,-3.70035644616444],[-40.36025742705701,-3.700338156353744],[-40.3602310871333,-3.700301630417731],[-40.3602164422647,-3.700283318871346],[-40.36020378080989,-3.700267487330548],[-40.36019133603371,-3.700235751012919],[-40.36017288393127,-3.700181477450073],[-40.36016235432967,-3.70015355612372],[-40.36013902484924,-3.700105560316565],[-40.36011077508842,-3.700055219687523],[-40.36006857979974,-3.699992835841398],[-40.360057604757,-3.699979210431175],[-40.36002719956377,-3.699945142615429],[-40.35998758623083,-3.69990951723379],[-40.35994406805894,-3.699878832535043],[-40.35993145716161,-3.699871014683602],[-40.35991630511469,-3.699862476485446],[-40.359902775262,-3.699848081786324],[-40.35986749248607,-3.69981439462188],[-40.3598531642803,-3.699802125164542],[-40.35980971015333,-3.699769253271926],[-40.35976811345763,-3.699741577462476],[-40.3597356257804,-3.699719962215041],[-40.35969974534505,-3.699699548392839],[-40.35969642347521,-3.699697658447388],[-40.35967083980432,-3.699670790651203],[-40.35966479201352,-3.699665336785777],[-40.35961993232505,-3.699624882554163],[-40.35961660060766,-3.699622309137987],[-40.35959962378538,-3.699609196252582],[-40.35953781532347,-3.699569077534357],[-40.35940273720376,-3.699496381935326],[-40.35938049408875,-3.69948569622453],[-40.35936559600154,-3.699478539103924],[-40.35930046583094,-3.699450851545578],[-40.35927894044173,-3.699425251493783],[-40.35921809511589,-3.699362093930745],[-40.35915416772029,-3.699295737156026],[-40.35905465998685,-3.699197210323524],[-40.3590340501559,-3.699178064200174],[-40.35901221227177,-3.699161176749699],[-40.35899191928978,-3.699145483986471],[-40.35896488257809,-3.69912702372918],[-40.35894018370579,-3.699111312760793],[-40.3589324399155,-3.699106733870416],[-40.35891447303783,-3.699096110084874],[-40.35884011312903,-3.699055972299448],[-40.35882372965393,-3.699045092841131],[-40.35880403718981,-3.699024166223888],[-40.35880038175078,-3.699020281693388],[-40.35877408162205,-3.698995557837167],[-40.35887053344265,-3.698965822732659],[-40.35889274337951,-3.698958975635909],[-40.35898283107359,-3.698931202513601],[-40.35900003022815,-3.698925900187595],[-40.35900910288058,-3.698923103180154],[-40.35901955014984,-3.698919882392052],[-40.35908407204096,-3.698899990938588],[-40.3590841769774,-3.698899958587738],[-40.3590841834456,-3.698899956593661],[-40.35908530523318,-3.698899610757727],[-40.3590985255637,-3.698895535061464],[-40.35910170665548,-3.698894554362516],[-40.35910248608291,-3.698894314072782],[-40.35910344906711,-3.69889401719433],[-40.3591407084257,-3.698883087326199],[-40.35918464130904,-3.698870199806957],[-40.35935027941223,-3.69882161057287],[-40.35935407000341,-3.698820498618658],[-40.35936567390461,-3.698817094662236],[-40.35937883341887,-3.69881323437299],[-40.35959008432194,-3.698751535029758],[-40.35959352401353,-3.698750530410128],[-40.35991209436895,-3.698657486532122],[-40.36008708681216,-3.69860637696816],[-40.36008732438371,-3.698606307581267],[-40.36008747741467,-3.698606262885911],[-40.36011423133245,-3.69859844893913],[-40.36011688443125,-3.698597674055456],[-40.3601190104955,-3.698597053101398],[-40.36012140058831,-3.698596355033192],[-40.36012901796682,-3.698594130245137],[-40.36013325122438,-3.698592893848528],[-40.36013517860978,-3.698592330922051],[-40.36015807950841,-3.698585642315245],[-40.36019875212011,-3.698573763168171],[-40.36020478791079,-3.698572000309857],[-40.36020954969713,-3.698570609546779],[-40.36022990951165,-3.69856466310612],[-40.36023669129317,-3.698562682367859],[-40.36029373492694,-3.698546021771784],[-40.36048625309771,-3.698489793426849],[-40.3606065434085,-3.698454660486515],[-40.36068956463447,-3.698430412640024],[-40.3607544880223,-3.698411450587856],[-40.36081300896009,-3.698394358482964],[-40.36088115127606,-3.698374456274317],[-40.36115374385996,-3.698294840573315],[-40.36117308362139,-3.698289192035265],[-40.36139133212598,-3.698225448457837],[-40.36169686733657,-3.698136211062029],[-40.36177229379066,-3.698114181307874],[-40.36177530415874,-3.69811330207153],[-40.36177599297829,-3.698113100888424],[-40.36180426725689,-3.698104842836856],[-40.36170090419561,-3.697757991971894],[-40.36220025913534,-3.697604291315357]]]},"properties":{"name":"ZEIS","description":{"@type":"html","value":"<table>\n<tr style=\"background-color:#DDDDFF;\"><td>id</td><td>492</td></tr>\n<tr><td>zona</td><td>Zona Especial de Interesse Social</td></tr>\n<tr style=\"background-color:#DDDDFF;\"><td>sigla</td><td>ZEIS</td></tr>\n<tr><td>zona_sigla</td><td>Zona Especial de Interesse Social - ZEIS 3 / Vazio 5 - Tubiba</td></tr>\n<tr style=\"background-color:#DDDDFF;\"><td>taxa_perm</td><td>25.0</td></tr>\n<tr><td>taxa_ocu</td><td>65</td></tr>\n<tr style=\"background-color:#DDDDFF;\"><td>to_sub</td><td>Não permitido</td></tr>\n<tr><td>indice_apr</td><td>2</td></tr>\n<tr style=\"background-color:#DDDDFF;\"><td>rec_frente</td><td>2,5 m</td></tr>\n<tr><td>rec_fundo</td><td>2 m</td></tr>\n<tr style=\"background-color:#DDDDFF;\"><td>rec_latera</td><td>1,5 m</td></tr>\n<tr><td>area_min_l</td><td>90 m²</td></tr>\n<tr style=\"background-color:#DDDDFF;\"><td>testada_mi</td><td>5 m</td></tr>\n<tr><td>altura_max</td><td>15 m</td></tr>\n<tr style=\"background-color:#DDDDFF;\"><td>subzona</td><td>ZEIS 3</td></tr>\n<tr><td>area_max_l</td><td>22.500 m²</td></tr>\n<tr style=\"background-color:#DDDDFF;\"><td>testada_ma</td><td>150 m</td></tr>\n<tr><td>indice_a_1</td><td>0,2</td></tr>\n</table>"},"styleUrl":"#21","fill-opacity":0.596078431372549,"fill":"#5e3625","stroke-opacity":0,"stroke":"#232323","stroke-width":0.52,"id":"492","zona":"Zona Especial de Interesse Social","sigla":"ZEIS","zona_sigla":"Zona Especial de Interesse Social - ZEIS 3 / Vazio 5 - Tubiba","taxa_perm":"25.0","taxa_ocu":"65","to_sub":"Não permitido","indice_apr":"2","rec_frente":"2,5 m","rec_fundo":"2 m","rec_latera":"1,5 m","area_min_l":"90 m²","testada_mi":"5 m","altura_max":"15 m","subzona":"ZEIS 3","area_max_l":"22.500 m²","testada_ma":"150 m","indice_a_1":"0,2"},"id":"13243"},
{"type":"Feature","geometry":{"type":"Polygon","coordinates":[[[-40.32529205030455,-3.707324449554638],[-40.3252658068018,-3.706805370668822],[-40.32523918192742,-3.706353204903874],[-40.32523464454636,-3.706276147138588],[-40.32543784926228,-3.706229753930831],[-40.32579780076548,-3.706143587578452],[-40.32590116108126,-3.706118844824721],[-40.32593410766973,-3.706252399083015],[-40.32595916758129,-3.706322469073827],[-40.32598457563206,-3.706374214350681],[-40.32603827160776,-3.706447340845025],[-40.32612769740683,-3.706542429775189],[-40.326210621455,-3.70663948841131],[-40.3262860237938,-3.706735598970993],[-40.32637605197383,-3.706859053912542],[-40.32645890675517,-3.706993566844018],[-40.32648247609509,-3.707039958921933],[-40.32651929836077,-3.707112437025381],[-40.32655688903203,-3.707186427579741],[-40.32596290855163,-3.707250966176888],[-40.32579876108494,-3.707266619389272],[-40.32529205030455,-3.707324449554638]]]},"properties":{"name":"ZEIS","description":{"@type":"html","value":"<table>\n<tr style=\"background-color:#DDDDFF;\"><td>id</td><td>532</td></tr>\n<tr><td>zona</td><td>Zona Especial de Interesse Social</td></tr>\n<tr style=\"background-color:#DDDDFF;\"><td>sigla</td><td>ZEIS</td></tr>\n<tr><td>zona_sigla</td><td>Zona Especial de Interesse Social - ZEIS 2 / Conjunto</td></tr>\n<tr style=\"background-color:#DDDDFF;\"><td>taxa_perm</td><td>25.0</td></tr>\n<tr><td>taxa_ocu</td><td>70</td></tr>\n<tr style=\"background-color:#DDDDFF;\"><td>to_sub</td><td>Não permitido</td></tr>\n<tr><td>indice_apr</td><td>1,5</td></tr>\n<tr style=\"background-color:#DDDDFF;\"><td>rec_frente</td><td>1,5 m</td></tr>\n<tr><td>rec_fundo</td><td>2 m</td></tr>\n<tr style=\"background-color:#DDDDFF;\"><td>rec_latera</td><td>1,5 m</td></tr>\n<tr><td>area_min_l</td><td>90 m²</td></tr>\n<tr style=\"background-color:#DDDDFF;\"><td>testada_mi</td><td>5 m</td></tr>\n<tr><td>altura_max</td><td>15 m</td></tr>\n<tr style=\"background-color:#DDDDFF;\"><td>subzona</td><td>ZEIS 2</td></tr>\n<tr><td>area_max_l</td><td>22.500 m²</td></tr>\n<tr style=\"background-color:#DDDDFF;\"><td>testada_ma</td><td>150 m</td></tr>\n<tr><td>indice_a_1</td><td>-</td></tr>\n</table>"},"styleUrl":"#21","fill-opacity":0.596078431372549,"fill":"#5e3625","stroke-opacity":0,"stroke":"#232323","stroke-width":0.52,"id":"532","zona":"Zona Especial de Interesse Social","sigla":"ZEIS","zona_sigla":"Zona Especial de Interesse Social - ZEIS 2 / Conjunto","taxa_perm":"25.0","taxa_ocu":"70","to_sub":"Não permitido","indice_apr":"1,5","rec_frente":"1,5 m","rec_fundo":"2 m","rec_latera":"1,5 m","area_min_l":"90 m²","testada_mi":"5 m","altura_max":"15 m","subzona":"ZEIS 2","area_max_l":"22.500 m²","testada_ma":"150 m","indice_a_1":"-"},"id":"13432"},
{"type":"Feature","geometry":{"type":"Polygon","coordinates":[[[-40.37112698065935,-3.697499034213649],[-40.37111446635393,-3.697503592718582],[-40.37107509258019,-3.697511612687623],[-40.36967140506592,-3.698041055224941],[-40.37005273646282,-3.699054993909898],[-40.37018276116599,-3.699248707845008],[-40.37015329729075,-3.699260778895579],[-40.36999276610661,-3.699337442595102],[-40.36993042000607,-3.699370400090862],[-40.36983134309247,-3.699429011849309],[-40.36968948749194,-3.699525157953134],[-40.36957907130471,-3.699609447010408],[-40.36945071028389,-3.69971986859451],[-40.36937237457262,-3.699794689133404],[-40.36928906697107,-3.699882658824128],[-40.3691472832498,-3.700043895203498],[-40.36905756325775,-3.700152628911121],[-40.3688029811406,-3.700488014597608],[-40.36870528370813,-3.700616721559067],[-40.36823372733171,-3.701259357349912],[-40.36752137757008,-3.702224824672884],[-40.36681994108255,-3.703174751329503],[-40.36675889162055,-3.703257427226806],[-40.36661720203242,-3.703440720809939],[-40.36656353331517,-3.703507695115166],[-40.36651188547096,-3.703572149244702],[-40.36639968064036,-3.703703485234707],[-40.36633802366975,-3.703771651288479],[-40.36626098185106,-3.703850498131823],[-40.36615955013993,-3.703943313761628],[-40.36599306509937,-3.704081136256491],[-40.36588274303271,-3.704164587527785],[-40.36580177971993,-3.704218928379057],[-40.36572090976428,-3.704268988382274],[-40.36558376369437,-3.704346073205691],[-40.36565645868043,-3.704438123235959],[-40.3657143020375,-3.704515123001418],[-40.36578651310406,-3.704607139104997],[-40.36587619889018,-3.704721083187632],[-40.36595750564659,-3.704824381829729],[-40.36607048940135,-3.70496762002073],[-40.36617051674432,-3.705097203758111],[-40.36619381693592,-3.70513228298222],[-40.36627200331901,-3.705240986379466],[-40.36638268672252,-3.705393615155261],[-40.36638474711535,-3.705397576624537],[-40.36642333705312,-3.705471246152822],[-40.36645953516524,-3.705539036038934],[-40.36646797628765,-3.705556518318072],[-40.366541703588,-3.70570921374692],[-40.36662168064316,-3.705883218329895],[-40.36654356868387,-3.705902324115427],[-40.36653659735362,-3.705902924442856],[-40.36653478474824,-3.705903080533106],[-40.3665225859462,-3.705904131017617],[-40.36651790124618,-3.705903728320207],[-40.36651342716885,-3.705903343727929],[-40.36644418508126,-3.705902761597227],[-40.36642413996071,-3.705905347457836],[-40.36641786858156,-3.705906156478176],[-40.36639212107569,-3.705905866513435],[-40.36633723569251,-3.705905248399534],[-40.36631394254947,-3.705908479702696],[-40.36628456800569,-3.705912554637719],[-40.36625799275345,-3.705917864031659],[-40.36624787553245,-3.705919885322326],[-40.36617926105018,-3.705937028369731],[-40.36617758783169,-3.705937446416459],[-40.36617688580225,-3.70593762181561],[-40.36616916627671,-3.705939550507099],[-40.36589069630634,-3.70600912502969],[-40.36583443213723,-3.706027832827107],[-40.36582715800278,-3.706030251471559],[-40.36565632314809,-3.706101608381498],[-40.36557635737876,-3.706117284022187],[-40.3654832568372,-3.706097829387228],[-40.36546571148753,-3.706091229052042],[-40.36542884338554,-3.706079237765179],[-40.36542701691262,-3.706078643707947],[-40.36539873092984,-3.706072621893031],[-40.3653750044849,-3.706067570759603],[-40.36534545054167,-3.706064872130962],[-40.36532205527475,-3.706062735862669],[-40.36521300655158,-3.706059277948258],[-40.36518180854706,-3.706058288662924],[-40.36514988840885,-3.706054381919866],[-40.36511097870262,-3.706049619713657],[-40.36503026656659,-3.706039741251381],[-40.36503018928973,-3.706039731793359],[-40.36495240856639,-3.706030212102929],[-40.36492418929465,-3.70602234721934],[-40.36490760057649,-3.706016269968121],[-40.36489126082476,-3.70601028392463],[-40.36487405337105,-3.705985242271069],[-40.36485979370448,-3.705964490469789],[-40.36481205201838,-3.705906112875507],[-40.3647941482478,-3.70588761291394],[-40.36475962687884,-3.70585194198886],[-40.36470288412262,-3.705802355827684],[-40.36464221971422,-3.705757700417591],[-40.36457805698571,-3.705718287375321],[-40.36451084368071,-3.705684391735335],[-40.36444104883047,-3.705656250030288],[-40.36436915948078,-3.705634058640518],[-40.36435856622895,-3.705631739638876],[-40.36435046147851,-3.705622712150396],[-40.36429771549501,-3.705568687720253],[-40.36426141229373,-3.705534491483766],[-40.3641980468302,-3.705480115310045],[-40.36413678752709,-3.705436287193387],[-40.36407210071265,-3.705397748440369],[-40.36406875613597,-3.705395941096571],[-40.36403612780907,-3.705372876552773],[-40.36403419830969,-3.705371655530052],[-40.36402413032192,-3.705359002301246],[-40.36399765887924,-3.705330902649219],[-40.36398756904937,-3.705320192211775],[-40.36398134599474,-3.705313586387841],[-40.36397243540956,-3.705304127727694],[-40.36396784915712,-3.705299649792511],[-40.36396440079116,-3.705296282869461],[-40.36395998061602,-3.705292177309468],[-40.36393144475972,-3.705265672550743],[-40.36387294309749,-3.705218194018065],[-40.36385368219563,-3.7052050709078],[-40.36382623959924,-3.705186373328159],[-40.36389048852999,-3.705156377284539],[-40.36458986522234,-3.704829857334675],[-40.36461009137545,-3.704818272776211],[-40.36462466531616,-3.704811317279777],[-40.36464051690636,-3.704803752017476],[-40.36472110004124,-3.704766772488485],[-40.36475182948721,-3.704753180114269],[-40.36478493281684,-3.704732421829705],[-40.36475669691634,-3.704651253363942],[-40.36472803732325,-3.704593219246292],[-40.36469340403342,-3.704547926126891],[-40.36464327844497,-3.704503134502851],[-40.36458047666335,-3.704464133688108],[-40.36451500592275,-3.704430678480755],[-40.36429921645387,-3.704337136001357],[-40.36420243601662,-3.704289333229937],[-40.3641215320381,-3.704239674420298],[-40.36403114234597,-3.704170432002914],[-40.36390027897591,-3.704042186009594],[-40.36386982309294,-3.70400671807468],[-40.36381487296775,-3.703942724926021],[-40.36370682045403,-3.703782250177751],[-40.36364215015573,-3.703673520003873],[-40.36361198195767,-3.703617357613395],[-40.36359722936072,-3.703584636556311],[-40.36358039615142,-3.703547300724934],[-40.36353118313176,-3.703422812151786],[-40.36344510061267,-3.703104157931395],[-40.36338531623633,-3.702862669520197],[-40.36337359963442,-3.702815342351581],[-40.36332980937338,-3.702638459153092],[-40.36329578703921,-3.702475723727926],[-40.36327515725417,-3.702354680293936],[-40.36325266460742,-3.70225647407513],[-40.36318225048019,-3.701898016569857],[-40.36316089360044,-3.701804824599209],[-40.36311915379527,-3.701701333595115],[-40.36307001593976,-3.701601696054751],[-40.36305329453291,-3.701575790944633],[-40.36303086426379,-3.701541041556539],[-40.36297139900569,-3.701454982324179],[-40.36286893517038,-3.701306694683479],[-40.36270852631336,-3.701067934458417],[-40.36258293449489,-3.700851678965852],[-40.36256295150163,-3.700810869883754],[-40.3625477263624,-3.700769956687449],[-40.36254101167798,-3.700746161327412],[-40.36249389962649,-3.700478031895694],[-40.36243623521554,-3.700024187992337],[-40.36236423191878,-3.700031658313909],[-40.36215393307027,-3.699816555564834],[-40.36212632189931,-3.699288502843005],[-40.36212571422968,-3.698890562286883],[-40.36214500230859,-3.698844155922279],[-40.36218259583045,-3.698773396980722],[-40.36232318803881,-3.698508772704851],[-40.36238453977942,-3.698467390168978],[-40.36239005129982,-3.69831586294477],[-40.36239312734648,-3.698001631730008],[-40.36239357304727,-3.697956101829474],[-40.36235356776439,-3.697899677963734],[-40.36232282193556,-3.697848412664299],[-40.36231819932716,-3.697842152029841],[-40.36230755786036,-3.697820253887175],[-40.36230080974161,-3.697809313346145],[-40.36228946539128,-3.697786390652925],[-40.36226638643745,-3.697744979423236],[-40.36225513815022,-3.697720111134128],[-40.36224357434901,-3.697690842333909],[-40.36223461814652,-3.697665949710518],[-40.36223021224659,-3.697650081797316],[-40.36222873331867,-3.697640800920985],[-40.36222544815207,-3.697628393470882],[-40.36222416699521,-3.697615972984396],[-40.36222070432054,-3.697602286027451],[-40.36222052870648,-3.697598937789356],[-40.36220025913534,-3.697604291315357],[-40.36177733003013,-3.696652746924141],[-40.36177808127015,-3.696460633984132],[-40.36181928101217,-3.69644007597257],[-40.36187997983137,-3.696441271336373],[-40.36190942012036,-3.696439026409827],[-40.36201414228415,-3.696438761140204],[-40.36217860536288,-3.696433796643076],[-40.3621607329426,-3.696392103249133],[-40.36274610077035,-3.696280633154767],[-40.36344228119979,-3.696155237148945],[-40.36343491077558,-3.696079899788947],[-40.36361603817497,-3.696032691111515],[-40.36393844801436,-3.69596410592405],[-40.36434821131058,-3.695876938151708],[-40.36438683914962,-3.695868720952244],[-40.36449888604817,-3.695843277237742],[-40.36495702801066,-3.695748036837037],[-40.36516715971037,-3.69570805210589],[-40.36536656496013,-3.695668341651198],[-40.36548480929707,-3.695647613950148],[-40.36559836216726,-3.695625055661148],[-40.36655346653146,-3.695449640428764],[-40.36683858553999,-3.695396559045744],[-40.36700598689139,-3.695349456918811],[-40.36714395440661,-3.695305818115547],[-40.36729459020255,-3.695273665054236],[-40.36735563044,-3.695264554392233],[-40.36753485556993,-3.69525187846541],[-40.36767531851051,-3.695234639851103],[-40.36771219268955,-3.695233254231894],[-40.36776328276613,-3.695227495391456],[-40.36779938793322,-3.695226584882221],[-40.36782633185361,-3.695222726506158],[-40.36787128688964,-3.695220140862718],[-40.36801089070381,-3.695219205989962],[-40.36804041178582,-3.695211605588455],[-40.36821946080218,-3.69519626081147],[-40.36844500981361,-3.695172531409502],[-40.3685412985648,-3.695166343557006],[-40.36862238242168,-3.695157156589771],[-40.36879352143774,-3.695113558509473],[-40.36915806942904,-3.695049768973222],[-40.36934606263541,-3.695022138763359],[-40.36967557524968,-3.694963027641674],[-40.36983645979683,-3.694938111910268],[-40.37001661248323,-3.694905845818795],[-40.37013590684438,-3.694880901278058],[-40.37022597750101,-3.694856086995888],[-40.37033052616434,-3.694822316272671],[-40.37042385106272,-3.69478326474106],[-40.37050038202501,-3.69474704115412],[-40.3705542954731,-3.694719712442486],[-40.3706528678138,-3.694664078087045],[-40.37070933754085,-3.694628801755697],[-40.37074643777734,-3.694601714336458],[-40.37078946836954,-3.694569502244645],[-40.3708844760846,-3.694494256198811],[-40.37089666027976,-3.69448332943542],[-40.37089811537033,-3.694482024512902],[-40.37214243066298,-3.69508938505451],[-40.37165855583949,-3.696306305808726],[-40.37215096863924,-3.696435585561118],[-40.37312083554207,-3.696691549514678],[-40.37344562617277,-3.69677558571256],[-40.37340874278399,-3.696787725192921],[-40.37255300955287,-3.697077581282588],[-40.37112698065935,-3.697499034213649]]]},"properties":{"name":"ZEIS","description":{"@type":"html","value":"<table>\n<tr style=\"background-color:#DDDDFF;\"><td>id</td><td>539</td></tr>\n<tr><td>zona</td><td>Zona Especial de Interesse Social</td></tr>\n<tr style=\"background-color:#DDDDFF;\"><td>sigla</td><td>ZEIS</td></tr>\n<tr><td>zona_sigla</td><td>Zona Especial de Interesse Social - ZEIS 1 / Ocupação</td></tr>\n<tr style=\"background-color:#DDDDFF;\"><td>taxa_perm</td><td>15.0</td></tr>\n<tr><td>taxa_ocu</td><td>80</td></tr>\n<tr style=\"background-color:#DDDDFF;\"><td>to_sub</td><td>Não permitido</td></tr>\n<tr><td>indice_apr</td><td>1,5</td></tr>\n<tr style=\"background-color:#DDDDFF;\"><td>rec_frente</td><td>1,5 m</td></tr>\n<tr><td>rec_fundo</td><td>1,5 m</td></tr>\n<tr style=\"background-color:#DDDDFF;\"><td>rec_latera</td><td>0,00 m</td></tr>\n<tr><td>area_min_l</td><td>90 m²</td></tr>\n<tr style=\"background-color:#DDDDFF;\"><td>testada_mi</td><td>5 m</td></tr>\n<tr><td>altura_max</td><td>9 m</td></tr>\n<tr style=\"background-color:#DDDDFF;\"><td>subzona</td><td>ZEIS 1</td></tr>\n<tr><td>area_max_l</td><td>22.500 m²</td></tr>\n<tr style=\"background-color:#DDDDFF;\"><td>testada_ma</td><td>150 m</td></tr>\n<tr><td>indice_a_1</td><td>-</td></tr>\n</table>"},"styleUrl":"#21","fill-opacity":0.596078431372549,"fill":"#5e3625","stroke-opacity":0,"stroke":"#232323","stroke-width":0.52,"id":"539","zona":"Zona Especial de Interesse Social","sigla":"ZEIS","zona_sigla":"Zona Especial de Interesse Social - ZEIS 1 / Ocupação","taxa_perm":"15.0","taxa_ocu":"80","to_sub":"Não permitido","indice_apr":"1,5","rec_frente":"1,5 m","rec_fundo":"1,5 m","rec_latera":"0,00 m","area_min_l":"90 m²","testada_mi":"5 m","altura_max":"9 m","subzona":"ZEIS 1","area_max_l":"22.500 m²","testada_ma":"150 m","indice_a_1":"-"},"id":"13513"},
{"type":"Feature","geometry":{"type":"Polygon","coordinates":[[[-40.33966803957973,-3.657561210296666],[-40.33976069461927,-3.657229700136653],[-40.34050125615773,-3.656993361565152],[-40.34051157614125,-3.657007740167561],[-40.34057053717528,-3.657089889244011],[-40.34057830026831,-3.657107518034749],[-40.34058534061293,-3.657130151623737],[-40.34058947949836,-3.657162120885048],[-40.34059716877784,-3.65719271884381],[-40.34059818017609,-3.657209091633422],[-40.33966803957973,-3.657561210296666]]]},"properties":{"name":"ZEIS","description":{"@type":"html","value":"<table>\n<tr style=\"background-color:#DDDDFF;\"><td>id</td><td>60</td></tr>\n<tr><td>zona</td><td>Zona Especial de Interesse Social</td></tr>\n<tr style=\"background-color:#DDDDFF;\"><td>sigla</td><td>ZEIS</td></tr>\n<tr><td>zona_sigla</td><td>Zona Especial de Interesse Social - ZEIS 3 / Vazio 25 - Nova Januária</td></tr>\n<tr style=\"background-color:#DDDDFF;\"><td>taxa_perm</td><td>25.0</td></tr>\n<tr><td>taxa_ocu</td><td>65</td></tr>\n<tr style=\"background-color:#DDDDFF;\"><td>to_sub</td><td>Não permitido</td></tr>\n<tr><td>indice_apr</td><td>2</td></tr>\n<tr style=\"background-color:#DDDDFF;\"><td>rec_frente</td><td>2,5 m</td></tr>\n<tr><td>rec_fundo</td><td>2 m</td></tr>\n<tr style=\"background-color:#DDDDFF;\"><td>rec_latera</td><td>1,5 m</td></tr>\n<tr><td>area_min_l</td><td>90 m²</td></tr>\n<tr style=\"background-color:#DDDDFF;\"><td>testada_mi</td><td>5 m</td></tr>\n<tr><td>altura_max</td><td>15 m</td></tr>\n<tr style=\"background-color:#DDDDFF;\"><td>subzona</td><td>ZEIS 3</td></tr>\n<tr><td>area_max_l</td><td>22.500 m²</td></tr>\n<tr style=\"background-color:#DDDDFF;\"><td>testada_ma</td><td>150 m</td></tr>\n<tr><td>indice_a_1</td><td>0,2</td></tr>\n</table>"},"styleUrl":"#21","fill-opacity":0.596078431372549,"fill":"#5e3625","stroke-opacity":0,"stroke":"#232323","stroke-width":0.52,"id":"60","zona":"Zona Especial de Interesse Social","sigla":"ZEIS","zona_sigla":"Zona Especial de Interesse Social - ZEIS 3 / Vazio 25 - Nova Januária","taxa_perm":"25.0","taxa_ocu":"65","to_sub":"Não permitido","indice_apr":"2","rec_frente":"2,5 m","rec_fundo":"2 m","rec_latera":"1,5 m","area_min_l":"90 m²","testada_mi":"5 m","altura_max":"15 m","subzona":"ZEIS 3","area_max_l":"22.500 m²","testada_ma":"150 m","indice_a_1":"0,2"},"id":"13567"}
]}
